trial_id,arm_mode,joint_left_shoulder_pitch_target,joint_left_shoulder_roll_target,joint_left_shoulder_yaw_target,joint_left_elbow_target,joint_left_wrist_roll_target,joint_left_wrist_pitch_target,joint_left_wrist_yaw_target,joint_right_shoulder_pitch_target,joint_right_shoulder_roll_target,joint_right_shoulder_yaw_target,joint_right_elbow_target,joint_right_wrist_roll_target,joint_right_wrist_pitch_target,joint_right_wrist_yaw_target,joint_left_shoulder_pitch_kp,joint_left_shoulder_roll_kp,joint_left_shoulder_yaw_kp,joint_left_elbow_kp,joint_left_wrist_roll_kp,joint_left_wrist_pitch_kp,joint_left_wrist_yaw_kp,joint_right_shoulder_pitch_kp,joint_right_shoulder_roll_kp,joint_right_shoulder_yaw_kp,joint_right_elbow_kp,joint_right_wrist_roll_kp,joint_right_wrist_pitch_kp,joint_right_wrist_yaw_kp,joint_left_shoulder_pitch_kd,joint_left_shoulder_roll_kd,joint_left_shoulder_yaw_kd,joint_left_elbow_kd,joint_left_wrist_roll_kd,joint_left_wrist_pitch_kd,joint_left_wrist_yaw_kd,joint_right_shoulder_pitch_kd,joint_right_shoulder_roll_kd,joint_right_shoulder_yaw_kd,joint_right_elbow_kd,joint_right_wrist_roll_kd,joint_right_wrist_pitch_kd,joint_right_wrist_yaw_kd,joint_left_shoulder_pitch_kp_multiplier,joint_left_shoulder_roll_kp_multiplier,joint_left_shoulder_yaw_kp_multiplier,joint_left_elbow_kp_multiplier,joint_left_wrist_roll_kp_multiplier,joint_left_wrist_pitch_kp_multiplier,joint_left_wrist_yaw_kp_multiplier,joint_right_shoulder_pitch_kp_multiplier,joint_right_shoulder_roll_kp_multiplier,joint_right_shoulder_yaw_kp_multiplier,joint_right_elbow_kp_multiplier,joint_right_wrist_roll_kp_multiplier,joint_right_wrist_pitch_kp_multiplier,joint_right_wrist_yaw_kp_multiplier,joint_left_shoulder_pitch_kd_multiplier,joint_left_shoulder_roll_kd_multiplier,joint_left_shoulder_yaw_kd_multiplier,joint_left_elbow_kd_multiplier,joint_left_wrist_roll_kd_multiplier,joint_left_wrist_pitch_kd_multiplier,joint_left_wrist_yaw_kd_multiplier,joint_right_shoulder_pitch_kd_multiplier,joint_right_shoulder_roll_kd_multiplier,joint_right_shoulder_yaw_kd_multiplier,joint_right_elbow_kd_multiplier,joint_right_wrist_roll_kd_multiplier,joint_right_wrist_pitch_kd_multiplier,joint_right_wrist_yaw_kd_multiplier,fell,time_to_fall,max_com_deviation_xy,final_base_height,max_roll_deg,max_pitch_deg
0,both,-1.523093,1.209043,2.778717,2.155608,0.105334,-0.199300,1.008372,-2.032693,-2.170205,2.144397,1.237009,1.525751,0.083939,0.389736,23.9815,22.2412,12.3374,9.8316,13.7431,7.8325,10.6149,42.0766,38.6277,10.2777,15.9326,6.0189,11.5292,14.5535,10.3358,10.2706,3.7535,3.9050,4.4841,3.5238,3.9439,8.1019,7.4638,2.1434,5.8391,1.8090,1.6232,2.2382,0.7994,0.7414,0.8225,0.6554,1.3743,0.7832,1.0615,1.4026,1.2876,0.6852,1.0622,0.6019,1.1529,1.4553,1.2920,1.2838,0.9384,0.9763,1.4947,1.1746,1.3146,1.0127,0.9330,0.5358,1.4598,0.6030,0.5411,0.7461,True,1.7100,0.862199,0.079565,179.7331,89.0713
1,both,-2.831352,1.340346,0.266218,0.340914,-2.716468,-0.359270,-0.293359,-2.854911,-0.760843,-1.836194,0.297556,-0.479836,-0.077136,-1.265782,18.3621,40.8829,7.5185,15.1225,9.8950,8.3309,9.3133,21.8476,24.9221,21.4558,8.2285,9.6077,12.1156,6.5045,10.2446,10.7296,3.0414,3.2900,2.2274,2.9396,3.5498,4.3790,5.1056,5.6753,2.0370,2.0650,1.5939,1.8319,0.6121,1.3628,0.5012,1.0082,0.9895,0.8331,0.9313,0.7283,0.8307,1.4304,0.5486,0.9608,1.2116,0.6505,1.2806,1.3412,0.7603,0.8225,0.7425,0.9799,1.1833,0.5474,0.6382,1.4188,0.5093,0.6883,0.5313,0.6106,True,1.9540,1.110240,0.082336,92.7995,86.2727
2,both,-0.219097,0.533395,0.567432,1.487507,1.882748,-0.458114,0.897558,-0.223949,-2.784830,1.372555,2.583180,-1.285442,0.387384,-0.115678,33.1027,44.5395,12.9230,19.6974,8.1840,12.9921,11.0073,19.9646,36.7555,18.1214,18.5787,8.1715,13.9002,10.9383,5.7308,7.3122,3.2705,2.3124,1.5895,2.5394,1.5571,5.0082,5.1497,4.7724,2.6918,3.0219,4.4753,1.5120,1.1034,1.4846,0.8615,1.3132,0.8184,1.2992,1.1007,0.6655,1.2252,1.2081,1.2386,0.8172,1.3900,1.0938,0.7164,0.9140,0.8176,0.5781,0.5298,0.8465,0.5190,0.6260,0.6437,1.1931,0.6729,1.0073,1.4918,0.5040,True,1.1820,0.823843,0.099665,179.9943,86.6802
3,both,-3.061909,3.373860,0.654902,-0.425862,2.158461,0.351852,0.091949,-0.211360,-2.367352,-2.723553,1.505564,-1.052210,0.151349,0.854063,15.5448,32.8714,10.9692,20.6083,7.5366,11.1077,10.5354,30.4375,15.3741,19.4404,15.3035,9.0796,5.9407,13.8966,7.1693,9.4210,4.9031,4.2678,3.7753,4.4503,2.7578,7.1601,9.4607,2.5975,5.8462,2.0353,2.0986,4.0769,0.5182,1.0957,0.7313,1.3739,0.7537,1.1108,1.0535,1.0146,0.5125,1.2960,1.0202,0.9080,0.5941,1.3897,0.8962,1.1776,1.2258,1.0669,1.2584,1.4834,0.9193,0.8950,1.1826,0.6494,1.4615,0.6784,0.6995,1.3590,True,1.3640,0.940559,0.072797,179.9672,88.1939
4,left_only,1.158265,0.421917,0.003771,2.079334,2.049387,-0.111876,0.043229,0.000000,-0.200000,0.000000,0.400000,0.000000,0.000000,0.000000,37.2515,36.9341,19.2444,16.0490,6.0462,14.0397,13.6557,30.0000,30.0000,15.0000,15.0000,10.0000,10.0000,10.0000,10.3848,4.7989,2.8176,4.9744,1.5694,4.4377,2.6314,8.0000,8.0000,4.0000,4.0000,3.0000,3.0000,3.0000,1.2417,1.2311,1.2830,1.0699,0.6046,1.4040,1.3656,1.0000,1.0000,1.0000,1.0000,1.0000,1.0000,1.0000,1.2981,0.5999,0.7044,1.2436,0.5231,1.4792,0.8771,1.0000,1.0000,1.0000,1.0000,1.0000,1.0000,1.0000,True,1.5780,0.970372,0.081415,179.5328,89.9922
5,right_only,0.000000,0.200000,0.000000,0.400000,0.000000,0.000000,0.000000,0.247962,-0.044981,-0.772448,0.368017,0.756349,0.074915,-0.230784,30.0000,30.0000,15.0000,15.0000,10.0000,10.0000,10.0000,33.0532,43.0614,14.5146,10.4511,8.7721,8.9411,6.3111,8.0000,8.0000,4.0000,4.0000,3.0000,3.0000,3.0000,5.3030,9.4765,3.3579,5.8196,2.2308,1.7968,3.7605,1.0000,1.0000,1.0000,1.0000,1.0000,1.0000,1.0000,1.1018,1.4354,0.9676,0.6967,0.8772,0.8941,0.6311,1.0000,1.0000,1.0000,1.0000,1.0000,1.0000,1.0000,0.6629,1.1846,0.8395,1.4549,0.7436,0.5989,1.2535,False,,0.079166,0.996557,9.2606,14.9546
6,both,1.009680,0.671269,-1.514161,-0.182786,-0.003209,-0.029215,-0.611023,-2.927235,-1.579963,2.429415,1.744904,0.104118,-0.360110,-0.628812,23.8432,37.9441,20.6507,21.0246,14.8457,14.8237,14.5300,31.2709,19.9593,11.2988,9.9047,13.5193,10.8423,12.3513,4.5746,5.1023,3.2179,4.2116,1.7909,4.0374,3.3503,6.3683,6.9700,3.6194,5.0401,3.8171,2.1204,4.3246,0.7948,1.2648,1.3767,1.4016,1.4846,1.4824,1.4530,1.0424,0.6653,0.7533,0.6603,1.3519,1.0842,1.2351,0.5718,0.6378,0.8045,1.0529,0.5970,1.3458,1.1168,0.7960,0.8713,0.9049,1.2600,1.2724,0.7068,1.4415,False,,0.099032,0.998964,10.1226,18.1764
7,left_only,-2.571713,3.007342,-2.090757,0.142549,1.865716,-0.296470,-0.219537,0.000000,-0.200000,0.000000,0.400000,0.000000,0.000000,0.000000,28.4958,22.3578,18.1537,20.2700,13.7458,8.3932,10.3085,30.0000,30.0000,15.0000,15.0000,10.0000,10.0000,10.0000,5.9873,5.9584,2.6450,5.7601,4.1640,3.8321,3.0530,8.0000,8.0000,4.0000,4.0000,3.0000,3.0000,3.0000,0.9499,0.7453,1.2102,1.3513,1.3746,0.8393,1.0309,1.0000,1.0000,1.0000,1.0000,1.0000,1.0000,1.0000,0.7484,0.7448,0.6613,1.4400,1.3880,1.2774,1.0177,1.0000,1.0000,1.0000,1.0000,1.0000,1.0000,1.0000,True,1.4000,0.880206,0.072753,179.9510,89.0248
8,left_only,-0.829237,1.622439,0.382341,0.844746,-2.251092,-0.346261,1.148714,0.000000,-0.200000,0.000000,0.400000,0.000000,0.000000,0.000000,29.4609,43.5962,9.9537,15.8162,7.0772,7.5318,5.3005,30.0000,30.0000,15.0000,15.0000,10.0000,10.0000,10.0000,4.9516,11.3348,3.2861,4.4325,2.8950,2.7014,3.0957,8.0000,8.0000,4.0000,4.0000,3.0000,3.0000,3.0000,0.9820,1.4532,0.6636,1.0544,0.7077,0.7532,0.5301,1.0000,1.0000,1.0000,1.0000,1.0000,1.0000,1.0000,0.6190,1.4168,0.8215,1.1081,0.9650,0.9005,1.0319,1.0000,1.0000,1.0000,1.0000,1.0000,1.0000,1.0000,False,,0.076990,1.000573,10.5634,15.9885
9,both,-2.258105,3.356923,1.979806,2.112869,-0.309946,-0.321089,1.068491,-1.532067,-3.210597,-1.068571,2.331108,0.836802,0.232026,0.745834,21.3586,42.7135,14.0698,17.0852,5.0231,14.9337,7.8090,24.5747,36.7854,14.4165,17.3993,10.9970,9.7278,14.5006,4.4965,7.6661,2.5161,2.6093,3.3968,2.6788,4.2656,6.7417,5.4179,4.7124,5.3840,1.6208,2.8489,4.1775,0.7120,1.4238,0.9380,1.1390,0.5023,1.4934,0.7809,0.8192,1.2262,0.9611,1.1600,1.0997,0.9728,1.4501,0.5621,0.9583,0.6290,0.6523,1.1323,0.8929,1.4219,0.8427,0.6772,1.1781,1.3460,0.5403,0.9496,1.3925,True,2.8680,1.118483,0.084190,100.0098,85.4341
10,right_only,0.000000,0.200000,0.000000,0.400000,0.000000,0.000000,0.000000,0.390704,0.349033,0.003116,1.775782,-1.007714,0.413970,-0.339508,30.0000,30.0000,15.0000,15.0000,10.0000,10.0000,10.0000,37.1553,27.0942,15.9273,18.2967,10.0893,14.0709,9.1930,8.0000,8.0000,4.0000,4.0000,3.0000,3.0000,3.0000,9.1766,6.7389,3.6326,3.7602,1.8774,1.7752,3.5025,1.0000,1.0000,1.0000,1.0000,1.0000,1.0000,1.0000,1.2385,0.9031,1.0618,1.2198,1.0089,1.4071,0.9193,1.0000,1.0000,1.0000,1.0000,1.0000,1.0000,1.0000,1.1471,0.8424,0.9082,0.9401,0.6258,0.5917,1.1675,False,,0.080512,0.995406,11.0549,19.6783
11,both,-0.052511,2.125799,-2.547924,0.398638,-1.870615,0.257290,0.916001,-1.978135,-0.875530,-2.276513,0.186380,-1.951350,-0.200243,0.443831,42.3098,21.0757,15.6312,18.0209,14.5292,11.1006,7.5511,41.2532,33.3068,14.1591,21.5391,13.5398,8.2222,10.4455,9.0038,6.5639,5.9045,3.5987,3.5563,1.5697,2.7002,7.9186,9.0576,3.3364,2.9768,4.2380,4.2716,4.0300,1.4103,0.7025,1.0421,1.2014,1.4529,1.1101,0.7551,1.3751,1.1102,0.9439,1.4359,1.3540,0.8222,1.0445,1.1255,0.8205,1.4761,0.8997,1.1854,0.5232,0.9001,0.9898,1.1322,0.8341,0.7442,1.4127,1.4239,1.3433,True,1.6860,0.900934,0.132342,179.9997,82.6505
12,right_only,0.000000,0.200000,0.000000,0.400000,0.000000,0.000000,0.000000,1.467343,-0.583932,1.325663,2.199497,0.018300,-0.040282,-0.659825,30.0000,30.0000,15.0000,15.0000,10.0000,10.0000,10.0000,34.3446,23.6796,11.3671,16.2894,9.0998,7.1886,13.1606,8.0000,8.0000,4.0000,4.0000,3.0000,3.0000,3.0000,10.8846,5.3416,2.0300,3.3445,3.8925,4.0175,1.9150,1.0000,1.0000,1.0000,1.0000,1.0000,1.0000,1.0000,1.1448,0.7893,0.7578,1.0860,0.9100,0.7189,1.3161,1.0000,1.0000,1.0000,1.0000,1.0000,1.0000,1.0000,1.3606,0.6677,0.5075,0.8361,1.2975,1.3392,0.6383,True,1.4860,0.942940,0.147828,131.8634,84.9470
13,both,0.507122,0.057362,-0.448345,3.174257,-1.900677,-0.320084,-0.196087,-0.221361,0.126365,2.551256,-0.662384,-1.955134,0.268933,-0.582594,41.5455,34.9036,9.1777,19.9879,6.7636,9.2350,10.5218,36.8353,44.2999,12.2749,14.4181,9.2478,5.5142,11.7226,8.0061,9.4893,4.6107,5.9682,4.4983,3.0494,1.7856,6.8267,10.2997,5.3285,5.2849,2.7500,2.4646,3.7465,1.3848,1.1635,0.6118,1.3325,0.6764,0.9235,1.0522,1.2278,1.4767,0.8183,0.9612,0.9248,0.5514,1.1723,1.0008,1.1862,1.1527,1.4920,1.4994,1.0165,0.5952,0.8533,1.2875,1.3321,1.3212,0.9167,0.8215,1.2488,True,1.4860,0.835214,0.072817,176.5142,89.3437
14,left_only,0.634544,1.476953,2.403486,-0.355657,2.053436,-0.373612,-0.880045,0.000000,-0.200000,0.000000,0.400000,0.000000,0.000000,0.000000,31.0152,17.0256,8.2921,7.5078,9.3632,12.7462,5.3484,30.0000,30.0000,15.0000,15.0000,10.0000,10.0000,10.0000,9.2181,10.5850,2.6720,2.5875,4.0824,3.9694,3.1168,8.0000,8.0000,4.0000,4.0000,3.0000,3.0000,3.0000,1.0338,0.5675,0.5528,0.5005,0.9363,1.2746,0.5348,1.0000,1.0000,1.0000,1.0000,1.0000,1.0000,1.0000,1.1523,1.3231,0.6680,0.6469,1.3608,1.3231,1.0389,1.0000,1.0000,1.0000,1.0000,1.0000,1.0000,1.0000,True,1.5140,0.834266,0.118434,179.9863,84.3670
15,right_only,0.000000,0.200000,0.000000,0.400000,0.000000,0.000000,0.000000,0.718431,-3.049382,-0.773290,2.097104,-1.267077,0.233404,0.010614,30.0000,30.0000,15.0000,15.0000,10.0000,10.0000,10.0000,37.5080,28.9404,13.0186,10.7878,7.0838,12.5149,6.1891,8.0000,8.0000,4.0000,4.0000,3.0000,3.0000,3.0000,4.6879,5.4103,2.7014,5.2924,2.6955,4.4712,1.9116,1.0000,1.0000,1.0000,1.0000,1.0000,1.0000,1.0000,1.2503,0.9647,0.8679,0.7192,0.7084,1.2515,0.6189,1.0000,1.0000,1.0000,1.0000,1.0000,1.0000,1.0000,0.5860,0.6763,0.6753,1.3231,0.8985,1.4904,0.6372,True,1.2720,0.855525,0.122207,179.9816,83.8980
16,right_only,0.000000,0.200000,0.000000,0.400000,0.000000,0.000000,0.000000,-0.061827,-1.703802,-0.782154,2.664098,2.869431,0.344895,-0.781556,30.0000,30.0000,15.0000,15.0000,10.0000,10.0000,10.0000,21.6239,34.6822,11.8363,18.5209,10.6642,10.5091,13.2855,8.0000,8.0000,4.0000,4.0000,3.0000,3.0000,3.0000,9.6843,4.2126,2.1978,4.4062,2.9586,2.2806,2.7560,1.0000,1.0000,1.0000,1.0000,1.0000,1.0000,1.0000,0.7208,1.1561,0.7891,1.2347,1.0664,1.0509,1.3285,1.0000,1.0000,1.0000,1.0000,1.0000,1.0000,1.0000,1.2105,0.5266,0.5495,1.1016,0.9862,0.7602,0.9187,False,,0.182042,0.998735,10.2517,16.8516
17,left_only,0.429758,2.744591,0.522135,0.641576,-1.450787,0.020275,-0.470536,0.000000,-0.200000,0.000000,0.400000,0.000000,0.000000,0.000000,31.9229,35.2996,8.4912,7.5160,7.1228,13.9451,11.4629,30.0000,30.0000,15.0000,15.0000,10.0000,10.0000,10.0000,5.3757,11.1221,3.8798,3.9044,4.3066,1.6785,2.1455,8.0000,8.0000,4.0000,4.0000,3.0000,3.0000,3.0000,1.0641,1.1767,0.5661,0.5011,0.7123,1.3945,1.1463,1.0000,1.0000,1.0000,1.0000,1.0000,1.0000,1.0000,0.6720,1.3903,0.9700,0.9761,1.4355,0.5595,0.7152,1.0000,1.0000,1.0000,1.0000,1.0000,1.0000,1.0000,True,1.3820,0.846289,0.092425,179.7090,87.5699
18,left_only,-0.381017,0.358939,1.192918,-0.065799,-2.438856,-0.271039,-0.196256,0.000000,-0.200000,0.000000,0.400000,0.000000,0.000000,0.000000,20.2841,19.0408,20.4042,12.3060,8.6076,5.5527,8.5737,30.0000,30.0000,15.0000,15.0000,10.0000,10.0000,10.0000,6.1185,8.8839,2.8216,5.5535,4.2890,1.7995,1.8222,8.0000,8.0000,4.0000,4.0000,3.0000,3.0000,3.0000,0.6761,0.6347,1.3603,0.8204,0.8608,0.5553,0.8574,1.0000,1.0000,1.0000,1.0000,1.0000,1.0000,1.0000,0.7648,1.1105,0.7054,1.3884,1.4297,0.5998,0.6074,1.0000,1.0000,1.0000,1.0000,1.0000,1.0000,1.0000,False,,0.076873,0.997504,9.3332,12.3697
19,left_only,-2.596812,1.961972,-1.968436,2.570339,1.334604,0.295823,0.066194,0.000000,-0.200000,0.000000,0.400000,0.000000,0.000000,0.000000,44.9003,16.3253,13.5190,12.3590,14.4865,10.7686,13.0619,30.0000,30.0000,15.0000,15.0000,10.0000,10.0000,10.0000,5.3627,11.8291,3.9946,3.9747,4.4127,2.6422,2.6926,8.0000,8.0000,4.0000,4.0000,3.0000,3.0000,3.0000,1.4967,0.5442,0.9013,0.8239,1.4486,1.0769,1.3062,1.0000,1.0000,1.0000,1.0000,1.0000,1.0000,1.0000,0.6703,1.4786,0.9986,0.9937,1.4709,0.8807,0.8975,1.0000,1.0000,1.0000,1.0000,1.0000,1.0000,1.0000,True,1.4520,0.877015,0.093993,179.9953,87.3841
20,both,-0.385815,0.104039,-0.839445,-0.152050,-2.415087,0.338684,0.226901,-1.450651,-1.855230,-0.563287,1.664906,2.588192,0.400321,-0.275610,24.8779,28.5314,16.0190,14.4273,11.5875,10.5440,8.2072,31.8802,37.6662,11.3613,19.9018,14.2750,10.9739,11.6895,6.7658,7.0287,2.3786,2.6643,3.6693,2.6673,2.1436,4.4206,11.5642,3.5699,5.6956,3.2369,1.5139,1.6156,0.8293,0.9510,1.0679,0.9618,1.1588,1.0544,0.8207,1.0627,1.2555,0.7574,1.3268,1.4275,1.0974,1.1689,0.8457,0.8786,0.5946,0.6661,1.2231,0.8891,0.7145,0.5526,1.4455,0.8925,1.4239,1.0790,0.5046,0.5385,False,,0.131656,0.993061,7.5293,13.1032
21,right_only,0.000000,0.200000,0.000000,0.400000,0.000000,0.000000,0.000000,0.064773,-1.273115,-2.859561,2.120490,2.158357,-0.003314,-0.086976,30.0000,30.0000,15.0000,15.0000,10.0000,10.0000,10.0000,15.1642,38.5995,12.4607,20.6815,8.7306,10.6508,7.7034,8.0000,8.0000,4.0000,4.0000,3.0000,3.0000,3.0000,5.2847,10.1993,3.9864,4.1460,4.3962,4.3907,4.0669,1.0000,1.0000,1.0000,1.0000,1.0000,1.0000,1.0000,0.5055,1.2866,0.8307,1.3788,0.8731,1.0651,0.7703,1.0000,1.0000,1.0000,1.0000,1.0000,1.0000,1.0000,0.6606,1.2749,0.9966,1.0365,1.4654,1.4636,1.3556,True,2.4240,1.151322,0.084613,99.1740,79.7773
22,left_only,-2.256360,1.866351,2.319096,0.596536,-2.427629,0.287641,-0.046321,0.000000,-0.200000,0.000000,0.400000,0.000000,0.000000,0.000000,31.9318,44.4643,16.6082,13.8747,8.6998,9.1762,6.1840,30.0000,30.0000,15.0000,15.0000,10.0000,10.0000,10.0000,10.3580,10.7017,3.1376,3.2152,4.1230,1.5719,3.0614,8.0000,8.0000,4.0000,4.0000,3.0000,3.0000,3.0000,1.0644,1.4821,1.1072,0.9250,0.8700,0.9176,0.6184,1.0000,1.0000,1.0000,1.0000,1.0000,1.0000,1.0000,1.2948,1.3377,0.7844,0.8038,1.3743,0.5240,1.0205,1.0000,1.0000,1.0000,1.0000,1.0000,1.0000,1.0000,False,,0.069382,0.997438,14.4873,14.1995
23,right_only,0.000000,0.200000,0.000000,0.400000,0.000000,0.000000,0.000000,-0.956087,-0.791321,-2.083569,1.810206,-0.580012,0.109811,-1.168159,30.0000,30.0000,15.0000,15.0000,10.0000,10.0000,10.0000,28.8518,30.6675,10.7149,9.5944,6.8847,8.4414,5.9681,8.0000,8.0000,4.0000,4.0000,3.0000,3.0000,3.0000,11.5786,7.2400,5.2359,5.8977,1.7422,3.4550,4.1142,1.0000,1.0000,1.0000,1.0000,1.0000,1.0000,1.0000,0.9617,1.0223,0.7143,0.6396,0.6885,0.8441,0.5968,1.0000,1.0000,1.0000,1.0000,1.0000,1.0000,1.0000,1.4473,0.9050,1.3090,1.4744,0.5807,1.1517,1.3714,False,,0.118223,0.999818,7.7800,17.0977
24,both,-0.152756,1.241719,-0.215797,-0.801738,0.069300,0.456527,1.165117,-2.949720,-0.732087,-1.298993,2.779345,-2.490139,0.403184,0.857188,18.5251,16.7947,20.0206,9.8364,10.3490,14.1574,10.6745,43.9312,17.8286,20.5095,18.1177,13.3002,14.7590,13.4215,7.1779,7.5601,2.2525,5.8750,2.4320,2.0681,2.3581,11.5471,5.0155,5.1832,4.1827,3.1305,4.1968,4.4154,0.6175,0.5598,1.3347,0.6558,1.0349,1.4157,1.0674,1.4644,0.5943,1.3673,1.2078,1.3300,1.4759,1.3422,0.8972,0.9450,0.5631,1.4688,0.8107,0.6894,0.7860,1.4434,0.6269,1.2958,1.0457,1.0435,1.3989,1.4718,True,1.7660,0.835728,0.076613,179.7710,88.2906
25,left_only,0.179789,1.445507,-0.072190,0.645590,-0.927190,-0.100356,-1.042027,0.000000,-0.200000,0.000000,0.400000,0.000000,0.000000,0.000000,17.3231,38.3961,14.1911,21.4603,11.1222,5.3518,6.5752,30.0000,30.0000,15.0000,15.0000,10.0000,10.0000,10.0000,5.6466,11.8059,2.8748,4.0630,4.3085,4.4316,2.2091,8.0000,8.0000,4.0000,4.0000,3.0000,3.0000,3.0000,0.5774,1.2799,0.9461,1.4307,1.1122,0.5352,0.6575,1.0000,1.0000,1.0000,1.0000,1.0000,1.0000,1.0000,0.7058,1.4757,0.7187,1.0158,1.4362,1.4772,0.7364,1.0000,1.0000,1.0000,1.0000,1.0000,1.0000,1.0000,True,1.6960,0.829464,0.124797,179.8326,83.7498
26,both,-2.908656,0.200615,-2.300928,-0.144137,0.264962,0.381515,0.094536,-0.191589,-2.636942,1.529309,1.601468,2.227428,0.415180,-0.386332,17.7174,21.7779,14.0676,21.6854,8.7831,12.7077,10.4048,20.0662,43.1001,10.3186,9.1097,9.9765,10.1955,10.0819,5.4625,6.5659,4.6128,4.6914,2.8043,2.1859,3.6657,7.4933,11.9585,3.9451,3.9118,2.7653,1.7005,3.2789,0.5906,0.7259,0.9378,1.4457,0.8783,1.2708,1.0405,0.6689,1.4367,0.6879,0.6073,0.9976,1.0195,1.0082,0.6828,0.8207,1.1532,1.1729,0.9348,0.7286,1.2219,0.9367,1.4948,0.9863,0.9779,0.9218,0.5668,1.0930,True,2.6140,1.118504,0.099760,108.3006,71.3207
27,left_only,-2.066272,2.030162,-2.371774,3.103129,-0.308531,0.366999,-0.062075,0.000000,-0.200000,0.000000,0.400000,0.000000,0.000000,0.000000,16.8099,39.6664,17.2228,19.2264,9.2817,11.3794,13.5623,30.0000,30.0000,15.0000,15.0000,10.0000,10.0000,10.0000,9.0485,6.7814,4.6501,4.6874,4.3818,2.6127,2.7752,8.0000,8.0000,4.0000,4.0000,3.0000,3.0000,3.0000,0.5603,1.3222,1.1482,1.2818,0.9282,1.1379,1.3562,1.0000,1.0000,1.0000,1.0000,1.0000,1.0000,1.0000,1.1311,0.8477,1.1625,1.1719,1.4606,0.8709,0.9251,1.0000,1.0000,1.0000,1.0000,1.0000,1.0000,1.0000,True,1.4920,0.917767,0.072967,179.8486,89.9991
28,both,0.685099,1.531782,1.516369,0.948600,-1.768748,0.226814,-0.936866,-2.204671,-1.030602,1.227020,2.745061,-1.179902,-0.360080,1.158358,19.6327,20.9300,11.8699,15.4409,13.8283,12.6055,12.0816,31.5072,36.1508,8.5490,14.7168,12.8221,12.4799,13.1507,5.4014,6.8615,3.9136,2.5897,2.3203,2.4250,1.8818,7.5859,10.5645,2.9630,3.4432,2.0291,2.9025,2.6762,0.6544,0.6977,0.7913,1.0294,1.3828,1.2605,1.2082,1.0502,1.2050,0.5699,0.9811,1.2822,1.2480,1.3151,0.6752,0.8577,0.9784,0.6474,0.7734,0.8083,0.6273,0.9482,1.3206,0.7408,0.8608,0.6764,0.9675,0.8921,True,1.4700,0.877278,0.098949,179.9916,85.4414
29,right_only,0.000000,0.200000,0.000000,0.400000,0.000000,0.000000,0.000000,-2.005233,-0.558269,-1.230489,0.176682,-1.996072,-0.056590,-0.500470,30.0000,30.0000,15.0000,15.0000,10.0000,10.0000,10.0000,26.0782,22.0799,18.9473,21.4501,9.9793,11.4300,13.6717,8.0000,8.0000,4.0000,4.0000,3.0000,3.0000,3.0000,11.9906,8.9081,5.5591,5.6344,3.8744,2.8828,1.7435,1.0000,1.0000,1.0000,1.0000,1.0000,1.0000,1.0000,0.8693,0.7360,1.2632,1.4300,0.9979,1.1430,1.3672,1.0000,1.0000,1.0000,1.0000,1.0000,1.0000,1.0000,1.4988,1.1135,1.3898,1.4086,1.2915,0.9609,0.5812,False,,0.096562,0.999392,7.3068,16.8279
30,left_only,-3.065556,1.423818,0.142763,0.732407,0.262644,0.048251,0.854997,0.000000,-0.200000,0.000000,0.400000,0.000000,0.000000,0.000000,18.2597,21.7553,19.3951,20.2176,14.9482,13.7291,13.8990,30.0000,30.0000,15.0000,15.0000,10.0000,10.0000,10.0000,6.5148,7.2133,3.0723,4.4252,4.3164,2.5339,3.1710,8.0000,8.0000,4.0000,4.0000,3.0000,3.0000,3.0000,0.6087,0.7252,1.2930,1.3478,1.4948,1.3729,1.3899,1.0000,1.0000,1.0000,1.0000,1.0000,1.0000,1.0000,0.8143,0.9017,0.7681,1.1063,1.4388,0.8446,1.0570,1.0000,1.0000,1.0000,1.0000,1.0000,1.0000,1.0000,False,,0.099851,1.000724,12.8478,16.3732
31,right_only,0.000000,0.200000,0.000000,0.400000,0.000000,0.000000,0.000000,-1.744429,-2.758156,-1.903298,-0.710686,2.717931,-0.089836,0.848667,30.0000,30.0000,15.0000,15.0000,10.0000,10.0000,10.0000,35.4399,20.7576,10.1319,19.6798,7.6471,14.1329,6.4006,8.0000,8.0000,4.0000,4.0000,3.0000,3.0000,3.0000,9.4217,10.5158,2.9410,3.1048,4.3936,2.2938,2.7899,1.0000,1.0000,1.0000,1.0000,1.0000,1.0000,1.0000,1.1813,0.6919,0.6755,1.3120,0.7647,1.4133,0.6401,1.0000,1.0000,1.0000,1.0000,1.0000,1.0000,1.0000,1.1777,1.3145,0.7353,0.7762,1.4645,0.7646,0.9300,False,,0.109138,1.001109,9.7928,15.7450
32,left_only,-1.102852,0.576471,1.738735,2.237738,-0.830888,0.309991,-0.728790,0.000000,-0.200000,0.000000,0.400000,0.000000,0.000000,0.000000,15.1292,32.1350,22.4112,8.0797,7.0800,10.1891,13.0994,30.0000,30.0000,15.0000,15.0000,10.0000,10.0000,10.0000,4.7123,7.1619,4.9883,3.4862,2.0665,2.0865,2.7301,8.0000,8.0000,4.0000,4.0000,3.0000,3.0000,3.0000,0.5043,1.0712,1.4941,0.5386,0.7080,1.0189,1.3099,1.0000,1.0000,1.0000,1.0000,1.0000,1.0000,1.0000,0.5890,0.8952,1.2471,0.8715,0.6888,0.6955,0.9100,1.0000,1.0000,1.0000,1.0000,1.0000,1.0000,1.0000,True,2.0260,0.807484,0.127027,179.9359,83.2058
33,left_only,-0.881946,2.877659,0.981571,1.901360,2.652006,-0.081545,-0.245480,0.000000,-0.200000,0.000000,0.400000,0.000000,0.000000,0.000000,42.7004,22.3763,18.4472,18.8186,5.9779,9.6823,7.0056,30.0000,30.0000,15.0000,15.0000,10.0000,10.0000,10.0000,5.4830,7.7106,3.1577,5.1842,4.2228,3.9082,2.2981,8.0000,8.0000,4.0000,4.0000,3.0000,3.0000,3.0000,1.4233,0.7459,1.2298,1.2546,0.5978,0.9682,0.7006,1.0000,1.0000,1.0000,1.0000,1.0000,1.0000,1.0000,0.6854,0.9638,0.7894,1.2961,1.4076,1.3027,0.7660,1.0000,1.0000,1.0000,1.0000,1.0000,1.0000,1.0000,True,1.2940,0.937700,0.084708,179.7606,88.7349
34,both,-1.848827,0.582873,-1.894334,2.947887,-0.694205,-0.254662,0.880544,-1.259790,-3.267259,-2.091791,1.690104,1.759534,-0.267386,1.060185,40.5299,40.4514,10.9149,8.2580,13.6742,8.0580,11.1892,30.8237,37.3431,19.8076,18.7403,7.8785,6.1784,7.3834,10.0797,5.0263,5.1234,5.7540,3.6851,2.8237,4.1300,8.0230,8.0422,4.3306,3.5804,3.8607,4.2395,2.2402,1.3510,1.3484,0.7277,0.5505,1.3674,0.8058,1.1189,1.0275,1.2448,1.3205,1.2494,0.7879,0.6178,0.7383,1.2600,0.6283,1.2808,1.4385,1.2284,0.9412,1.3767,1.0029,1.0053,1.0826,0.8951,1.2869,1.4132,0.7467,False,,0.096036,0.993771,10.8871,29.8818
35,both,0.329024,2.182734,0.305923,-0.171370,1.570538,0.426079,0.563464,1.183121,0.320220,-1.013873,1.685863,-0.020147,0.450132,-1.031728,27.3712,41.2662,11.7608,19.3169,8.8278,14.7998,13.8353,21.6047,36.3575,15.9528,14.9341,5.5521,8.4828,13.6510,6.4106,10.1615,3.3474,4.4255,3.4754,3.9888,1.5734,4.2471,7.1715,5.7806,2.2035,3.7491,2.2728,4.0998,0.9124,1.3755,0.7841,1.2878,0.8828,1.4800,1.3835,0.7202,1.2119,1.0635,0.9956,0.5552,0.8483,1.3651,0.8013,1.2702,0.8369,1.1064,1.1585,1.3296,0.5245,0.5309,0.8964,1.4451,0.5509,1.2497,0.7576,1.3666,True,1.4140,0.937116,0.089057,161.7679,83.1744
36,left_only,0.373980,2.967966,-1.435706,1.244239,1.478595,-0.235228,-0.683904,0.000000,-0.200000,0.000000,0.400000,0.000000,0.000000,0.000000,15.8155,43.7555,18.1503,17.0334,12.4399,10.3161,9.7613,30.0000,30.0000,15.0000,15.0000,10.0000,10.0000,10.0000,7.5963,9.1235,2.8061,5.5522,3.9353,2.5487,3.2358,8.0000,8.0000,4.0000,4.0000,3.0000,3.0000,3.0000,0.5272,1.4585,1.2100,1.1356,1.2440,1.0316,0.9761,1.0000,1.0000,1.0000,1.0000,1.0000,1.0000,1.0000,0.9495,1.1404,0.7015,1.3881,1.3118,0.8496,1.0786,1.0000,1.0000,1.0000,1.0000,1.0000,1.0000,1.0000,True,1.2920,0.856648,0.081016,179.9324,87.9436
37,both,-2.475761,3.295469,2.459402,2.857437,-1.096741,-0.306050,-0.732099,-2.716094,-2.945982,-2.605703,3.137969,-2.323428,-0.339899,0.831227,32.4072,38.2325,16.9637,20.7326,11.3847,10.2213,12.1275,22.3906,40.2621,12.4530,17.7907,13.5641,5.7774,12.6502,7.5791,6.7685,3.8706,2.6789,3.8897,2.2821,1.9606,6.4613,5.7330,4.7556,5.6392,2.3851,3.2065,2.3695,1.0802,1.2744,1.1309,1.3822,1.1385,1.0221,1.2127,0.7464,1.3421,0.8302,1.1860,1.3564,0.5777,1.2650,0.9474,0.8461,0.9677,0.6697,1.2966,0.7607,0.6535,0.8077,0.7166,1.1889,1.4098,0.7950,1.0688,0.7898,True,1.0360,0.736349,0.079887,81.4597,86.5236
38,left_only,-0.529315,1.970639,0.800602,1.625247,-2.231940,0.179025,0.443866,0.000000,-0.200000,0.000000,0.400000,0.000000,0.000000,0.000000,35.4776,17.2221,14.2026,13.6355,5.8671,7.2237,9.4096,30.0000,30.0000,15.0000,15.0000,10.0000,10.0000,10.0000,9.9433,5.8965,5.3190,4.1832,3.7813,2.9177,2.9976,8.0000,8.0000,4.0000,4.0000,3.0000,3.0000,3.0000,1.1826,0.5741,0.9468,0.9090,0.5867,0.7224,0.9410,1.0000,1.0000,1.0000,1.0000,1.0000,1.0000,1.0000,1.2429,0.7371,1.3297,1.0458,1.2604,0.9726,0.9992,1.0000,1.0000,1.0000,1.0000,1.0000,1.0000,1.0000,True,1.4660,0.833351,0.095140,179.9476,87.0816
39,left_only,-0.221122,3.127729,0.128577,1.233356,0.457503,0.219701,-1.087500,0.000000,-0.200000,0.000000,0.400000,0.000000,0.000000,0.000000,30.4706,29.4477,21.3253,14.9026,9.6832,14.6220,9.5058,30.0000,30.0000,15.0000,15.0000,10.0000,10.0000,10.0000,5.4471,5.7353,2.3808,2.0023,2.7958,3.8077,3.7004,8.0000,8.0000,4.0000,4.0000,3.0000,3.0000,3.0000,1.0157,0.9816,1.4217,0.9935,0.9683,1.4622,0.9506,1.0000,1.0000,1.0000,1.0000,1.0000,1.0000,1.0000,0.6809,0.7169,0.5952,0.5006,0.9319,1.2692,1.2335,1.0000,1.0000,1.0000,1.0000,1.0000,1.0000,1.0000,True,1.3300,0.876963,0.092314,179.9904,87.6007
40,right_only,0.000000,0.200000,0.000000,0.400000,0.000000,0.000000,0.000000,-2.988578,-1.245465,-2.135215,2.936645,-1.785978,0.117141,-0.441355,30.0000,30.0000,15.0000,15.0000,10.0000,10.0000,10.0000,34.2468,27.3678,18.8946,10.9602,14.0579,10.0021,12.5609,8.0000,8.0000,4.0000,4.0000,3.0000,3.0000,3.0000,10.7978,11.9906,2.8958,3.1476,2.2513,2.2886,3.2473,1.0000,1.0000,1.0000,1.0000,1.0000,1.0000,1.0000,1.1416,0.9123,1.2596,0.7307,1.4058,1.0002,1.2561,1.0000,1.0000,1.0000,1.0000,1.0000,1.0000,1.0000,1.3497,1.4988,0.7239,0.7869,0.7504,0.7629,1.0824,False,,0.114379,0.998927,9.5322,19.5848
41,both,1.539491,3.363251,0.326804,1.689182,1.943430,0.400463,-0.752194,-0.650568,-0.251876,-1.290844,0.866411,2.927177,0.448668,1.031511,38.9534,23.0739,12.3128,15.7092,10.6078,10.0550,11.3667,28.3885,21.8360,18.8901,15.8097,5.2116,8.1636,6.7700,7.2666,9.9934,3.3342,3.3227,1.8817,2.0661,4.0516,9.2470,6.2002,2.2598,2.2197,3.2452,1.5652,4.0464,1.2984,0.7691,0.8209,1.0473,1.0608,1.0055,1.1367,0.9463,0.7279,1.2593,1.0540,0.5212,0.8164,0.6770,0.9083,1.2492,0.8335,0.8307,0.6272,0.6887,1.3505,1.1559,0.7750,0.5649,0.5549,1.0817,0.5217,1.3488,True,1.4660,0.835698,0.129457,179.8953,82.9344
42,both,-2.408080,1.912821,-0.138619,0.878977,-2.596448,0.280046,0.998353,-3.088112,-2.724876,2.115137,1.319409,-1.885772,-0.274919,0.406365,36.7445,32.9828,21.7972,14.9110,8.0027,9.7723,8.5967,33.3121,38.2995,19.6578,18.1756,6.0280,9.7502,11.0341,5.7953,4.3677,3.4088,4.8456,1.5553,2.8175,3.4320,5.9645,4.3404,2.8944,3.8196,2.7418,2.0300,3.9732,1.2248,1.0994,1.4531,0.9941,0.8003,0.9772,0.8597,1.1104,1.2766,1.3105,1.2117,0.6028,0.9750,1.1034,0.7244,0.5460,0.8522,1.2114,0.5184,0.9392,1.1440,0.7456,0.5426,0.7236,0.9549,0.9139,0.6767,1.3244,True,1.8440,0.895691,0.076145,179.6521,89.7878
43,both,1.219984,0.381097,2.610678,-0.876234,2.317784,0.418034,-1.239388,0.453821,0.267362,2.126466,3.059033,0.419863,-0.390206,0.888465,33.4148,33.4421,13.7588,16.0776,6.5358,12.3977,5.7502,26.0697,20.2442,10.7937,14.4588,14.4257,12.3415,7.1524,9.8382,10.7918,3.8899,4.0393,2.4366,4.4084,3.6994,10.8765,7.0256,5.4069,2.9668,3.3560,4.2800,2.2737,1.1138,1.1147,0.9173,1.0718,0.6536,1.2398,0.5750,0.8690,0.6748,0.7196,0.9639,1.4426,1.2341,0.7152,1.2298,1.3490,0.9725,1.0098,0.8122,1.4695,1.2331,1.3596,0.8782,1.3517,0.7417,1.1187,1.4267,0.7579,True,1.4360,0.905915,0.079456,179.5887,87.0440
44,right_only,0.000000,0.200000,0.000000,0.400000,0.000000,0.000000,0.000000,0.123684,0.332042,-2.156108,-0.584899,1.133364,-0.148244,-1.089039,30.0000,30.0000,15.0000,15.0000,10.0000,10.0000,10.0000,29.2592,37.6131,11.7768,12.5257,13.4570,10.2007,13.4273,8.0000,8.0000,4.0000,4.0000,3.0000,3.0000,3.0000,7.5711,11.6238,4.6032,2.4636,4.1553,2.9678,1.9249,1.0000,1.0000,1.0000,1.0000,1.0000,1.0000,1.0000,0.9753,1.2538,0.7851,0.8350,1.3457,1.0201,1.3427,1.0000,1.0000,1.0000,1.0000,1.0000,1.0000,1.0000,0.9464,1.4530,1.1508,0.6159,1.3851,0.9893,0.6416,False,,0.109567,0.997650,9.7916,14.0913
45,left_only,-2.420830,2.218878,-2.391398,0.233632,-2.204823,-0.054503,-0.217541,0.000000,-0.200000,0.000000,0.400000,0.000000,0.000000,0.000000,30.6563,23.3891,7.9807,16.7158,8.7372,11.5133,6.0867,30.0000,30.0000,15.0000,15.0000,10.0000,10.0000,10.0000,4.1102,5.9864,3.8262,3.5763,3.9309,2.6335,3.0913,8.0000,8.0000,4.0000,4.0000,3.0000,3.0000,3.0000,1.0219,0.7796,0.5320,1.1144,0.8737,1.1513,0.6087,1.0000,1.0000,1.0000,1.0000,1.0000,1.0000,1.0000,0.5138,0.7483,0.9565,0.8941,1.3103,0.8778,1.0304,1.0000,1.0000,1.0000,1.0000,1.0000,1.0000,1.0000,True,1.6600,0.870602,0.072900,179.9839,89.9925
46,both,-0.344542,-0.297477,0.260806,0.474153,-0.583426,-0.369734,0.718364,1.298724,-3.315824,0.399784,2.204676,-1.109508,0.265989,0.336182,42.8749,44.4301,8.1352,14.1741,10.4699,6.4674,8.3629,29.2463,18.9276,8.2758,21.6812,7.6581,10.0406,5.9070,11.9012,4.1298,3.8100,5.3706,2.4717,2.9394,4.4341,7.3892,11.4408,4.0097,5.8845,2.2765,3.0136,4.0786,1.4292,1.4810,0.5423,0.9449,1.0470,0.6467,0.8363,0.9749,0.6309,0.5517,1.4454,0.7658,1.0041,0.5907,1.4876,0.5162,0.9525,1.3427,0.8239,0.9798,1.4780,0.9237,1.4301,1.0024,1.4711,0.7588,1.0045,1.3595,True,1.3080,0.869063,0.122546,179.9971,83.8644
47,right_only,0.000000,0.200000,0.000000,0.400000,0.000000,0.000000,0.000000,-1.028731,-2.343538,1.840545,0.660244,0.306966,0.440788,-0.796332,30.0000,30.0000,15.0000,15.0000,10.0000,10.0000,10.0000,24.0420,15.9321,13.3776,10.5028,11.8003,6.8132,11.7481,8.0000,8.0000,4.0000,4.0000,3.0000,3.0000,3.0000,6.1078,6.8417,3.3954,4.8670,2.8995,2.5839,4.0579,1.0000,1.0000,1.0000,1.0000,1.0000,1.0000,1.0000,0.8014,0.5311,0.8918,0.7002,1.1800,0.6813,1.1748,1.0000,1.0000,1.0000,1.0000,1.0000,1.0000,1.0000,0.7635,0.8552,0.8489,1.2168,0.9665,0.8613,1.3526,True,1.5320,0.846288,0.075572,160.8882,88.3166
48,right_only,0.000000,0.200000,0.000000,0.400000,0.000000,0.000000,0.000000,-0.446113,-2.591720,2.093518,0.465146,-2.525479,-0.004995,-0.955197,30.0000,30.0000,15.0000,15.0000,10.0000,10.0000,10.0000,22.1540,37.4133,9.4613,19.6042,14.3691,11.0653,12.1036,8.0000,8.0000,4.0000,4.0000,3.0000,3.0000,3.0000,9.7087,11.9425,3.3662,2.6514,3.0575,3.0997,2.0337,1.0000,1.0000,1.0000,1.0000,1.0000,1.0000,1.0000,0.7385,1.2471,0.6308,1.3069,1.4369,1.1065,1.2104,1.0000,1.0000,1.0000,1.0000,1.0000,1.0000,1.0000,1.2136,1.4928,0.8415,0.6629,1.0192,1.0332,0.6779,True,1.3600,0.835124,0.130723,156.0224,83.0416
49,left_only,-0.252255,-0.326609,2.599880,0.142692,-2.782133,-0.362369,-0.659768,0.000000,-0.200000,0.000000,0.400000,0.000000,0.000000,0.000000,23.2172,15.9843,11.6903,10.3941,8.7862,8.8517,8.3901,30.0000,30.0000,15.0000,15.0000,10.0000,10.0000,10.0000,6.6234,4.7179,2.1008,2.8085,3.7699,4.4724,4.2856,8.0000,8.0000,4.0000,4.0000,3.0000,3.0000,3.0000,0.7739,0.5328,0.7794,0.6929,0.8786,0.8852,0.8390,1.0000,1.0000,1.0000,1.0000,1.0000,1.0000,1.0000,0.8279,0.5897,0.5252,0.7021,1.2566,1.4908,1.4285,1.0000,1.0000,1.0000,1.0000,1.0000,1.0000,1.0000,True,2.3220,1.062232,0.077997,107.3469,83.2216
50,right_only,0.000000,0.200000,0.000000,0.400000,0.000000,0.000000,0.000000,-0.765127,-1.389706,-1.226322,2.246370,1.654999,0.318452,1.004582,30.0000,30.0000,15.0000,15.0000,10.0000,10.0000,10.0000,28.0305,38.0063,19.5960,12.1269,14.2924,5.9434,14.9427,8.0000,8.0000,4.0000,4.0000,3.0000,3.0000,3.0000,10.1607,4.7462,4.6249,2.1367,3.8106,3.8977,3.3072,1.0000,1.0000,1.0000,1.0000,1.0000,1.0000,1.0000,0.9343,1.2669,1.3064,0.8085,1.4292,0.5943,1.4943,1.0000,1.0000,1.0000,1.0000,1.0000,1.0000,1.0000,1.2701,0.5933,1.1562,0.5342,1.2702,1.2992,1.1024,False,,0.092929,0.997450,9.5098,18.7663
51,left_only,0.895812,-0.010001,-1.095512,0.760553,-2.765442,-0.047900,-0.596358,0.000000,-0.200000,0.000000,0.400000,0.000000,0.000000,0.000000,26.7821,27.7531,20.6912,11.5551,13.9374,9.2597,8.2781,30.0000,30.0000,15.0000,15.0000,10.0000,10.0000,10.0000,8.0201,7.3419,3.0295,4.0107,1.9554,2.5558,3.1974,8.0000,8.0000,4.0000,4.0000,3.0000,3.0000,3.0000,0.8927,0.9251,1.3794,0.7703,1.3937,0.9260,0.8278,1.0000,1.0000,1.0000,1.0000,1.0000,1.0000,1.0000,1.0025,0.9177,0.7574,1.0027,0.6518,0.8519,1.0658,1.0000,1.0000,1.0000,1.0000,1.0000,1.0000,1.0000,False,,0.065886,0.995369,8.7551,15.6571
52,both,-1.192847,2.734389,-1.204388,3.055157,1.509999,0.432524,0.858867,-2.470690,-1.409981,-2.046222,2.429279,0.614774,-0.218809,1.091181,18.4556,31.9159,18.3156,8.3827,10.9786,13.1590,5.6753,24.6980,32.6290,18.2709,14.1398,6.5629,6.0415,14.9977,8.0979,6.0685,4.6517,2.4747,4.3112,4.1842,2.0579,7.6428,10.9803,3.9295,5.6894,1.7633,1.8421,4.2889,0.6152,1.0639,1.2210,0.5588,1.0979,1.3159,0.5675,0.8233,1.0876,1.2181,0.9427,0.6563,0.6042,1.4998,1.0122,0.7586,1.1629,0.6187,1.4371,1.3947,0.6860,0.9554,1.3725,0.9824,1.4224,0.5878,0.6140,1.4296,True,1.8380,1.044148,0.119815,178.7317,83.4700
53,right_only,0.000000,0.200000,0.000000,0.400000,0.000000,0.000000,0.000000,1.322692,-2.210368,-0.996215,0.918620,-0.352909,-0.286708,1.011873,30.0000,30.0000,15.0000,15.0000,10.0000,10.0000,10.0000,22.5992,36.1582,8.5073,8.0813,11.5373,8.3902,11.5546,8.0000,8.0000,4.0000,4.0000,3.0000,3.0000,3.0000,4.7522,11.5988,4.9941,5.5051,1.9094,2.4605,2.6050,1.0000,1.0000,1.0000,1.0000,1.0000,1.0000,1.0000,0.7533,1.2053,0.5672,0.5388,1.1537,0.8390,1.1555,1.0000,1.0000,1.0000,1.0000,1.0000,1.0000,1.0000,0.5940,1.4499,1.2485,1.3763,0.6365,0.8202,0.8683,True,1.3060,0.847344,0.105486,179.9946,86.5775
54,left_only,-0.609917,0.742163,-2.316224,0.573468,-1.543796,-0.105523,-0.769723,0.000000,-0.200000,0.000000,0.400000,0.000000,0.000000,0.000000,22.8569,33.8086,13.3223,12.6808,10.3391,12.7186,8.7887,30.0000,30.0000,15.0000,15.0000,10.0000,10.0000,10.0000,8.7002,11.7296,4.0879,5.6392,3.8810,1.6762,2.7873,8.0000,8.0000,4.0000,4.0000,3.0000,3.0000,3.0000,0.7619,1.1270,0.8882,0.8454,1.0339,1.2719,0.8789,1.0000,1.0000,1.0000,1.0000,1.0000,1.0000,1.0000,1.0875,1.4662,1.0220,1.4098,1.2937,0.5587,0.9291,1.0000,1.0000,1.0000,1.0000,1.0000,1.0000,1.0000,False,,0.066773,0.999732,10.6321,17.2600
55,right_only,0.000000,0.200000,0.000000,0.400000,0.000000,0.000000,0.000000,0.149080,0.329771,-0.411006,-0.566796,0.487173,-0.345428,0.638860,30.0000,30.0000,15.0000,15.0000,10.0000,10.0000,10.0000,30.2303,36.7029,20.5404,16.9342,11.1244,12.5457,13.4246,8.0000,8.0000,4.0000,4.0000,3.0000,3.0000,3.0000,10.9524,4.2914,4.2248,2.8651,4.0810,3.4452,2.7607,1.0000,1.0000,1.0000,1.0000,1.0000,1.0000,1.0000,1.0077,1.2234,1.3694,1.1289,1.1124,1.2546,1.3425,1.0000,1.0000,1.0000,1.0000,1.0000,1.0000,1.0000,1.3691,0.5364,1.0562,0.7163,1.3603,1.1484,0.9202,False,,0.065399,0.994838,9.4047,13.3908
56,left_only,-2.254029,0.901509,1.330420,-0.105995,-2.470962,0.358927,0.671094,0.000000,-0.200000,0.000000,0.400000,0.000000,0.000000,0.000000,20.9938,23.7693,22.0811,18.1228,11.1052,8.0763,7.9913,30.0000,30.0000,15.0000,15.0000,10.0000,10.0000,10.0000,4.3162,9.8279,2.1727,2.0194,3.6885,4.3466,3.7695,8.0000,8.0000,4.0000,4.0000,3.0000,3.0000,3.0000,0.6998,0.7923,1.4721,1.2082,1.1105,0.8076,0.7991,1.0000,1.0000,1.0000,1.0000,1.0000,1.0000,1.0000,0.5395,1.2285,0.5432,0.5049,1.2295,1.4489,1.2565,1.0000,1.0000,1.0000,1.0000,1.0000,1.0000,1.0000,False,,0.094796,0.999903,11.2941,14.7673
57,right_only,0.000000,0.200000,0.000000,0.400000,0.000000,0.000000,0.000000,-0.918575,-1.562749,-0.537106,0.390778,0.255074,-0.063685,0.249346,30.0000,30.0000,15.0000,15.0000,10.0000,10.0000,10.0000,41.9436,44.8503,8.6811,13.2703,6.8071,8.5212,7.8747,8.0000,8.0000,4.0000,4.0000,3.0000,3.0000,3.0000,5.3963,10.1126,3.9852,5.6770,1.5978,1.7009,2.7098,1.0000,1.0000,1.0000,1.0000,1.0000,1.0000,1.0000,1.3981,1.4950,0.5787,0.8847,0.6807,0.8521,0.7875,1.0000,1.0000,1.0000,1.0000,1.0000,1.0000,1.0000,0.6745,1.2641,0.9963,1.4192,0.5326,0.5670,0.9033,False,,0.113537,0.999900,8.1537,16.0276
58,both,-2.761894,0.613118,2.930789,-0.086997,-1.868842,0.068118,-0.005084,-0.406136,-1.975941,1.677743,-0.377662,-0.282458,0.175530,0.935321,26.0871,32.0324,8.5371,10.0548,5.6914,12.2788,7.8806,40.6089,22.0411,15.7241,13.8937,12.9553,9.8890,10.0066,9.7900,4.5312,5.4502,5.3421,1.7668,1.5713,1.6689,11.9127,5.2010,5.3228,2.2070,2.9329,4.1590,3.4956,0.8696,1.0677,0.5691,0.6703,0.5691,1.2279,0.7881,1.3536,0.7347,1.0483,0.9262,1.2955,0.9889,1.0007,1.2237,0.5664,1.3625,1.3355,0.5889,0.5238,0.5563,1.4891,0.6501,1.3307,0.5517,0.9776,1.3863,1.1652,True,2.8400,1.126672,0.078849,96.6866,83.9906
59,right_only,0.000000,0.200000,0.000000,0.400000,0.000000,0.000000,0.000000,0.087361,-2.404661,-0.636681,0.563980,0.253513,-0.034939,-0.439678,30.0000,30.0000,15.0000,15.0000,10.0000,10.0000,10.0000,24.1644,22.5256,12.9757,9.7491,13.7210,11.0212,6.3379,8.0000,8.0000,4.0000,4.0000,3.0000,3.0000,3.0000,9.5509,10.7813,2.9501,2.6024,1.5259,1.6418,3.7868,1.0000,1.0000,1.0000,1.0000,1.0000,1.0000,1.0000,0.8055,0.7509,0.8650,0.6499,1.3721,1.1021,0.6338,1.0000,1.0000,1.0000,1.0000,1.0000,1.0000,1.0000,1.1939,1.3477,0.7375,0.6506,0.5086,0.5473,1.2623,True,1.3120,0.896230,0.072705,179.5840,89.3219
60,both,1.509648,-0.210352,1.581562,-0.653209,0.400685,0.236870,-0.357621,-3.088498,-1.150184,2.610357,0.113960,-1.658530,-0.347869,0.140349,32.8934,38.7681,18.7961,20.8881,13.0577,7.4727,10.5588,29.6135,18.2186,11.0505,15.4145,5.6737,14.3146,6.2384,6.3793,6.6383,5.7278,4.7276,4.4238,2.7507,3.1123,5.5838,10.1226,2.3877,5.6011,3.6771,1.7059,3.5755,1.0964,1.2923,1.2531,1.3925,1.3058,0.7473,1.0559,0.9871,0.6073,0.7367,1.0276,0.5674,1.4315,0.6238,0.7974,0.8298,1.4319,1.1819,1.4746,0.9169,1.0374,0.6980,1.2653,0.5969,1.4003,1.2257,0.5686,1.1918,False,,0.055079,0.992218,10.7000,17.9597
61,right_only,0.000000,0.200000,0.000000,0.400000,0.000000,0.000000,0.000000,-0.165030,-0.537219,1.685882,2.016788,0.626375,-0.164221,0.501075,30.0000,30.0000,15.0000,15.0000,10.0000,10.0000,10.0000,43.7091,32.6257,17.4652,14.0569,12.5612,14.9767,6.6039,8.0000,8.0000,4.0000,4.0000,3.0000,3.0000,3.0000,5.6192,8.3155,3.9255,4.2863,1.6472,2.7128,3.2489,1.0000,1.0000,1.0000,1.0000,1.0000,1.0000,1.0000,1.4570,1.0875,1.1643,0.9371,1.2561,1.4977,0.6604,1.0000,1.0000,1.0000,1.0000,1.0000,1.0000,1.0000,0.7024,1.0394,0.9814,1.0716,0.5491,0.9043,1.0830,False,,0.070741,0.999998,11.1198,16.6455
62,right_only,0.000000,0.200000,0.000000,0.400000,0.000000,0.000000,0.000000,-0.383749,-0.915278,1.073625,1.699590,1.801801,0.115404,0.095269,30.0000,30.0000,15.0000,15.0000,10.0000,10.0000,10.0000,33.1859,18.0358,11.5973,15.4110,13.7299,11.7905,5.9041,8.0000,8.0000,4.0000,4.0000,3.0000,3.0000,3.0000,8.7382,5.7739,4.9361,5.3098,3.2804,3.2741,2.5158,1.0000,1.0000,1.0000,1.0000,1.0000,1.0000,1.0000,1.1062,0.6012,0.7732,1.0274,1.3730,1.1791,0.5904,1.0000,1.0000,1.0000,1.0000,1.0000,1.0000,1.0000,1.0923,0.7217,1.2340,1.3274,1.0935,1.0914,0.8386,False,,0.084365,0.999540,10.0244,15.2756
63,right_only,0.000000,0.200000,0.000000,0.400000,0.000000,0.000000,0.000000,-1.038162,-0.133670,1.091226,1.196583,-0.628981,-0.415899,-0.906761,30.0000,30.0000,15.0000,15.0000,10.0000,10.0000,10.0000,20.7908,26.2015,21.6622,15.0773,7.3484,6.0575,8.3831,8.0000,8.0000,4.0000,4.0000,3.0000,3.0000,3.0000,10.5258,7.0667,5.0900,5.2108,1.8325,3.3260,4.3773,1.0000,1.0000,1.0000,1.0000,1.0000,1.0000,1.0000,0.6930,0.8734,1.4441,1.0052,0.7348,0.6058,0.8383,1.0000,1.0000,1.0000,1.0000,1.0000,1.0000,1.0000,1.3157,0.8833,1.2725,1.3027,0.6108,1.1087,1.4591,False,,0.088073,1.000920,10.0567,13.6434
64,left_only,-1.245930,-0.187431,2.575126,2.699542,-0.002465,0.048334,-0.732178,0.000000,-0.200000,0.000000,0.400000,0.000000,0.000000,0.000000,39.5835,29.9580,8.0082,17.7452,14.5050,13.2915,7.7720,30.0000,30.0000,15.0000,15.0000,10.0000,10.0000,10.0000,4.4266,11.5228,5.7483,4.1297,3.4270,2.8878,2.7593,8.0000,8.0000,4.0000,4.0000,3.0000,3.0000,3.0000,1.3195,0.9986,0.5339,1.1830,1.4505,1.3292,0.7772,1.0000,1.0000,1.0000,1.0000,1.0000,1.0000,1.0000,0.5533,1.4404,1.4371,1.0324,1.1423,0.9626,0.9198,1.0000,1.0000,1.0000,1.0000,1.0000,1.0000,1.0000,False,,0.092005,0.999176,11.1620,14.0499
65,both,-2.577398,-0.014274,-1.340409,2.505326,-2.170006,-0.252804,0.123480,-2.126732,-2.783079,0.184003,0.570225,0.856677,0.381290,-0.886477,42.4030,42.0747,19.9363,16.9693,11.2015,11.3921,11.9050,30.2157,28.1097,12.5958,11.2474,10.2754,8.7528,14.6993,4.1319,11.6647,4.3424,5.1259,2.6318,1.5372,3.0292,5.3834,6.5573,3.1758,4.1732,2.9978,3.4312,4.3500,1.4134,1.4025,1.3291,1.1313,1.1201,1.1392,1.1905,1.0072,0.9370,0.8397,0.7498,1.0275,0.8753,1.4699,0.5165,1.4581,1.0856,1.2815,0.8773,0.5124,1.0097,0.6729,0.8197,0.7940,1.0433,0.9993,1.1437,1.4500,False,,0.099187,0.993109,7.7296,12.9480
66,left_only,-1.796609,2.238677,-2.518022,0.133664,-0.338974,-0.433830,0.298880,0.000000,-0.200000,0.000000,0.400000,0.000000,0.000000,0.000000,35.3493,37.4020,15.2486,16.5592,8.9607,5.4125,5.9995,30.0000,30.0000,15.0000,15.0000,10.0000,10.0000,10.0000,9.2400,11.9644,2.0632,4.2303,3.7530,3.9803,3.1356,8.0000,8.0000,4.0000,4.0000,3.0000,3.0000,3.0000,1.1783,1.2467,1.0166,1.1039,0.8961,0.5413,0.6000,1.0000,1.0000,1.0000,1.0000,1.0000,1.0000,1.0000,1.1550,1.4956,0.5158,1.0576,1.2510,1.3268,1.0452,1.0000,1.0000,1.0000,1.0000,1.0000,1.0000,1.0000,True,1.7580,0.864591,0.125929,179.5790,82.7522
67,both,-0.220196,2.253620,2.210339,-0.444944,2.324810,-0.438434,0.853947,-2.778553,-2.664305,-2.987920,0.888910,-0.824091,-0.308957,-0.124231,27.0711,38.0298,20.8970,17.2885,6.2441,7.9539,14.1332,37.6038,15.9474,9.6624,16.7130,7.3255,11.6605,8.5122,4.7099,7.2548,5.7700,5.8027,2.7336,3.5022,2.8702,11.0932,10.5541,3.9714,5.0916,2.3134,2.9828,2.0924,0.9024,1.2677,1.3931,1.1526,0.6244,0.7954,1.4133,1.2535,0.5316,0.6442,1.1142,0.7326,1.1661,0.8512,0.5887,0.9069,1.4425,1.4507,0.9112,1.1674,0.9567,1.3866,1.3193,0.9928,1.2729,0.7711,0.9943,0.6975,True,2.0420,1.518914,0.081994,91.1584,87.5176
68,left_only,0.914774,2.731196,2.455189,2.673980,2.517274,-0.251289,1.096834,0.000000,-0.200000,0.000000,0.400000,0.000000,0.000000,0.000000,32.1364,27.6749,15.9056,12.6390,7.8855,7.4131,5.8243,30.0000,30.0000,15.0000,15.0000,10.0000,10.0000,10.0000,7.9725,11.1021,4.5206,4.0839,2.7858,2.8932,2.1278,8.0000,8.0000,4.0000,4.0000,3.0000,3.0000,3.0000,1.0712,0.9225,1.0604,0.8426,0.7886,0.7413,0.5824,1.0000,1.0000,1.0000,1.0000,1.0000,1.0000,1.0000,0.9966,1.3878,1.1302,1.0210,0.9286,0.9644,0.7093,1.0000,1.0000,1.0000,1.0000,1.0000,1.0000,1.0000,True,1.3220,0.866436,0.096462,179.8546,86.9419
69,right_only,0.000000,0.200000,0.000000,0.400000,0.000000,0.000000,0.000000,0.736028,-2.650112,1.053251,2.188738,0.561246,0.335707,-0.530732,30.0000,30.0000,15.0000,15.0000,10.0000,10.0000,10.0000,41.4485,36.8823,19.4812,17.4687,13.4634,14.9310,9.2016,8.0000,8.0000,4.0000,4.0000,3.0000,3.0000,3.0000,10.5113,9.9566,3.8115,5.7078,2.6833,3.1964,1.8178,1.0000,1.0000,1.0000,1.0000,1.0000,1.0000,1.0000,1.3816,1.2294,1.2987,1.1646,1.3463,1.4931,0.9202,1.0000,1.0000,1.0000,1.0000,1.0000,1.0000,1.0000,1.3139,1.2446,0.9529,1.4269,0.8944,1.0655,0.6059,True,1.2580,0.834232,0.095124,179.9940,87.2191
70,right_only,0.000000,0.200000,0.000000,0.400000,0.000000,0.000000,0.000000,-2.076599,-0.222168,-0.761546,0.677567,-1.333149,-0.007760,0.776775,30.0000,30.0000,15.0000,15.0000,10.0000,10.0000,10.0000,41.8549,17.1034,16.1223,14.5091,11.1428,9.4728,8.9864,8.0000,8.0000,4.0000,4.0000,3.0000,3.0000,3.0000,7.7750,8.6560,4.0039,3.8886,3.9535,3.7369,2.5241,1.0000,1.0000,1.0000,1.0000,1.0000,1.0000,1.0000,1.3952,0.5701,1.0748,0.9673,1.1143,0.9473,0.8986,1.0000,1.0000,1.0000,1.0000,1.0000,1.0000,1.0000,0.9719,1.0820,1.0010,0.9721,1.3178,1.2456,0.8414,False,,0.070732,0.999424,8.1221,15.4496
71,left_only,0.630718,2.846800,-1.789699,1.456479,-1.366603,0.221234,-0.663485,0.000000,-0.200000,0.000000,0.400000,0.000000,0.000000,0.000000,35.1421,22.6537,15.1672,21.7297,8.8131,13.7574,14.8694,30.0000,30.0000,15.0000,15.0000,10.0000,10.0000,10.0000,10.9988,5.3269,5.2786,2.1286,2.6799,4.1122,3.5663,8.0000,8.0000,4.0000,4.0000,3.0000,3.0000,3.0000,1.1714,0.7551,1.0111,1.4486,0.8813,1.3757,1.4869,1.0000,1.0000,1.0000,1.0000,1.0000,1.0000,1.0000,1.3749,0.6659,1.3197,0.5321,0.8933,1.3707,1.1888,1.0000,1.0000,1.0000,1.0000,1.0000,1.0000,1.0000,True,1.2860,0.831590,0.096934,179.9184,86.6238
72,right_only,0.000000,0.200000,0.000000,0.400000,0.000000,0.000000,0.000000,-0.630793,-1.933874,1.595724,1.980476,-0.051985,0.363048,-0.685932,30.0000,30.0000,15.0000,15.0000,10.0000,10.0000,10.0000,20.1117,34.2841,22.0799,11.2088,7.4967,6.3950,13.6056,8.0000,8.0000,4.0000,4.0000,3.0000,3.0000,3.0000,5.8112,8.0254,5.9635,2.0486,3.1695,3.0369,3.9223,1.0000,1.0000,1.0000,1.0000,1.0000,1.0000,1.0000,0.6704,1.1428,1.4720,0.7473,0.7497,0.6395,1.3606,1.0000,1.0000,1.0000,1.0000,1.0000,1.0000,1.0000,0.7264,1.0032,1.4909,0.5121,1.0565,1.0123,1.3074,True,1.7980,0.828776,0.090303,179.7660,87.3851
73,both,-1.466624,1.171090,-1.707792,2.109567,1.509923,-0.336086,-0.270619,1.065583,-3.389767,-1.316036,1.342325,-0.825619,-0.210858,-0.101505,20.4457,30.8888,18.1004,16.1294,5.9311,13.4441,6.7498,21.7589,36.7204,20.0608,8.7118,13.8208,12.9752,13.6968,10.1185,6.8845,5.1310,2.8251,2.0600,2.9911,1.5988,9.5874,9.3932,4.1004,4.6111,4.2573,1.8016,2.4473,0.6815,1.0296,1.2067,1.0753,0.5931,1.3444,0.6750,0.7253,1.2240,1.3374,0.5808,1.3821,1.2975,1.3697,1.2648,0.8606,1.2828,0.7063,0.6867,0.9970,0.5329,1.1984,1.1742,1.0251,1.1528,1.4191,0.6005,0.8158,True,1.2800,0.866190,0.077001,179.8811,87.8333
74,right_only,0.000000,0.200000,0.000000,0.400000,0.000000,0.000000,0.000000,-2.798737,0.171364,-0.485345,1.839173,2.094851,0.454175,-0.859073,30.0000,30.0000,15.0000,15.0000,10.0000,10.0000,10.0000,38.9854,41.6227,8.2331,18.8114,8.5473,11.4860,10.1405,8.0000,8.0000,4.0000,4.0000,3.0000,3.0000,3.0000,6.0779,5.0818,2.4678,2.4133,3.4134,2.5542,2.1499,1.0000,1.0000,1.0000,1.0000,1.0000,1.0000,1.0000,1.2995,1.3874,0.5489,1.2541,0.8547,1.1486,1.0140,1.0000,1.0000,1.0000,1.0000,1.0000,1.0000,1.0000,0.7597,0.6352,0.6169,0.6033,1.1378,0.8514,0.7166,False,,0.085775,0.998235,9.5954,12.3904
75,right_only,0.000000,0.200000,0.000000,0.400000,0.000000,0.000000,0.000000,0.118779,-0.803709,0.047084,2.911376,-0.530014,0.310673,-1.079146,30.0000,30.0000,15.0000,15.0000,10.0000,10.0000,10.0000,37.1949,44.6534,20.1990,16.1950,11.2677,8.5329,11.7949,8.0000,8.0000,4.0000,4.0000,3.0000,3.0000,3.0000,10.1632,11.9858,3.9699,2.2452,3.2876,1.8571,2.2343,1.0000,1.0000,1.0000,1.0000,1.0000,1.0000,1.0000,1.2398,1.4884,1.3466,1.0797,1.1268,0.8533,1.1795,1.0000,1.0000,1.0000,1.0000,1.0000,1.0000,1.0000,1.2704,1.4982,0.9925,0.5613,1.0959,0.6190,0.7448,True,1.4180,0.821866,0.102257,151.2974,86.5773
76,right_only,0.000000,0.200000,0.000000,0.400000,0.000000,0.000000,0.000000,-1.591447,-0.636707,-1.967808,-0.265440,-2.491006,0.345247,0.491504,30.0000,30.0000,15.0000,15.0000,10.0000,10.0000,10.0000,16.1984,15.8488,15.8801,11.7380,10.9673,9.3460,14.2331,8.0000,8.0000,4.0000,4.0000,3.0000,3.0000,3.0000,6.3025,9.4332,2.2162,5.8234,4.4423,3.7172,2.8956,1.0000,1.0000,1.0000,1.0000,1.0000,1.0000,1.0000,0.5399,0.5283,1.0587,0.7825,1.0967,0.9346,1.4233,1.0000,1.0000,1.0000,1.0000,1.0000,1.0000,1.0000,0.7878,1.1791,0.5541,1.4559,1.4808,1.2391,0.9652,False,,0.127942,0.999862,5.8919,19.8153
77,right_only,0.000000,0.200000,0.000000,0.400000,0.000000,0.000000,0.000000,-2.103831,-0.328688,1.165128,-0.033330,-0.151000,-0.034411,0.829083,30.0000,30.0000,15.0000,15.0000,10.0000,10.0000,10.0000,35.5153,34.2950,17.2474,11.5571,8.7171,5.4566,12.8694,8.0000,8.0000,4.0000,4.0000,3.0000,3.0000,3.0000,7.4640,7.5059,2.9814,2.8377,3.2635,2.1977,1.6926,1.0000,1.0000,1.0000,1.0000,1.0000,1.0000,1.0000,1.1838,1.1432,1.1498,0.7705,0.8717,0.5457,1.2869,1.0000,1.0000,1.0000,1.0000,1.0000,1.0000,1.0000,0.9330,0.9382,0.7454,0.7094,1.0878,0.7326,0.5642,False,,0.080979,0.999641,9.4627,13.6160
78,both,0.474960,1.043054,-0.504064,0.831345,1.684658,-0.165726,0.655412,1.285256,-0.901918,-0.562368,2.138372,-0.112511,-0.079155,0.064219,24.5317,18.1275,13.7228,9.3579,9.1044,10.5693,14.3071,23.2371,27.0392,15.4356,7.5148,6.6187,5.9357,10.4967,4.2898,8.9717,3.8309,2.0810,2.2486,1.8555,2.1504,6.6326,8.3872,2.8873,2.0969,4.3241,1.8249,1.8806,0.8177,0.6043,0.9149,0.6239,0.9104,1.0569,1.4307,0.7746,0.9013,1.0290,0.5010,0.6619,0.5936,1.0497,0.5362,1.1215,0.9577,0.5203,0.7495,0.6185,0.7168,0.8291,1.0484,0.7218,0.5242,1.4414,0.6083,0.6269,True,1.1580,0.895424,0.084172,168.4602,84.8285
79,right_only,0.000000,0.200000,0.000000,0.400000,0.000000,0.000000,0.000000,-2.449764,0.309225,0.492134,1.570498,2.933382,-0.380694,1.205232,30.0000,30.0000,15.0000,15.0000,10.0000,10.0000,10.0000,21.1204,33.6921,13.8013,13.2593,14.3124,6.4923,14.9707,8.0000,8.0000,4.0000,4.0000,3.0000,3.0000,3.0000,7.0330,9.1902,5.8716,2.2304,4.2686,3.2034,3.6132,1.0000,1.0000,1.0000,1.0000,1.0000,1.0000,1.0000,0.7040,1.1231,0.9201,0.8840,1.4312,0.6492,1.4971,1.0000,1.0000,1.0000,1.0000,1.0000,1.0000,1.0000,0.8791,1.1488,1.4679,0.5576,1.4229,1.0678,1.2044,True,2.7140,1.109171,0.228400,88.0855,70.1935
80,right_only,0.000000,0.200000,0.000000,0.400000,0.000000,0.000000,0.000000,-2.437343,-1.383795,0.808823,0.934301,-1.857285,-0.236690,0.900158,30.0000,30.0000,15.0000,15.0000,10.0000,10.0000,10.0000,16.0341,36.2659,22.4909,7.6122,6.6105,11.7414,5.5999,8.0000,8.0000,4.0000,4.0000,3.0000,3.0000,3.0000,8.7183,9.4720,4.3526,3.4607,3.5918,3.2829,2.1229,1.0000,1.0000,1.0000,1.0000,1.0000,1.0000,1.0000,0.5345,1.2089,1.4994,0.5075,0.6610,1.1741,0.5600,1.0000,1.0000,1.0000,1.0000,1.0000,1.0000,1.0000,1.0898,1.1840,1.0881,0.8652,1.1973,1.0943,0.7076,True,1.7300,0.841354,0.072678,179.8807,89.0379
81,right_only,0.000000,0.200000,0.000000,0.400000,0.000000,0.000000,0.000000,-0.487632,-0.066391,0.770945,0.998499,-0.897676,-0.383055,-0.648647,30.0000,30.0000,15.0000,15.0000,10.0000,10.0000,10.0000,15.3356,44.5988,10.8372,19.7231,6.6864,7.8360,9.1828,8.0000,8.0000,4.0000,4.0000,3.0000,3.0000,3.0000,6.5952,10.3868,5.8308,5.5012,1.9607,3.8301,1.9438,1.0000,1.0000,1.0000,1.0000,1.0000,1.0000,1.0000,0.5112,1.4866,0.7225,1.3149,0.6686,0.7836,0.9183,1.0000,1.0000,1.0000,1.0000,1.0000,1.0000,1.0000,0.8244,1.2984,1.4577,1.3753,0.6536,1.2767,0.6479,False,,0.084247,0.999118,9.9027,14.3274
82,right_only,0.000000,0.200000,0.000000,0.400000,0.000000,0.000000,0.000000,1.162025,-1.442419,-1.102719,-0.301485,-2.681980,-0.233149,1.051611,30.0000,30.0000,15.0000,15.0000,10.0000,10.0000,10.0000,38.9179,44.0938,9.0114,16.3827,7.5715,10.4294,8.2045,8.0000,8.0000,4.0000,4.0000,3.0000,3.0000,3.0000,6.2677,8.5908,2.7333,3.8765,3.4524,1.8845,4.2918,1.0000,1.0000,1.0000,1.0000,1.0000,1.0000,1.0000,1.2973,1.4698,0.6008,1.0922,0.7572,1.0429,0.8205,1.0000,1.0000,1.0000,1.0000,1.0000,1.0000,1.0000,0.7835,1.0738,0.6833,0.9691,1.1508,0.6282,1.4306,True,1.4220,0.830489,0.128793,152.5468,81.6381
83,both,-0.758037,2.717816,1.047644,1.982304,1.114914,0.346967,0.288558,-1.829597,-3.023854,0.427441,-0.675963,-1.360150,-0.406346,0.124174,19.8101,33.3122,19.3630,19.8282,8.0954,10.4895,10.6301,22.3456,37.3703,8.7672,19.1163,10.8999,6.1075,5.7951,7.7831,9.2409,2.8403,5.9170,1.7942,3.9877,3.2823,10.0067,6.3435,5.5572,5.0483,3.5946,2.3358,3.6268,0.6603,1.1104,1.2909,1.3219,0.8095,1.0490,1.0630,0.7449,1.2457,0.5845,1.2744,1.0900,0.6108,0.5795,0.9729,1.1551,0.7101,1.4792,0.5981,1.3292,1.0941,1.2508,0.7929,1.3893,1.2621,1.1982,0.7786,1.2089,True,1.3480,1.076517,0.082713,142.2754,87.6057
84,right_only,0.000000,0.200000,0.000000,0.400000,0.000000,0.000000,0.000000,1.325776,-3.053904,-1.160658,0.019196,-0.484879,0.224158,-0.065424,30.0000,30.0000,15.0000,15.0000,10.0000,10.0000,10.0000,32.1219,24.4246,9.6193,11.5040,13.5968,11.0242,8.7799,8.0000,8.0000,4.0000,4.0000,3.0000,3.0000,3.0000,10.3192,4.5157,3.0156,2.9204,4.4561,3.6183,3.3534,1.0000,1.0000,1.0000,1.0000,1.0000,1.0000,1.0000,1.0707,0.8142,0.6413,0.7669,1.3597,1.1024,0.8780,1.0000,1.0000,1.0000,1.0000,1.0000,1.0000,1.0000,1.2899,0.5645,0.7539,0.7301,1.4854,1.2061,1.1178,True,1.2360,0.847979,0.108437,179.9843,85.6242
85,right_only,0.000000,0.200000,0.000000,0.400000,0.000000,0.000000,0.000000,-3.116521,-2.703308,0.593519,0.618241,2.573855,0.244870,-0.133644,30.0000,30.0000,15.0000,15.0000,10.0000,10.0000,10.0000,37.4854,44.2621,14.4147,17.1379,14.1866,7.4867,13.8656,8.0000,8.0000,4.0000,4.0000,3.0000,3.0000,3.0000,4.7804,9.1876,5.1314,4.4584,2.9866,3.3520,1.9550,1.0000,1.0000,1.0000,1.0000,1.0000,1.0000,1.0000,1.2495,1.4754,0.9610,1.1425,1.4187,0.7487,1.3866,1.0000,1.0000,1.0000,1.0000,1.0000,1.0000,1.0000,0.5975,1.1484,1.2828,1.1146,0.9955,1.1173,0.6517,False,,0.092092,0.993790,8.0634,12.1251
86,both,-2.124662,0.640220,0.729409,0.875051,-1.601819,0.354099,-0.320239,-1.039191,-1.851330,-1.978383,2.071620,-0.166880,-0.447462,1.178595,39.4729,36.7068,20.5364,21.1021,8.3749,11.1096,11.0881,21.1578,28.6084,15.7022,21.2863,13.7482,14.1606,13.5026,6.1384,5.7756,2.4556,4.6373,3.8428,3.7829,2.4488,11.7167,7.7240,2.1899,2.3342,2.6708,2.2731,2.0098,1.3158,1.2236,1.3691,1.4068,0.8375,1.1110,1.1088,0.7053,0.9536,1.0468,1.4191,1.3748,1.4161,1.3503,0.7673,0.7220,0.6139,1.1593,1.2809,1.2610,0.8163,1.4646,0.9655,0.5475,0.5836,0.8903,0.7577,0.6699,True,2.5180,0.869833,0.074477,179.6575,89.2364
87,both,1.349590,0.358686,2.779680,2.192265,0.681847,0.162818,-0.428055,-0.095329,-2.694304,2.306790,0.296407,-1.280126,0.195326,0.397380,28.5390,33.9734,9.8924,17.5999,7.7061,7.7284,6.6218,35.6669,43.3184,13.9019,21.0166,5.9832,5.4296,12.2137,6.6590,6.6500,3.8167,2.7617,2.0790,3.1252,1.8866,10.0882,10.7445,2.2273,5.1076,2.6296,2.4100,2.0191,0.9513,1.1324,0.6595,1.1733,0.7706,0.7728,0.6622,1.1889,1.4439,0.9268,1.4011,0.5983,0.5430,1.2214,0.8324,0.8313,0.9542,0.6904,0.6930,1.0417,0.6289,1.2610,1.3431,0.5568,1.2769,0.8765,0.8033,0.6730,True,1.2460,1.034796,0.074693,179.9869,89.5799
88,left_only,1.551234,-0.139352,2.029135,1.691112,1.224063,0.195838,0.910424,0.000000,-0.200000,0.000000,0.400000,0.000000,0.000000,0.000000,20.5138,15.0247,16.4779,12.8079,6.2379,6.8614,8.3175,30.0000,30.0000,15.0000,15.0000,10.0000,10.0000,10.0000,4.5619,4.4553,5.6641,3.2484,4.4467,4.3931,1.9277,8.0000,8.0000,4.0000,4.0000,3.0000,3.0000,3.0000,0.6838,0.5008,1.0985,0.8539,0.6238,0.6861,0.8317,1.0000,1.0000,1.0000,1.0000,1.0000,1.0000,1.0000,0.5702,0.5569,1.4160,0.8121,1.4822,1.4644,0.6426,1.0000,1.0000,1.0000,1.0000,1.0000,1.0000,1.0000,True,1.9980,0.998829,0.081906,177.0966,88.7410
89,left_only,0.227293,1.891043,1.255969,-0.552731,-1.923894,-0.391609,0.264501,0.000000,-0.200000,0.000000,0.400000,0.000000,0.000000,0.000000,44.5977,35.1595,18.1614,22.2688,11.7801,5.4018,13.6701,30.0000,30.0000,15.0000,15.0000,10.0000,10.0000,10.0000,6.9174,4.0349,4.0289,5.7481,2.2720,2.9745,2.0213,8.0000,8.0000,4.0000,4.0000,3.0000,3.0000,3.0000,1.4866,1.1720,1.2108,1.4846,1.1780,0.5402,1.3670,1.0000,1.0000,1.0000,1.0000,1.0000,1.0000,1.0000,0.8647,0.5044,1.0072,1.4370,0.7573,0.9915,0.6738,1.0000,1.0000,1.0000,1.0000,1.0000,1.0000,1.0000,False,,0.057208,1.001660,11.5855,17.0215
90,both,-2.868268,-0.075540,1.462152,2.618628,-2.184599,-0.195805,-0.774625,-3.013509,-1.308029,0.958559,1.725734,-0.514812,0.050884,-1.030988,19.6291,42.9538,18.9226,21.3411,14.1668,11.4939,14.2824,38.7195,32.7064,9.6965,18.7185,8.5480,5.1299,7.8059,7.3336,4.0289,2.2503,2.4379,1.7861,2.5551,3.6038,6.6448,6.1940,5.2475,5.0397,3.5867,1.9170,3.9235,0.6543,1.4318,1.2615,1.4227,1.4167,1.1494,1.4282,1.2906,1.0902,0.6464,1.2479,0.8548,0.5130,0.7806,0.9167,0.5036,0.5626,0.6095,0.5954,0.8517,1.2013,0.8306,0.7742,1.3119,1.2599,1.1956,0.6390,1.3078,False,,0.177704,0.999068,11.8247,10.7339
91,right_only,0.000000,0.200000,0.000000,0.400000,0.000000,0.000000,0.000000,0.049499,-2.663514,0.664693,1.046903,-0.219344,-0.358786,0.046493,30.0000,30.0000,15.0000,15.0000,10.0000,10.0000,10.0000,17.9980,19.9276,9.4882,21.8116,7.8486,8.5520,8.2208,8.0000,8.0000,4.0000,4.0000,3.0000,3.0000,3.0000,11.1860,8.5037,5.6766,3.1997,1.8445,3.1687,2.5366,1.0000,1.0000,1.0000,1.0000,1.0000,1.0000,1.0000,0.5999,0.6643,0.6325,1.4541,0.7849,0.8552,0.8221,1.0000,1.0000,1.0000,1.0000,1.0000,1.0000,1.0000,1.3983,1.0630,1.4192,0.7999,0.6148,1.0562,0.8455,True,1.2600,0.884994,0.072670,179.9635,89.4402
92,right_only,0.000000,0.200000,0.000000,0.400000,0.000000,0.000000,0.000000,0.636981,-0.075780,-0.330508,3.061713,0.435355,-0.211899,-0.028002,30.0000,30.0000,15.0000,15.0000,10.0000,10.0000,10.0000,16.1193,39.1200,9.0215,12.1312,10.6532,5.4298,5.7932,8.0000,8.0000,4.0000,4.0000,3.0000,3.0000,3.0000,9.5689,4.5742,3.9083,3.3548,2.1842,2.0663,3.7902,1.0000,1.0000,1.0000,1.0000,1.0000,1.0000,1.0000,0.5373,1.3040,0.6014,0.8087,1.0653,0.5430,0.5793,1.0000,1.0000,1.0000,1.0000,1.0000,1.0000,1.0000,1.1961,0.5718,0.9771,0.8387,0.7281,0.6888,1.2634,True,1.7840,0.873890,0.072762,179.1489,89.1288
93,both,1.341764,0.149879,2.781393,1.506369,0.685964,0.194182,0.518462,0.721310,-1.572489,0.014143,0.387406,-2.143716,0.152292,-1.184631,23.2691,17.8269,10.3609,17.0810,11.2848,9.2105,5.9017,37.6888,29.9094,14.6883,7.8972,14.4251,8.1917,7.5594,7.4670,6.8220,4.8818,4.3161,2.9747,2.9609,4.3989,11.9953,9.7495,2.1895,2.2475,1.5765,3.2989,1.7147,0.7756,0.5942,0.6907,1.1387,1.1285,0.9211,0.5902,1.2563,0.9970,0.9792,0.5265,1.4425,0.8192,0.7559,0.9334,0.8527,1.2205,1.0790,0.9916,0.9870,1.4663,1.4994,1.2187,0.5474,0.5619,0.5255,1.0996,0.5716,True,1.2340,1.023427,0.102460,179.8753,86.9734
94,left_only,1.256259,3.161507,0.436127,1.596719,-1.328688,-0.403325,0.603150,0.000000,-0.200000,0.000000,0.400000,0.000000,0.000000,0.000000,18.0536,17.5667,12.1683,7.6870,9.3404,12.0768,13.0135,30.0000,30.0000,15.0000,15.0000,10.0000,10.0000,10.0000,8.8345,10.7750,3.6260,5.3951,3.0194,2.1691,4.3324,8.0000,8.0000,4.0000,4.0000,3.0000,3.0000,3.0000,0.6018,0.5856,0.8112,0.5125,0.9340,1.2077,1.3013,1.0000,1.0000,1.0000,1.0000,1.0000,1.0000,1.0000,1.1043,1.3469,0.9065,1.3488,1.0065,0.7230,1.4441,1.0000,1.0000,1.0000,1.0000,1.0000,1.0000,1.0000,True,1.3400,0.844061,0.109081,179.9485,85.2220
95,right_only,0.000000,0.200000,0.000000,0.400000,0.000000,0.000000,0.000000,-1.844887,-3.300958,-1.634038,0.564420,-0.726226,0.022817,0.973142,30.0000,30.0000,15.0000,15.0000,10.0000,10.0000,10.0000,23.7701,30.6231,12.6021,19.8266,6.5760,6.0351,10.0300,8.0000,8.0000,4.0000,4.0000,3.0000,3.0000,3.0000,9.3751,10.3642,4.3585,5.0954,2.6781,1.5986,1.8483,1.0000,1.0000,1.0000,1.0000,1.0000,1.0000,1.0000,0.7923,1.0208,0.8401,1.3218,0.6576,0.6035,1.0030,1.0000,1.0000,1.0000,1.0000,1.0000,1.0000,1.0000,1.1719,1.2955,1.0896,1.2738,0.8927,0.5329,0.6161,True,1.3540,0.951578,0.090020,149.3361,86.2308
96,left_only,-2.957617,0.863407,0.149436,0.521591,0.219053,-0.017937,0.451975,0.000000,-0.200000,0.000000,0.400000,0.000000,0.000000,0.000000,35.0089,24.5419,12.6932,16.2772,10.9643,8.1470,8.3032,30.0000,30.0000,15.0000,15.0000,10.0000,10.0000,10.0000,9.5524,9.1793,2.5402,3.7642,4.1781,1.6089,4.0655,8.0000,8.0000,4.0000,4.0000,3.0000,3.0000,3.0000,1.1670,0.8181,0.8462,1.0851,1.0964,0.8147,0.8303,1.0000,1.0000,1.0000,1.0000,1.0000,1.0000,1.0000,1.1940,1.1474,0.6351,0.9410,1.3927,0.5363,1.3552,1.0000,1.0000,1.0000,1.0000,1.0000,1.0000,1.0000,False,,0.069828,0.998459,10.7739,15.2415
97,right_only,0.000000,0.200000,0.000000,0.400000,0.000000,0.000000,0.000000,-2.371431,-1.482600,-0.604012,-0.908166,2.522686,-0.041694,1.153841,30.0000,30.0000,15.0000,15.0000,10.0000,10.0000,10.0000,23.6023,40.9883,21.3358,15.8525,7.0268,11.8525,10.4898,8.0000,8.0000,4.0000,4.0000,3.0000,3.0000,3.0000,11.5562,7.5142,3.0741,2.5531,3.5959,4.4223,1.5850,1.0000,1.0000,1.0000,1.0000,1.0000,1.0000,1.0000,0.7867,1.3663,1.4224,1.0568,0.7027,1.1852,1.0490,1.0000,1.0000,1.0000,1.0000,1.0000,1.0000,1.0000,1.4445,0.9393,0.7685,0.6383,1.1986,1.4741,0.5283,True,2.4520,1.120061,0.078981,89.9099,81.5248
98,right_only,0.000000,0.200000,0.000000,0.400000,0.000000,0.000000,0.000000,0.347498,0.103797,-2.585989,-0.494998,1.235673,0.136866,-1.095178,30.0000,30.0000,15.0000,15.0000,10.0000,10.0000,10.0000,40.0327,30.7027,21.1080,20.6699,13.1251,10.1590,7.5171,8.0000,8.0000,4.0000,4.0000,3.0000,3.0000,3.0000,8.0478,4.8065,4.6354,2.5359,3.0335,1.6631,2.3985,1.0000,1.0000,1.0000,1.0000,1.0000,1.0000,1.0000,1.3344,1.0234,1.4072,1.3780,1.3125,1.0159,0.7517,1.0000,1.0000,1.0000,1.0000,1.0000,1.0000,1.0000,1.0060,0.6008,1.1588,0.6340,1.0112,0.5544,0.7995,False,,0.108342,0.999954,9.8753,14.8349
99,both,-2.046901,1.963719,1.801081,-0.713339,1.887634,0.333710,-0.400637,-0.036091,-1.878123,-2.135738,1.233376,-2.252568,0.350087,1.077696,39.6484,31.8758,15.8640,22.2691,7.4790,5.7595,10.6194,25.9308,41.3691,12.5501,17.6861,12.5655,8.2810,13.2164,6.6303,6.5787,2.0283,4.3850,2.2921,2.0636,1.6213,9.5350,8.4739,2.0040,2.1404,4.4726,3.8469,4.3127,1.3216,1.0625,1.0576,1.4846,0.7479,0.5759,1.0619,0.8644,1.3790,0.8367,1.1791,1.2565,0.8281,1.3216,0.8288,0.8223,0.5071,1.0962,0.7640,0.6879,0.5404,1.1919,1.0592,0.5010,0.5351,1.4909,1.2823,1.4376,True,1.4100,0.899093,0.077265,179.8527,88.8290
100,both,1.109848,-0.302726,1.829774,0.913232,1.537855,-0.456288,-0.537974,0.398735,-0.402381,0.503782,0.294188,-0.962312,0.431757,-0.154401,28.4138,31.5700,13.6425,15.7901,9.3234,13.2671,14.0905,37.4919,35.2918,18.6920,10.6297,9.9837,10.8827,5.0248,11.4569,8.5144,3.7686,4.8210,4.0150,3.1889,3.5999,10.8477,8.8802,2.5165,5.2654,3.6512,3.7749,2.6761,0.9471,1.0523,0.9095,1.0527,0.9323,1.3267,1.4091,1.2497,1.1764,1.2461,0.7086,0.9984,1.0883,0.5025,1.4321,1.0643,0.9421,1.2052,1.3383,1.0630,1.2000,1.3560,1.1100,0.6291,1.3164,1.2171,1.2583,0.8920,False,,0.132225,1.000556,10.5016,21.4148
101,left_only,0.883294,1.185024,0.574787,-0.947347,0.704469,0.201813,0.170458,0.000000,-0.200000,0.000000,0.400000,0.000000,0.000000,0.000000,29.8968,39.2981,17.7206,11.6711,14.5907,12.0727,14.8794,30.0000,30.0000,15.0000,15.0000,10.0000,10.0000,10.0000,11.7701,11.3513,5.0215,4.4377,2.0165,3.1301,3.7961,8.0000,8.0000,4.0000,4.0000,3.0000,3.0000,3.0000,0.9966,1.3099,1.1814,0.7781,1.4591,1.2073,1.4879,1.0000,1.0000,1.0000,1.0000,1.0000,1.0000,1.0000,1.4713,1.4189,1.2554,1.1094,0.6722,1.0434,1.2654,1.0000,1.0000,1.0000,1.0000,1.0000,1.0000,1.0000,False,,0.058771,0.998436,11.3134,18.9823
102,left_only,-0.686763,2.901944,-2.038251,0.623284,-0.095645,-0.062599,-0.994190,0.000000,-0.200000,0.000000,0.400000,0.000000,0.000000,0.000000,19.6058,40.1285,14.7658,8.2308,5.1649,9.7348,6.6438,30.0000,30.0000,15.0000,15.0000,10.0000,10.0000,10.0000,9.6410,10.3626,2.9132,4.3687,1.9633,2.4107,4.1664,8.0000,8.0000,4.0000,4.0000,3.0000,3.0000,3.0000,0.6535,1.3376,0.9844,0.5487,0.5165,0.9735,0.6644,1.0000,1.0000,1.0000,1.0000,1.0000,1.0000,1.0000,1.2051,1.2953,0.7283,1.0922,0.6544,0.8036,1.3888,1.0000,1.0000,1.0000,1.0000,1.0000,1.0000,1.0000,True,1.3560,0.902436,0.108747,179.2767,82.8548
103,left_only,-0.577298,2.968659,-1.382845,0.413001,-0.297316,-0.018426,1.264026,0.000000,-0.200000,0.000000,0.400000,0.000000,0.000000,0.000000,18.4334,40.5590,20.4552,15.7980,8.4404,10.1923,7.9247,30.0000,30.0000,15.0000,15.0000,10.0000,10.0000,10.0000,10.3929,7.9862,5.7034,4.4908,3.0430,3.6332,3.0118,8.0000,8.0000,4.0000,4.0000,3.0000,3.0000,3.0000,0.6144,1.3520,1.3637,1.0532,0.8440,1.0192,0.7925,1.0000,1.0000,1.0000,1.0000,1.0000,1.0000,1.0000,1.2991,0.9983,1.4258,1.1227,1.0143,1.2111,1.0039,1.0000,1.0000,1.0000,1.0000,1.0000,1.0000,1.0000,True,1.4600,0.836214,0.096431,179.5360,86.8783
104,both,1.120225,0.317206,2.858887,2.404347,1.947824,-0.015810,0.856492,-1.695094,-0.519836,-2.213648,0.318124,-0.182580,-0.164354,-0.286977,39.6031,22.7003,18.6792,8.6057,12.6574,12.9202,9.0170,39.1165,24.8421,19.5899,8.8020,5.4440,14.9768,13.6946,9.7798,11.3211,5.2029,3.5618,2.9526,3.8381,2.3778,11.0628,11.6102,3.7533,3.1473,1.8901,3.0036,2.1601,1.3201,0.7567,1.2453,0.5737,1.2657,1.2920,0.9017,1.3039,0.8281,1.3060,0.5868,0.5444,1.4977,1.3695,1.2225,1.4151,1.3007,0.8904,0.9842,1.2794,0.7926,1.3828,1.4513,0.9383,0.7868,0.6300,1.0012,0.7200,True,1.9260,0.925741,0.097850,156.2204,89.0600
105,both,1.266445,-0.364868,-1.848075,0.067945,-1.864009,-0.253655,0.396361,-1.597418,-1.075208,2.037763,1.538559,1.250509,-0.124409,-0.864264,24.6175,43.9285,16.8272,11.6627,9.5092,13.3551,11.6844,32.9658,27.4705,16.3353,8.4272,13.2213,7.1665,13.0455,8.4852,11.0813,4.6898,4.5709,2.0693,1.8192,4.3954,8.2750,6.2126,2.1208,5.2633,2.0294,1.6554,3.7676,0.8206,1.4643,1.1218,0.7775,0.9509,1.3355,1.1684,1.0989,0.9157,1.0890,0.5618,1.3221,0.7166,1.3045,1.0607,1.3852,1.1724,1.1427,0.6898,0.6064,1.4651,1.0344,0.7766,0.5302,1.3158,0.6765,0.5518,1.2559,True,2.7960,1.289424,0.093576,72.5139,82.5907
106,both,-1.491297,1.091683,-1.259127,2.598407,-1.297382,-0.268072,-0.484506,-2.183166,-2.199263,-2.539752,-0.295271,-0.347775,0.351007,-1.124481,21.3802,42.2504,20.8502,17.6918,7.4047,9.1981,7.1122,38.7202,41.3494,12.3305,16.0727,7.7816,5.5333,12.3786,5.0287,7.0400,4.3033,3.4397,3.3325,2.3888,2.5376,5.3680,7.4057,3.9482,2.7379,1.7837,2.5440,4.3569,0.7127,1.4083,1.3900,1.1795,0.7405,0.9198,0.7112,1.2907,1.3783,0.8220,1.0715,0.7782,0.5533,1.2379,0.6286,0.8800,1.0758,0.8599,1.1108,0.7963,0.8459,0.6710,0.9257,0.9870,0.6845,0.5946,0.8480,1.4523,False,,0.062903,0.999627,9.3955,15.4682
107,right_only,0.000000,0.200000,0.000000,0.400000,0.000000,0.000000,0.000000,-0.242711,-1.958269,-2.789376,1.529129,-2.218596,0.039353,0.639954,30.0000,30.0000,15.0000,15.0000,10.0000,10.0000,10.0000,27.7076,23.9823,8.2108,7.8717,9.3003,13.8335,7.4406,8.0000,8.0000,4.0000,4.0000,3.0000,3.0000,3.0000,8.5924,9.4744,2.2433,2.6124,2.4938,3.5103,2.8171,1.0000,1.0000,1.0000,1.0000,1.0000,1.0000,1.0000,0.9236,0.7994,0.5474,0.5248,0.9300,1.3833,0.7441,1.0000,1.0000,1.0000,1.0000,1.0000,1.0000,1.0000,1.0741,1.1843,0.5608,0.6531,0.8313,1.1701,0.9390,True,1.3820,0.859754,0.097678,179.9986,86.9253
108,left_only,0.318059,2.899520,1.639971,3.147981,1.335120,0.325766,0.844211,0.000000,-0.200000,0.000000,0.400000,0.000000,0.000000,0.000000,36.9080,39.0541,21.5202,14.6281,11.3829,10.1494,13.5104,30.0000,30.0000,15.0000,15.0000,10.0000,10.0000,10.0000,7.4509,10.5578,5.1974,5.8475,2.2468,3.6289,3.7708,8.0000,8.0000,4.0000,4.0000,3.0000,3.0000,3.0000,1.2303,1.3018,1.4347,0.9752,1.1383,1.0149,1.3510,1.0000,1.0000,1.0000,1.0000,1.0000,1.0000,1.0000,0.9314,1.3197,1.2994,1.4619,0.7489,1.2096,1.2569,1.0000,1.0000,1.0000,1.0000,1.0000,1.0000,1.0000,True,1.3560,0.859962,0.096668,179.8620,86.8771
109,left_only,1.269872,3.048091,0.591892,1.441903,-2.046402,0.439341,-0.622256,0.000000,-0.200000,0.000000,0.400000,0.000000,0.000000,0.000000,36.7421,38.8738,14.1182,10.6679,6.8896,13.5650,10.1076,30.0000,30.0000,15.0000,15.0000,10.0000,10.0000,10.0000,4.7211,9.7362,3.0007,5.5056,2.4287,2.1008,1.7546,8.0000,8.0000,4.0000,4.0000,3.0000,3.0000,3.0000,1.2247,1.2958,0.9412,0.7112,0.6890,1.3565,1.0108,1.0000,1.0000,1.0000,1.0000,1.0000,1.0000,1.0000,0.5901,1.2170,0.7502,1.3764,0.8096,0.7003,0.5849,1.0000,1.0000,1.0000,1.0000,1.0000,1.0000,1.0000,True,1.3140,0.808593,0.099556,179.8772,86.1964
110,both,-0.730688,1.323788,1.599940,0.968809,-1.029620,-0.220469,-0.563507,1.230164,-2.776003,2.592960,0.400177,-2.240872,-0.232461,-1.121627,38.7009,30.3766,12.5548,17.4307,11.3065,14.3987,14.6126,43.8550,17.5492,20.0417,21.4947,7.2619,10.2481,14.2786,9.4455,10.5425,5.1697,3.9652,3.6134,1.7348,3.7741,11.6818,5.0231,3.3960,4.7926,2.1647,2.4743,1.5699,1.2900,1.0126,0.8370,1.1620,1.1306,1.4399,1.4613,1.4618,0.5850,1.3361,1.4330,0.7262,1.0248,1.4279,1.1807,1.3178,1.2924,0.9913,1.2045,0.5783,1.2580,1.4602,0.6279,0.8490,1.1981,0.7216,0.8248,0.5233,True,1.1820,0.894409,0.072724,172.5762,89.9885
111,left_only,-2.416913,1.745606,1.043021,1.730006,1.473356,-0.078365,-0.575334,0.000000,-0.200000,0.000000,0.400000,0.000000,0.000000,0.000000,15.4674,21.1989,12.1858,10.1731,5.2014,6.5745,11.6610,30.0000,30.0000,15.0000,15.0000,10.0000,10.0000,10.0000,9.0367,11.4855,5.1927,4.2710,1.9127,3.1922,1.6848,8.0000,8.0000,4.0000,4.0000,3.0000,3.0000,3.0000,0.5156,0.7066,0.8124,0.6782,0.5201,0.6574,1.1661,1.0000,1.0000,1.0000,1.0000,1.0000,1.0000,1.0000,1.1296,1.4357,1.2982,1.0678,0.6376,1.0641,0.5616,1.0000,1.0000,1.0000,1.0000,1.0000,1.0000,1.0000,True,1.5080,0.851090,0.111828,179.7855,85.0606
112,both,-1.110532,1.095178,-0.234296,0.205681,0.940383,0.315374,0.682033,-0.183288,-1.365057,-2.833753,2.035717,0.389102,-0.212065,-0.437281,43.0682,33.7309,14.6387,16.8138,9.1374,9.7018,7.9031,34.5788,33.2439,21.8865,15.1252,12.3232,12.0545,7.3627,7.5188,9.4847,2.1598,5.1801,2.3489,3.5477,3.4282,6.2664,7.3921,3.1108,3.4670,2.6729,3.3116,2.1597,1.4356,1.1244,0.9759,1.1209,0.9137,0.9702,0.7903,1.1526,1.1081,1.4591,1.0083,1.2323,1.2054,0.7363,0.9399,1.1856,0.5399,1.2950,0.7830,1.1826,1.1427,0.7833,0.9240,0.7777,0.8667,0.8910,1.1039,0.7199,True,3.8840,0.889433,0.446442,74.8912,68.6898
113,left_only,0.648215,1.273888,1.344404,-0.613643,-0.302999,-0.436397,0.446811,0.000000,-0.200000,0.000000,0.400000,0.000000,0.000000,0.000000,25.3113,43.4776,12.3619,15.9571,7.5739,11.2011,9.6704,30.0000,30.0000,15.0000,15.0000,10.0000,10.0000,10.0000,6.9650,5.6295,2.4461,2.4795,4.4971,2.7369,1.5058,8.0000,8.0000,4.0000,4.0000,3.0000,3.0000,3.0000,0.8437,1.4493,0.8241,1.0638,0.7574,1.1201,0.9670,1.0000,1.0000,1.0000,1.0000,1.0000,1.0000,1.0000,0.8706,0.7037,0.6115,0.6199,1.4990,0.9123,0.5019,1.0000,1.0000,1.0000,1.0000,1.0000,1.0000,1.0000,False,,0.059655,1.000907,10.9782,15.7099
114,both,1.348295,-0.304476,-0.286617,2.013182,2.258092,0.196920,-0.092391,1.449622,-3.251373,2.585679,2.557987,2.600637,-0.226836,-0.908156,34.8995,30.4758,15.3475,21.3693,11.2008,8.1106,9.0007,35.0548,39.3872,20.7185,15.7052,13.1989,10.1131,9.7453,5.0680,5.5385,2.5734,5.2412,3.6146,3.0910,2.6231,10.9235,7.0910,3.5837,3.2196,3.0561,3.1346,3.4814,1.1633,1.0159,1.0232,1.4246,1.1201,0.8111,0.9001,1.1685,1.3129,1.3812,1.0470,1.3199,1.0113,0.9745,0.6335,0.6923,0.6434,1.3103,1.2049,1.0303,0.8744,1.3654,0.8864,0.8959,0.8049,1.0187,1.0448,1.1605,True,1.3340,1.014153,0.097206,179.4555,86.8013
115,right_only,0.000000,0.200000,0.000000,0.400000,0.000000,0.000000,0.000000,-1.112334,-2.576575,1.904995,0.478984,2.566154,-0.270698,0.152546,30.0000,30.0000,15.0000,15.0000,10.0000,10.0000,10.0000,31.0985,39.8594,9.5828,21.1491,10.3143,10.8611,10.1017,8.0000,8.0000,4.0000,4.0000,3.0000,3.0000,3.0000,4.2882,7.9767,3.0542,3.3708,3.4473,2.9931,1.7797,1.0000,1.0000,1.0000,1.0000,1.0000,1.0000,1.0000,1.0366,1.3286,0.6389,1.4099,1.0314,1.0861,1.0102,1.0000,1.0000,1.0000,1.0000,1.0000,1.0000,1.0000,0.5360,0.9971,0.7635,0.8427,1.1491,0.9977,0.5932,False,,0.103498,0.997361,9.8537,13.9096
116,left_only,-2.795976,0.321786,-1.577681,1.562282,-1.985789,0.353090,-0.737208,0.000000,-0.200000,0.000000,0.400000,0.000000,0.000000,0.000000,17.7339,41.2724,11.9299,13.8813,14.5903,14.4437,12.1492,30.0000,30.0000,15.0000,15.0000,10.0000,10.0000,10.0000,4.5515,8.7467,5.9563,5.7877,1.8180,2.6879,2.4466,8.0000,8.0000,4.0000,4.0000,3.0000,3.0000,3.0000,0.5911,1.3757,0.7953,0.9254,1.4590,1.4444,1.2149,1.0000,1.0000,1.0000,1.0000,1.0000,1.0000,1.0000,0.5689,1.0933,1.4891,1.4469,0.6060,0.8960,0.8155,1.0000,1.0000,1.0000,1.0000,1.0000,1.0000,1.0000,False,,0.127697,1.001176,12.0221,15.2117
117,both,-2.528981,2.246338,-1.107280,0.474296,-2.489533,-0.001880,-0.868254,-1.104854,-2.858166,2.398329,-0.351222,0.256070,-0.280294,-1.076041,21.0693,16.6432,9.5910,14.9023,11.5182,5.8734,9.4102,44.8880,44.3886,13.8463,8.7102,8.2357,7.3771,5.1413,8.6500,5.8738,3.4883,2.2873,2.1604,2.9003,4.4713,4.7619,7.6255,3.3586,2.7214,3.6483,2.5713,4.0556,0.7023,0.5548,0.6394,0.9935,1.1518,0.5873,0.9410,1.4963,1.4796,0.9231,0.5807,0.8236,0.7377,0.5141,1.0812,0.7342,0.8721,0.5718,0.7201,0.9668,1.4904,0.5952,0.9532,0.8397,0.6804,1.2161,0.8571,1.3519,True,1.5420,0.872908,0.230084,136.0382,74.0005
118,both,-2.004998,1.655127,-1.615931,1.095592,-2.131793,-0.313040,0.285047,-1.897568,-2.748452,2.261786,-0.772397,0.505253,0.044644,-0.633453,28.5832,17.6321,18.3191,10.8255,6.9339,8.1488,14.0237,25.6518,34.2113,15.6921,9.3603,8.9273,8.1333,13.4683,10.3717,11.5751,4.6078,4.6517,2.9401,4.2156,3.0326,7.0307,10.5724,3.7696,5.0140,1.9058,4.2740,2.9417,0.9528,0.5877,1.2213,0.7217,0.6934,0.8149,1.4024,0.8551,1.1404,1.0461,0.6240,0.8927,0.8133,1.3468,1.2965,1.4469,1.1520,1.1629,0.9800,1.4052,1.0109,0.8788,1.3216,0.9424,1.2535,0.6353,1.4247,0.9806,True,1.7260,0.845206,0.193807,140.0223,73.0533
119,right_only,0.000000,0.200000,0.000000,0.400000,0.000000,0.000000,0.000000,-1.916350,-2.487169,-1.507012,0.564571,1.382913,0.415883,0.429355,30.0000,30.0000,15.0000,15.0000,10.0000,10.0000,10.0000,31.4150,28.4579,19.9229,20.2449,7.9304,14.5342,8.9512,8.0000,8.0000,4.0000,4.0000,3.0000,3.0000,3.0000,10.4006,11.7346,4.8146,2.6462,3.2584,1.8563,3.8674,1.0000,1.0000,1.0000,1.0000,1.0000,1.0000,1.0000,1.0472,0.9486,1.3282,1.3497,0.7930,1.4534,0.8951,1.0000,1.0000,1.0000,1.0000,1.0000,1.0000,1.0000,1.3001,1.4668,1.2037,0.6616,1.0861,0.6188,1.2891,False,,0.103366,0.996223,9.8248,17.3737
120,left_only,-1.815006,2.247912,2.500208,-0.202429,-0.747139,0.136085,-0.204067,0.000000,-0.200000,0.000000,0.400000,0.000000,0.000000,0.000000,20.2446,15.8721,13.5990,17.2381,10.7398,6.5624,9.5069,30.0000,30.0000,15.0000,15.0000,10.0000,10.0000,10.0000,6.9558,6.1936,4.9171,3.2386,3.1204,4.2697,3.1178,8.0000,8.0000,4.0000,4.0000,3.0000,3.0000,3.0000,0.6748,0.5291,0.9066,1.1492,1.0740,0.6562,0.9507,1.0000,1.0000,1.0000,1.0000,1.0000,1.0000,1.0000,0.8695,0.7742,1.2293,0.8097,1.0401,1.4232,1.0393,1.0000,1.0000,1.0000,1.0000,1.0000,1.0000,1.0000,True,1.7980,0.893667,0.106679,179.9310,84.3845
121,both,-0.233822,-0.103130,-1.649979,-0.533072,1.395323,0.310727,-0.796404,-2.107230,-2.178277,0.341410,1.618018,1.205703,0.374803,-0.520598,34.7628,31.7917,12.0876,21.1112,5.9548,12.1200,12.2787,23.0363,32.6852,20.4778,12.2698,9.8355,14.5104,12.9821,11.3226,8.1486,3.2865,5.3110,3.8124,3.0009,3.8036,11.0963,7.0820,5.9860,2.6103,3.0563,2.9378,3.8953,1.1588,1.0597,0.8058,1.4074,0.5955,1.2120,1.2279,0.7679,1.0895,1.3652,0.8180,0.9836,1.4510,1.2982,1.4153,1.0186,0.8216,1.3277,1.2708,1.0003,1.2679,1.3870,0.8852,1.4965,0.6526,1.0188,0.9793,1.2984,False,,0.519304,0.907332,18.9601,16.9600
122,left_only,1.139590,2.383707,0.894048,0.815283,-0.070523,0.008603,-1.218264,0.000000,-0.200000,0.000000,0.400000,0.000000,0.000000,0.000000,30.0914,40.6791,18.1391,19.4356,8.9049,10.2897,5.3348,30.0000,30.0000,15.0000,15.0000,10.0000,10.0000,10.0000,7.0640,7.7953,3.0208,2.1250,3.5712,2.8053,2.7470,8.0000,8.0000,4.0000,4.0000,3.0000,3.0000,3.0000,1.0030,1.3560,1.2093,1.2957,0.8905,1.0290,0.5335,1.0000,1.0000,1.0000,1.0000,1.0000,1.0000,1.0000,0.8830,0.9744,0.7552,0.5312,1.1904,0.9351,0.9157,1.0000,1.0000,1.0000,1.0000,1.0000,1.0000,1.0000,True,1.3820,0.842830,0.113145,179.9499,85.0183
123,right_only,0.000000,0.200000,0.000000,0.400000,0.000000,0.000000,0.000000,-1.962562,-1.367001,-0.526388,1.007556,0.595819,-0.456650,1.035548,30.0000,30.0000,15.0000,15.0000,10.0000,10.0000,10.0000,17.1326,28.5277,10.6106,15.3567,7.8023,13.6001,8.9636,8.0000,8.0000,4.0000,4.0000,3.0000,3.0000,3.0000,9.1100,5.9910,2.0776,3.6166,3.1095,2.8786,4.3860,1.0000,1.0000,1.0000,1.0000,1.0000,1.0000,1.0000,0.5711,0.9509,0.7074,1.0238,0.7802,1.3600,0.8964,1.0000,1.0000,1.0000,1.0000,1.0000,1.0000,1.0000,1.1388,0.7489,0.5194,0.9042,1.0365,0.9595,1.4620,True,2.6360,1.102785,0.078564,85.7769,88.9043
124,right_only,0.000000,0.200000,0.000000,0.400000,0.000000,0.000000,0.000000,0.189213,0.363632,-1.337009,2.308790,0.450017,0.103378,1.234067,30.0000,30.0000,15.0000,15.0000,10.0000,10.0000,10.0000,34.6196,41.9645,18.3863,9.4108,11.9942,9.8432,14.1880,8.0000,8.0000,4.0000,4.0000,3.0000,3.0000,3.0000,10.4547,4.8331,2.5357,2.2784,2.9797,1.7423,3.6710,1.0000,1.0000,1.0000,1.0000,1.0000,1.0000,1.0000,1.1540,1.3988,1.2258,0.6274,1.1994,0.9843,1.4188,1.0000,1.0000,1.0000,1.0000,1.0000,1.0000,1.0000,1.3068,0.6041,0.6339,0.5696,0.9932,0.5808,1.2237,False,,0.053463,0.992957,10.4860,16.3894
125,left_only,-0.538391,2.779645,-1.073558,1.194052,-2.333317,0.355764,-0.825487,0.000000,-0.200000,0.000000,0.400000,0.000000,0.000000,0.000000,18.0709,21.1515,19.5935,9.0872,11.1443,12.4618,12.5108,30.0000,30.0000,15.0000,15.0000,10.0000,10.0000,10.0000,5.5205,4.4930,3.7952,2.8099,3.5978,2.5701,2.8481,8.0000,8.0000,4.0000,4.0000,3.0000,3.0000,3.0000,0.6024,0.7051,1.3062,0.6058,1.1144,1.2462,1.2511,1.0000,1.0000,1.0000,1.0000,1.0000,1.0000,1.0000,0.6901,0.5616,0.9488,0.7025,1.1993,0.8567,0.9494,1.0000,1.0000,1.0000,1.0000,1.0000,1.0000,1.0000,True,1.3400,0.882079,0.100494,179.8258,85.1556
126,left_only,-2.605486,1.765340,-1.608078,1.854211,-2.600068,0.440203,0.468699,0.000000,-0.200000,0.000000,0.400000,0.000000,0.000000,0.000000,20.4519,15.4228,12.5169,9.7922,7.1841,13.7275,11.0320,30.0000,30.0000,15.0000,15.0000,10.0000,10.0000,10.0000,5.4117,8.4533,3.0231,5.9048,1.5983,3.6970,3.8190,8.0000,8.0000,4.0000,4.0000,3.0000,3.0000,3.0000,0.6817,0.5141,0.8345,0.6528,0.7184,1.3728,1.1032,1.0000,1.0000,1.0000,1.0000,1.0000,1.0000,1.0000,0.6765,1.0567,0.7558,1.4762,0.5328,1.2323,1.2730,1.0000,1.0000,1.0000,1.0000,1.0000,1.0000,1.0000,True,1.5840,0.830170,0.122788,179.8806,83.7447
127,both,-2.823663,0.269666,-0.480981,2.635479,0.083120,0.143659,0.718853,0.760458,-1.599644,-0.125143,2.015364,-1.233148,0.327903,-1.217201,20.8731,39.0060,12.6039,9.7475,6.8675,10.3076,13.4618,23.4941,39.5084,17.7880,15.1773,9.2292,13.1550,12.9308,4.5652,4.2438,3.8607,5.8247,2.3370,4.3775,4.1630,10.0555,11.9860,3.9140,5.2277,4.0874,2.1348,1.6262,0.6958,1.3002,0.8403,0.6498,0.6868,1.0308,1.3462,0.7831,1.3169,1.1859,1.0118,0.9229,1.3155,1.2931,0.5707,0.5305,0.9652,1.4562,0.7790,1.4592,1.3877,1.2569,1.4983,0.9785,1.3069,1.3625,0.7116,0.5421,True,1.2480,0.859860,0.077289,156.5555,86.3424
128,both,-1.233635,2.858465,-1.020784,1.941042,-2.967675,-0.133788,0.293412,-2.528844,-0.010826,-2.123927,2.807447,-1.503598,0.457208,0.266062,17.5303,16.9583,8.6238,16.3484,13.0958,9.0296,9.4484,15.3665,18.7688,15.8027,12.6639,14.3998,11.2745,10.2036,8.7143,8.2643,4.7522,3.8871,3.6416,4.4919,2.5509,10.3843,6.0687,5.2790,2.0122,3.3590,4.3043,3.8636,0.5843,0.5653,0.5749,1.0899,1.3096,0.9030,0.9448,0.5122,0.6256,1.0535,0.8443,1.4400,1.1274,1.0204,1.0893,1.0330,1.1881,0.9718,1.2139,1.4973,0.8503,1.2980,0.7586,1.3197,0.5031,1.1197,1.4348,1.2879,True,2.1620,1.207203,0.170941,65.2585,75.5188
129,right_only,0.000000,0.200000,0.000000,0.400000,0.000000,0.000000,0.000000,0.880617,-1.899511,1.663435,1.324935,0.812792,-0.408003,-0.758059,30.0000,30.0000,15.0000,15.0000,10.0000,10.0000,10.0000,31.5289,16.7640,18.6217,20.1009,14.2036,6.0177,14.3972,8.0000,8.0000,4.0000,4.0000,3.0000,3.0000,3.0000,4.5410,7.7924,5.3610,2.2812,1.5547,1.5748,3.0338,1.0000,1.0000,1.0000,1.0000,1.0000,1.0000,1.0000,1.0510,0.5588,1.2414,1.3401,1.4204,0.6018,1.4397,1.0000,1.0000,1.0000,1.0000,1.0000,1.0000,1.0000,0.5676,0.9741,1.3403,0.5703,0.5182,0.5249,1.0113,True,1.3800,0.868184,0.075723,179.9000,89.8444
130,both,0.682621,0.101673,-1.953460,1.398099,-1.660457,0.212948,1.142074,0.468017,-0.084277,-0.063947,2.487479,-1.696478,-0.399278,0.396121,16.5586,41.7744,17.8733,21.7830,8.1389,9.8616,12.4169,32.6631,19.3987,13.9795,11.7601,6.1883,10.1204,6.6563,5.9422,8.3348,4.6379,5.9152,3.7341,1.8544,2.9260,8.7243,5.3576,4.8944,2.7810,4.1889,1.5786,3.0660,0.5520,1.3925,1.1916,1.4522,0.8139,0.9862,1.2417,1.0888,0.6466,0.9320,0.7840,0.6188,1.0120,0.6656,0.7428,1.0418,1.1595,1.4788,1.2447,0.6181,0.9753,1.0905,0.6697,1.2236,0.6952,1.3963,0.5262,1.0220,True,1.3320,0.758456,0.084832,179.8520,87.7470
131,right_only,0.000000,0.200000,0.000000,0.400000,0.000000,0.000000,0.000000,-1.632307,-2.549211,-0.336012,2.527541,2.521997,-0.181995,-0.878221,30.0000,30.0000,15.0000,15.0000,10.0000,10.0000,10.0000,36.6042,32.4600,10.5152,18.9044,10.1893,11.5340,8.5934,8.0000,8.0000,4.0000,4.0000,3.0000,3.0000,3.0000,7.5128,5.4427,5.0261,2.6280,3.8349,3.8940,3.7398,1.0000,1.0000,1.0000,1.0000,1.0000,1.0000,1.0000,1.2201,1.0820,0.7010,1.2603,1.0189,1.1534,0.8593,1.0000,1.0000,1.0000,1.0000,1.0000,1.0000,1.0000,0.9391,0.6803,1.2565,0.6570,1.2783,1.2980,1.2466,True,1.8040,1.270124,0.089044,96.3565,78.4442
132,left_only,-3.048519,0.652444,-0.004525,1.509598,2.284719,-0.115064,0.952559,0.000000,-0.200000,0.000000,0.400000,0.000000,0.000000,0.000000,19.9029,26.1384,8.2842,18.6373,6.5065,7.5702,12.7523,30.0000,30.0000,15.0000,15.0000,10.0000,10.0000,10.0000,8.2777,4.1118,2.0089,4.0426,2.4149,2.0409,3.3408,8.0000,8.0000,4.0000,4.0000,3.0000,3.0000,3.0000,0.6634,0.8713,0.5523,1.2425,0.6507,0.7570,1.2752,1.0000,1.0000,1.0000,1.0000,1.0000,1.0000,1.0000,1.0347,0.5140,0.5022,1.0107,0.8050,0.6803,1.1136,1.0000,1.0000,1.0000,1.0000,1.0000,1.0000,1.0000,False,,0.104571,0.995045,11.5777,17.0175
133,both,-2.064064,1.858543,-0.509562,-0.178738,-2.214517,-0.243404,-1.194226,-1.688722,0.009389,1.703823,0.586376,0.566802,0.062309,0.834993,22.0887,23.8916,12.0268,8.1131,8.1469,13.7791,14.1199,44.2099,34.6021,17.4068,15.4197,8.3427,6.4898,10.8406,4.8771,7.6645,3.5254,3.9574,3.1642,1.5608,4.0267,4.3595,10.5960,3.6836,3.6590,2.4815,4.4081,2.0248,0.7363,0.7964,0.8018,0.5409,0.8147,1.3779,1.4120,1.4737,1.1534,1.1605,1.0280,0.8343,0.6490,1.0841,0.6096,0.9581,0.8813,0.9894,1.0547,0.5203,1.3422,0.5449,1.3245,0.9209,0.9148,0.8272,1.4694,0.6749,True,2.6400,1.077594,0.164451,95.8667,73.9025
134,left_only,-2.427340,0.245709,1.073851,3.146528,-1.653663,0.375196,-0.562314,0.000000,-0.200000,0.000000,0.400000,0.000000,0.000000,0.000000,34.4370,16.2150,14.9348,17.3186,10.3632,7.3784,13.2850,30.0000,30.0000,15.0000,15.0000,10.0000,10.0000,10.0000,11.7611,7.6736,4.5437,5.1617,2.2245,4.0934,2.3406,8.0000,8.0000,4.0000,4.0000,3.0000,3.0000,3.0000,1.1479,0.5405,0.9957,1.1546,1.0363,0.7378,1.3285,1.0000,1.0000,1.0000,1.0000,1.0000,1.0000,1.0000,1.4701,0.9592,1.1359,1.2904,0.7415,1.3645,0.7802,1.0000,1.0000,1.0000,1.0000,1.0000,1.0000,1.0000,False,,0.088839,0.995424,12.1587,16.9001
135,left_only,0.514163,0.043735,-1.024848,1.253850,0.013551,0.324149,1.260163,0.000000,-0.200000,0.000000,0.400000,0.000000,0.000000,0.000000,18.2163,23.1416,12.8640,14.6838,9.9391,13.5620,12.7056,30.0000,30.0000,15.0000,15.0000,10.0000,10.0000,10.0000,4.1508,7.6402,4.4723,3.8416,1.8919,2.6924,2.7350,8.0000,8.0000,4.0000,4.0000,3.0000,3.0000,3.0000,0.6072,0.7714,0.8576,0.9789,0.9939,1.3562,1.2706,1.0000,1.0000,1.0000,1.0000,1.0000,1.0000,1.0000,0.5189,0.9550,1.1181,0.9604,0.6306,0.8975,0.9117,1.0000,1.0000,1.0000,1.0000,1.0000,1.0000,1.0000,False,,0.078196,1.001506,9.2088,20.8673
136,both,-2.255858,2.478841,-0.837658,1.482518,-0.039394,0.349120,-0.960082,-2.601821,-2.264792,-0.565011,0.282980,1.645958,-0.235629,-1.054672,27.4140,38.2014,20.2584,18.5002,10.5789,12.2419,11.8139,17.7017,34.9865,20.4853,9.6215,8.6611,5.4867,5.2963,5.8749,8.4061,5.0824,3.2685,3.4619,2.9444,3.0095,11.9173,7.9478,3.4221,3.0995,4.4400,2.2568,3.6771,0.9138,1.2734,1.3506,1.2333,1.0579,1.2242,1.1814,0.5901,1.1662,1.3657,0.6414,0.8661,0.5487,0.5296,0.7344,1.0508,1.2706,0.8171,1.1540,0.9815,1.0032,1.4897,0.9935,0.8555,0.7749,1.4800,0.7523,1.2257,False,,0.079978,0.997535,10.4163,17.2560
137,both,-1.803499,-0.113550,1.214178,-0.943265,0.882311,-0.230902,0.625105,0.485523,-0.662875,-2.871179,1.956432,2.953239,-0.238072,-0.573434,39.4058,19.8119,17.4088,18.8254,5.3716,10.5376,10.7588,17.3721,29.6769,8.6300,17.6686,12.9060,13.4986,14.8126,6.4275,11.0108,2.6510,3.4568,4.0460,2.0719,3.9641,9.3761,10.1525,4.0230,5.6509,3.4313,4.1507,2.2064,1.3135,0.6604,1.1606,1.2550,0.5372,1.0538,1.0759,0.5791,0.9892,0.5753,1.1779,1.2906,1.3499,1.4813,0.8034,1.3763,0.6627,0.8642,1.3487,0.6906,1.3214,1.1720,1.2691,1.0058,1.4127,1.1438,1.3836,0.7355,True,1.8040,1.214300,0.149688,99.7959,60.0318
138,both,-0.800365,2.378716,-1.510568,-0.077167,2.623526,-0.060485,-0.808189,-1.578805,-1.897918,0.522893,2.862051,2.932759,0.140321,0.507803,24.6549,40.7148,10.7670,9.0957,14.7326,13.6414,8.0365,30.3656,21.4607,21.5792,17.0789,13.9960,6.0927,11.2285,9.4014,7.7361,3.2925,3.1471,1.9081,3.1480,2.8398,10.7957,6.6474,2.7806,3.0601,2.3188,2.8416,2.4779,0.8218,1.3572,0.7178,0.6064,1.4733,1.3641,0.8036,1.0122,0.7154,1.4386,1.1386,1.3996,0.6093,1.1229,1.1752,0.9670,0.8231,0.7868,0.6360,1.0493,0.9466,1.3495,0.8309,0.6951,0.7650,0.7729,0.9472,0.8260,True,1.2820,0.915173,0.072721,179.9910,89.4423
139,both,-1.862299,2.071377,-2.359307,0.455702,0.962971,-0.299839,-0.708843,-2.194860,-3.396499,-0.323737,-0.789100,-1.177867,0.457693,1.062726,21.4523,24.3001,14.4556,20.1662,13.0265,6.2624,6.2445,42.4930,28.6431,8.7462,16.1888,9.0852,13.1090,8.4034,7.3339,10.9608,5.5283,2.4295,3.2229,1.9670,3.5584,10.9992,6.1896,2.6301,3.2259,1.6047,2.3437,3.4804,0.7151,0.8100,0.9637,1.3444,1.3026,0.6262,0.6244,1.4164,0.9548,0.5831,1.0793,0.9085,1.3109,0.8403,0.9167,1.3701,1.3821,0.6074,1.0743,0.6557,1.1861,1.3749,0.7737,0.6575,0.8065,0.5349,0.7812,1.1601,True,1.3980,0.904680,0.216496,134.4839,68.4999
140,left_only,-2.469847,0.040960,-1.909375,-0.629712,2.027900,0.410806,-1.151735,0.000000,-0.200000,0.000000,0.400000,0.000000,0.000000,0.000000,37.8022,37.1146,22.4536,12.7181,7.8551,9.5308,13.5658,30.0000,30.0000,15.0000,15.0000,10.0000,10.0000,10.0000,9.8287,7.7730,2.9783,4.9081,4.0636,2.6999,3.5058,8.0000,8.0000,4.0000,4.0000,3.0000,3.0000,3.0000,1.2601,1.2372,1.4969,0.8479,0.7855,0.9531,1.3566,1.0000,1.0000,1.0000,1.0000,1.0000,1.0000,1.0000,1.2286,0.9716,0.7446,1.2270,1.3545,0.9000,1.1686,1.0000,1.0000,1.0000,1.0000,1.0000,1.0000,1.0000,False,,0.111594,0.997082,10.5814,16.5384
141,left_only,-1.255001,1.428705,0.316242,2.253748,2.620435,-0.051461,-0.400520,0.000000,-0.200000,0.000000,0.400000,0.000000,0.000000,0.000000,26.2077,19.0167,11.9541,8.7967,9.2789,6.6736,8.4641,30.0000,30.0000,15.0000,15.0000,10.0000,10.0000,10.0000,10.3486,5.9674,4.4476,5.6047,3.2008,2.0814,2.5343,8.0000,8.0000,4.0000,4.0000,3.0000,3.0000,3.0000,0.8736,0.6339,0.7969,0.5864,0.9279,0.6674,0.8464,1.0000,1.0000,1.0000,1.0000,1.0000,1.0000,1.0000,1.2936,0.7459,1.1119,1.4012,1.0669,0.6938,0.8448,1.0000,1.0000,1.0000,1.0000,1.0000,1.0000,1.0000,True,1.3240,0.833922,0.098360,179.8642,86.8455
142,both,-0.359361,1.534990,-1.817326,0.895269,0.118064,-0.215217,0.285612,-2.809546,-2.127625,1.550250,0.120846,0.735819,-0.083223,-0.466191,42.4840,25.2979,11.0501,21.1395,12.4594,11.8180,5.4953,16.0930,28.2953,16.7569,20.5333,6.1080,6.9667,10.2980,5.0496,9.1067,2.8377,2.9026,3.8374,2.3578,1.7148,6.9129,7.8603,5.6965,4.1796,2.7454,4.4683,1.6956,1.4161,0.8433,0.7367,1.4093,1.2459,1.1818,0.5495,0.5364,0.9432,1.1171,1.3689,0.6108,0.6967,1.0298,0.6312,1.1383,0.7094,0.7256,1.2791,0.7859,0.5716,0.8641,0.9825,1.4241,1.0449,0.9151,1.4894,0.5652,True,1.6480,0.845991,0.073590,179.9235,88.8195
143,right_only,0.000000,0.200000,0.000000,0.400000,0.000000,0.000000,0.000000,1.250254,-1.503718,-0.153702,2.857713,0.172186,-0.056973,-0.577879,30.0000,30.0000,15.0000,15.0000,10.0000,10.0000,10.0000,34.7645,32.0894,10.7152,18.1412,11.4409,8.9733,5.0440,8.0000,8.0000,4.0000,4.0000,3.0000,3.0000,3.0000,7.5726,4.0485,2.3000,3.7224,1.7458,2.3270,3.4665,1.0000,1.0000,1.0000,1.0000,1.0000,1.0000,1.0000,1.1588,1.0696,0.7143,1.2094,1.1441,0.8973,0.5044,1.0000,1.0000,1.0000,1.0000,1.0000,1.0000,1.0000,0.9466,0.5061,0.5750,0.9306,0.5819,0.7757,1.1555,True,1.2020,0.815478,0.217385,162.5746,80.2667
144,right_only,0.000000,0.200000,0.000000,0.400000,0.000000,0.000000,0.000000,-1.686422,0.371112,2.185433,1.467330,2.819616,0.340416,-0.459998,30.0000,30.0000,15.0000,15.0000,10.0000,10.0000,10.0000,37.4879,19.1050,17.7683,14.8662,5.1683,7.7423,14.5538,8.0000,8.0000,4.0000,4.0000,3.0000,3.0000,3.0000,6.5267,5.4516,2.7501,3.9169,4.0279,3.7740,2.8106,1.0000,1.0000,1.0000,1.0000,1.0000,1.0000,1.0000,1.2496,0.6368,1.1846,0.9911,0.5168,0.7742,1.4554,1.0000,1.0000,1.0000,1.0000,1.0000,1.0000,1.0000,0.8158,0.6815,0.6875,0.9792,1.3426,1.2580,0.9369,False,,0.068825,0.996609,13.3783,12.0959
145,right_only,0.000000,0.200000,0.000000,0.400000,0.000000,0.000000,0.000000,-2.156896,-3.225875,-0.386886,2.415022,1.452968,-0.084544,0.240545,30.0000,30.0000,15.0000,15.0000,10.0000,10.0000,10.0000,28.0874,32.3705,15.2626,17.7145,10.0771,14.4061,9.2803,8.0000,8.0000,4.0000,4.0000,3.0000,3.0000,3.0000,4.1273,5.8910,4.0024,4.1623,3.1572,3.6437,2.3239,1.0000,1.0000,1.0000,1.0000,1.0000,1.0000,1.0000,0.9362,1.0790,1.0175,1.1810,1.0077,1.4406,0.9280,1.0000,1.0000,1.0000,1.0000,1.0000,1.0000,1.0000,0.5159,0.7364,1.0006,1.0406,1.0524,1.2146,0.7746,True,2.5300,1.205539,0.087693,101.0934,75.7030
146,left_only,-0.008304,2.281242,-0.328038,0.710958,-1.979393,-0.079562,0.728513,0.000000,-0.200000,0.000000,0.400000,0.000000,0.000000,0.000000,42.2692,32.8084,11.9906,17.7343,12.4015,8.3221,13.2655,30.0000,30.0000,15.0000,15.0000,10.0000,10.0000,10.0000,4.5896,4.0860,2.4919,2.6240,4.1368,2.7749,2.3248,8.0000,8.0000,4.0000,4.0000,3.0000,3.0000,3.0000,1.4090,1.0936,0.7994,1.1823,1.2401,0.8322,1.3265,1.0000,1.0000,1.0000,1.0000,1.0000,1.0000,1.0000,0.5737,0.5108,0.6230,0.6560,1.3789,0.9250,0.7749,1.0000,1.0000,1.0000,1.0000,1.0000,1.0000,1.0000,True,1.6360,0.889895,0.075558,179.9868,88.0912
147,both,-1.119056,1.112499,-0.950712,-0.380475,0.768073,-0.336141,0.699578,-2.190050,-0.635417,1.557673,-0.432404,-2.250344,0.415855,-0.093861,33.9071,15.6978,11.6807,15.0810,13.8622,7.7144,12.7519,22.3361,35.8764,16.2671,15.2897,10.5442,7.2190,11.8043,9.2977,4.9222,3.1735,2.9515,2.8276,3.4060,2.8003,7.1000,6.9077,2.5989,4.3873,3.3080,2.5209,4.0796,1.1302,0.5233,0.7787,1.0054,1.3862,0.7714,1.2752,0.7445,1.1959,1.0845,1.0193,1.0544,0.7219,1.1804,1.1622,0.6153,0.7934,0.7379,0.9425,1.1353,0.9334,0.8875,0.8635,0.6497,1.0968,1.1027,0.8403,1.3599,True,3.5460,1.099446,0.184055,88.6135,80.0312
148,left_only,0.842107,0.032225,1.280868,0.676538,2.748358,-0.254353,-0.557469,0.000000,-0.200000,0.000000,0.400000,0.000000,0.000000,0.000000,28.2632,23.0615,17.8799,14.7136,7.2088,10.0637,13.8879,30.0000,30.0000,15.0000,15.0000,10.0000,10.0000,10.0000,10.3392,7.9906,3.1540,2.7195,4.1351,3.6305,3.2165,8.0000,8.0000,4.0000,4.0000,3.0000,3.0000,3.0000,0.9421,0.7687,1.1920,0.9809,0.7209,1.0064,1.3888,1.0000,1.0000,1.0000,1.0000,1.0000,1.0000,1.0000,1.2924,0.9988,0.7885,0.6799,1.3784,1.2102,1.0722,1.0000,1.0000,1.0000,1.0000,1.0000,1.0000,1.0000,False,,0.122846,1.003279,10.7241,18.4978
149,both,1.002137,0.079989,1.209714,-0.054978,-2.315474,-0.031812,-0.286022,1.292928,-2.175357,1.610496,2.142656,1.097242,0.388870,-0.233872,26.6901,19.8284,11.6364,20.6966,9.7438,8.4135,7.1611,33.9308,19.6121,12.9570,18.3654,11.3167,6.8786,13.5834,7.8797,9.7333,3.1468,5.0309,3.3894,3.8627,2.2527,4.4268,8.7617,5.9353,4.1260,3.9020,3.2855,3.8493,0.8897,0.6609,0.7758,1.3798,0.9744,0.8414,0.7161,1.1310,0.6537,0.8638,1.2244,1.1317,0.6879,1.3583,0.9850,1.2167,0.7867,1.2577,1.1298,1.2876,0.7509,0.5534,1.0952,1.4838,1.0315,1.3007,1.0952,1.2831,True,1.3500,0.904846,0.072674,166.2780,89.9990
150,both,-0.052152,2.232479,-1.368311,2.113720,-1.639639,0.444592,-0.691420,-2.025218,-0.154216,-1.632270,0.540529,1.366327,-0.315658,-0.865958,29.5908,22.3109,11.0349,7.6386,8.7045,8.1825,5.3116,28.9531,21.2484,19.6782,21.2101,14.1066,7.2393,8.1074,8.9699,9.0132,2.2832,3.2682,4.1184,3.2465,2.7359,5.2850,6.4576,3.3312,4.5324,2.0689,4.2582,1.8093,0.9864,0.7437,0.7357,0.5092,0.8704,0.8183,0.5312,0.9651,0.7083,1.3119,1.4140,1.4107,0.7239,0.8107,1.1212,1.1267,0.5708,0.8170,1.3728,1.0822,0.9120,0.6606,0.8072,0.8328,1.1331,0.6896,1.4194,0.6031,True,1.6900,0.907932,0.096121,179.9861,86.6403
151,right_only,0.000000,0.200000,0.000000,0.400000,0.000000,0.000000,0.000000,-3.107605,-0.168307,0.980375,0.517636,0.680078,-0.255722,-0.842290,30.0000,30.0000,15.0000,15.0000,10.0000,10.0000,10.0000,29.1345,25.5956,16.7285,10.7722,11.6293,12.6686,6.6664,8.0000,8.0000,4.0000,4.0000,3.0000,3.0000,3.0000,4.3509,7.5167,5.0961,4.6031,3.6056,2.7085,2.2048,1.0000,1.0000,1.0000,1.0000,1.0000,1.0000,1.0000,0.9711,0.8532,1.1152,0.7181,1.1629,1.2669,0.6666,1.0000,1.0000,1.0000,1.0000,1.0000,1.0000,1.0000,0.5439,0.9396,1.2740,1.1508,1.2019,0.9028,0.7349,False,,0.080678,0.998254,10.4414,12.3387
152,both,-0.635322,0.392502,1.457717,-0.136529,-1.332324,0.006054,-0.033757,-0.309999,-1.746459,2.203414,2.518928,2.313694,0.119803,0.342920,33.2760,28.0465,12.3316,16.3800,5.2553,5.0746,13.5164,37.8897,22.2223,9.7612,12.2435,8.9795,7.4578,14.9889,4.3714,8.1984,4.4600,2.7927,4.1872,2.0703,4.1535,5.8372,10.6451,2.6365,5.9210,2.1766,2.7651,3.1757,1.1092,0.9349,0.8221,1.0920,0.5255,0.5075,1.3516,1.2630,0.7407,0.6507,0.8162,0.8980,0.7458,1.4989,0.5464,1.0248,1.1150,0.6982,1.3957,0.6901,1.3845,0.7297,1.3306,0.6591,1.4802,0.7255,0.9217,1.0586,True,1.9660,0.846199,0.072730,179.8968,89.7216
153,both,-2.573454,2.707580,-1.102533,1.318485,0.155891,0.094943,-1.129066,-2.345806,-2.790694,-1.297369,-0.351505,2.560267,0.011983,0.313881,25.7246,23.2874,15.0477,11.9148,8.4365,9.5275,10.0573,32.4405,27.5010,8.2737,21.4961,9.1360,12.8393,9.1631,11.8745,5.7866,3.9519,2.5980,2.5500,3.6519,2.0234,11.4989,6.3238,3.6489,5.0355,2.5310,2.5931,4.4845,0.8575,0.7762,1.0032,0.7943,0.8436,0.9528,1.0057,1.0814,0.9167,0.5516,1.4331,0.9136,1.2839,0.9163,1.4843,0.7233,0.9880,0.6495,0.8500,1.2173,0.6745,1.4374,0.7905,0.9122,1.2589,0.8437,0.8644,1.4948,True,1.9600,0.941786,0.116750,179.9800,84.0362
154,both,-0.523056,2.225858,0.988431,2.469327,1.954113,0.058512,-0.521828,-3.032611,-1.077556,1.670408,0.910729,-1.801293,-0.196024,0.025372,40.1004,20.1526,16.6822,18.8005,14.3605,6.1670,14.2639,31.6289,31.5764,8.1279,14.0922,7.1382,14.1670,14.7658,8.8117,10.1336,2.2151,4.0246,3.3679,2.4205,2.7950,6.3972,5.4015,2.8780,3.9110,4.1235,3.0001,1.6662,1.3367,0.6718,1.1121,1.2534,1.4360,0.6167,1.4264,1.0543,1.0525,0.5419,0.9395,0.7138,1.4167,1.4766,1.1015,1.2667,0.5538,1.0061,1.1226,0.8068,0.9317,0.7996,0.6752,0.7195,0.9778,1.3745,1.0000,0.5554,True,1.4220,0.888780,0.095232,179.9828,86.9559
155,right_only,0.000000,0.200000,0.000000,0.400000,0.000000,0.000000,0.000000,-2.952139,-2.540462,1.768513,1.616715,0.492637,-0.167453,1.090741,30.0000,30.0000,15.0000,15.0000,10.0000,10.0000,10.0000,24.9353,40.0483,20.9386,14.7500,13.9429,7.7680,11.5843,8.0000,8.0000,4.0000,4.0000,3.0000,3.0000,3.0000,4.7037,7.7915,2.8693,2.2511,1.5112,2.4743,3.2686,1.0000,1.0000,1.0000,1.0000,1.0000,1.0000,1.0000,0.8312,1.3349,1.3959,0.9833,1.3943,0.7768,1.1584,1.0000,1.0000,1.0000,1.0000,1.0000,1.0000,1.0000,0.5880,0.9739,0.7173,0.5628,0.5037,0.8248,1.0895,True,2.0560,0.834265,0.112225,179.8758,88.5844
156,left_only,-0.995865,0.760688,2.960104,2.930238,-2.286237,-0.078526,0.378071,0.000000,-0.200000,0.000000,0.400000,0.000000,0.000000,0.000000,37.0047,25.9912,18.6942,9.3623,8.3181,12.1643,11.2568,30.0000,30.0000,15.0000,15.0000,10.0000,10.0000,10.0000,10.6977,4.3749,2.6976,2.1940,2.0763,1.5128,3.0126,8.0000,8.0000,4.0000,4.0000,3.0000,3.0000,3.0000,1.2335,0.8664,1.2463,0.6242,0.8318,1.2164,1.1257,1.0000,1.0000,1.0000,1.0000,1.0000,1.0000,1.0000,1.3372,0.5469,0.6744,0.5485,0.6921,0.5043,1.0042,1.0000,1.0000,1.0000,1.0000,1.0000,1.0000,1.0000,True,3.9300,0.472885,0.758082,18.0515,68.2890
157,left_only,-0.651639,2.106831,-0.477546,-0.936752,0.871613,-0.412281,0.930073,0.000000,-0.200000,0.000000,0.400000,0.000000,0.000000,0.000000,15.6796,30.9143,20.9238,16.0873,11.0842,11.8161,6.2241,30.0000,30.0000,15.0000,15.0000,10.0000,10.0000,10.0000,9.3994,11.0428,5.8969,3.7722,2.5335,3.7599,3.1286,8.0000,8.0000,4.0000,4.0000,3.0000,3.0000,3.0000,0.5227,1.0305,1.3949,1.0725,1.1084,1.1816,0.6224,1.0000,1.0000,1.0000,1.0000,1.0000,1.0000,1.0000,1.1749,1.3804,1.4742,0.9431,0.8445,1.2533,1.0429,1.0000,1.0000,1.0000,1.0000,1.0000,1.0000,1.0000,True,1.9840,0.832924,0.119904,179.9526,86.7464
158,both,-1.928095,0.270757,-1.694794,0.946401,-2.030083,-0.444260,-1.137694,1.239756,-3.124206,-2.595065,0.913408,-1.338222,0.427992,1.043904,27.1423,28.4619,13.1267,8.0680,7.9285,6.2267,6.0237,20.7892,22.0768,19.5037,21.2316,9.0594,9.0503,12.1248,8.4869,4.7901,2.4117,3.9221,2.8268,1.9129,1.5133,9.0154,5.4731,2.4308,3.7504,3.1945,1.9161,2.3798,0.9047,0.9487,0.8751,0.5379,0.7928,0.6227,0.6024,0.6930,0.7359,1.3002,1.4154,0.9059,0.9050,1.2125,1.0609,0.5988,0.6029,0.9805,0.9423,0.6376,0.5044,1.1269,0.6841,0.6077,0.9376,1.0648,0.6387,0.7933,True,1.4820,0.891946,0.212083,142.2663,71.0790
159,both,-1.699009,0.607707,-0.047484,1.747153,-0.075914,-0.276153,-1.008535,0.731010,-1.588228,-2.657671,0.116042,1.881235,0.232847,0.954574,33.0626,27.6872,13.8995,10.4100,11.5080,10.8507,6.5486,43.6902,41.2573,19.8785,20.3957,8.8188,12.5647,10.7734,11.0853,6.9477,2.1990,3.3115,4.1096,4.2509,2.9712,9.7575,5.4223,4.9256,5.8304,2.4080,4.4585,2.6351,1.1021,0.9229,0.9266,0.6940,1.1508,1.0851,0.6549,1.4563,1.3752,1.3252,1.3597,0.8819,1.2565,1.0773,1.3857,0.8685,0.5497,0.8279,1.3699,1.4170,0.9904,1.2197,0.6778,1.2314,1.4576,0.8027,1.4862,0.8784,False,,0.065633,0.995236,10.0922,16.9311
160,both,-2.199302,0.044442,1.790734,1.341429,-1.240924,0.100317,-0.426463,-1.028235,-0.139130,0.778504,2.198720,0.610923,0.454543,-0.656818,22.8687,17.7768,15.8103,16.7004,12.2596,8.3545,5.1226,25.4088,34.1462,12.6754,13.4409,5.4003,14.1794,9.0689,9.0578,11.9896,3.1782,2.7357,2.3453,2.7762,2.2527,6.6251,4.6919,4.5367,5.4553,1.6235,1.9358,1.9392,0.7623,0.5926,1.0540,1.1134,1.2260,0.8354,0.5123,0.8470,1.1382,0.8450,0.8961,0.5400,1.4179,0.9069,1.1322,1.4987,0.7945,0.6839,0.7818,0.9254,0.7509,0.8281,0.5865,1.1342,1.3638,0.5412,0.6453,0.6464,True,2.6680,1.129976,0.238526,90.1517,70.0266
161,both,-0.303285,3.102251,-0.177853,0.469921,1.401242,0.224376,-0.643239,-2.382508,-2.047478,1.387671,1.920612,1.085317,0.304721,-0.566089,25.1905,16.2702,20.5312,16.2364,7.9812,5.6942,12.2341,42.1307,42.8492,16.4346,13.7500,8.6373,13.1908,11.4461,9.9899,9.3294,2.8151,5.6529,3.7595,3.4733,3.4528,4.6181,5.1375,5.6007,5.5380,4.3555,2.7836,3.8522,0.8397,0.5423,1.3687,1.0824,0.7981,0.5694,1.2234,1.4044,1.4283,1.0956,0.9167,0.8637,1.3191,1.1446,1.2487,1.1662,0.7038,1.4132,1.2532,1.1578,1.1509,0.5773,0.6422,1.4002,1.3845,1.4518,0.9279,1.2841,True,1.2960,0.915287,0.096566,179.9345,87.0281
162,both,0.760940,0.813334,-1.835935,3.167719,-2.835937,0.090036,0.381539,0.071228,-2.433727,1.081354,-0.056270,2.025260,-0.259817,0.499633,38.5024,20.6684,11.0698,19.1866,5.8600,6.9076,9.5553,24.3654,24.7708,17.8176,8.1125,11.8182,7.0120,8.8421,11.4415,8.4950,3.5507,5.9135,2.8911,2.8012,2.7349,5.1723,8.4220,4.9174,3.4186,1.9902,2.1795,3.9543,1.2834,0.6889,0.7380,1.2791,0.5860,0.6908,0.9555,0.8122,0.8257,1.1878,0.5408,1.1818,0.7012,0.8842,1.4302,1.0619,0.8877,1.4784,0.9637,0.9337,0.9116,0.6465,1.0528,1.2294,0.8547,0.6634,0.7265,1.3181,True,1.3360,0.936655,0.074520,179.9857,89.9954
163,left_only,-1.879375,2.548376,-0.782099,-0.170535,1.179297,-0.029096,-1.190556,0.000000,-0.200000,0.000000,0.400000,0.000000,0.000000,0.000000,43.7983,19.4326,12.8011,13.2719,9.8943,12.8544,5.0609,30.0000,30.0000,15.0000,15.0000,10.0000,10.0000,10.0000,11.4598,9.1679,5.8026,5.2696,4.2835,3.3030,2.5719,8.0000,8.0000,4.0000,4.0000,3.0000,3.0000,3.0000,1.4599,0.6478,0.8534,0.8848,0.9894,1.2854,0.5061,1.0000,1.0000,1.0000,1.0000,1.0000,1.0000,1.0000,1.4325,1.1460,1.4506,1.3174,1.4278,1.1010,0.8573,1.0000,1.0000,1.0000,1.0000,1.0000,1.0000,1.0000,True,1.4100,0.885726,0.090997,179.5992,86.6122
164,left_only,-1.053875,2.107362,-0.239296,2.071809,-2.480955,0.305238,-0.751361,0.000000,-0.200000,0.000000,0.400000,0.000000,0.000000,0.000000,43.3184,19.6664,9.4375,19.6781,13.1870,12.3876,14.6053,30.0000,30.0000,15.0000,15.0000,10.0000,10.0000,10.0000,6.1643,10.6132,3.4082,4.1496,2.8368,1.5175,3.2234,8.0000,8.0000,4.0000,4.0000,3.0000,3.0000,3.0000,1.4439,0.6555,0.6292,1.3119,1.3187,1.2388,1.4605,1.0000,1.0000,1.0000,1.0000,1.0000,1.0000,1.0000,0.7705,1.3266,0.8520,1.0374,0.9456,0.5059,1.0745,1.0000,1.0000,1.0000,1.0000,1.0000,1.0000,1.0000,True,1.3840,0.827555,0.104136,179.8715,85.8487
165,left_only,0.380753,0.279808,2.622489,1.240550,-1.983303,0.135002,-0.782516,0.000000,-0.200000,0.000000,0.400000,0.000000,0.000000,0.000000,16.9060,35.5595,9.1604,9.0933,12.3994,5.5520,13.0977,30.0000,30.0000,15.0000,15.0000,10.0000,10.0000,10.0000,10.3692,5.1311,4.0735,2.3865,3.3977,1.6888,4.3334,8.0000,8.0000,4.0000,4.0000,3.0000,3.0000,3.0000,0.5635,1.1853,0.6107,0.6062,1.2399,0.5552,1.3098,1.0000,1.0000,1.0000,1.0000,1.0000,1.0000,1.0000,1.2961,0.6414,1.0184,0.5966,1.1326,0.5629,1.4445,1.0000,1.0000,1.0000,1.0000,1.0000,1.0000,1.0000,False,,0.053392,0.995147,10.6671,14.1487
166,both,-2.161588,2.201342,-1.932588,-0.084367,-0.412530,0.067614,1.267113,-3.017888,-3.398812,-1.023419,0.562226,2.340903,0.381639,0.966533,19.2954,27.3631,18.6883,12.1892,11.6324,7.3714,8.2342,30.2048,18.3815,16.8907,20.6235,8.6252,6.6849,9.0002,10.8834,6.0041,5.8573,3.2250,1.5706,2.2647,2.0136,10.2877,8.7319,2.4046,4.1487,2.9043,2.4813,1.8305,0.6432,0.9121,1.2459,0.8126,1.1632,0.7371,0.8234,1.0068,0.6127,1.1260,1.3749,0.8625,0.6685,0.9000,1.3604,0.7505,1.4643,0.8063,0.5235,0.7549,0.6712,1.2860,1.0915,0.6011,1.0372,0.9681,0.8271,0.6102,True,1.5740,0.876517,0.129455,179.9357,83.2836
167,both,1.481037,0.285444,-1.567148,-0.348743,0.274312,-0.052106,-0.636125,-1.117416,-0.854087,-1.412758,2.829965,-0.985446,-0.279184,1.154602,39.3168,25.2941,20.1215,15.2822,8.4675,13.3961,12.5217,32.9967,31.5192,11.8507,22.0736,11.2167,11.7092,9.5479,6.3830,8.8534,3.4776,2.0042,4.3854,3.1489,3.2953,6.3029,4.5148,3.4009,2.7044,3.4863,4.1370,2.4083,1.3106,0.8431,1.3414,1.0188,0.8468,1.3396,1.2522,1.0999,1.0506,0.7900,1.4716,1.1217,1.1709,0.9548,0.7979,1.1067,0.8694,0.5011,1.4618,1.0496,1.0984,0.7879,0.5643,0.8502,0.6761,1.1621,1.3790,0.8028,True,1.4520,0.955325,0.145896,179.8175,85.5808
168,both,-1.572123,2.153978,-1.813631,2.888577,-0.914243,-0.368891,-0.826303,1.253234,-2.465889,0.745064,-0.305038,-1.631974,0.350795,-0.893996,15.5625,30.0370,20.4409,12.3899,6.2816,14.8223,11.7674,43.5177,32.0598,11.9193,14.8429,11.1371,9.2673,12.9113,10.8055,10.0171,4.7930,3.5383,2.4730,3.6509,3.6501,8.6769,4.0755,4.2794,4.5344,4.2458,2.7412,3.2234,0.5188,1.0012,1.3627,0.8260,0.6282,1.4822,1.1767,1.4506,1.0687,0.7946,0.9895,1.1137,0.9267,1.2911,1.3507,1.2521,1.1982,0.8846,0.8243,1.2170,1.2167,1.0846,0.5094,1.0698,1.1336,1.4153,0.9137,1.0745,True,1.2780,0.898273,0.116199,179.8163,81.4152
169,left_only,-0.902762,1.629661,-2.278386,2.755782,2.233975,0.044455,0.143651,0.000000,-0.200000,0.000000,0.400000,0.000000,0.000000,0.000000,16.7267,32.9385,13.9373,18.1357,5.4712,12.1089,7.8689,30.0000,30.0000,15.0000,15.0000,10.0000,10.0000,10.0000,9.2136,9.0170,2.9074,3.7618,4.0069,3.3168,1.7062,8.0000,8.0000,4.0000,4.0000,3.0000,3.0000,3.0000,0.5576,1.0980,0.9292,1.2090,0.5471,1.2109,0.7869,1.0000,1.0000,1.0000,1.0000,1.0000,1.0000,1.0000,1.1517,1.1271,0.7268,0.9405,1.3356,1.1056,0.5687,1.0000,1.0000,1.0000,1.0000,1.0000,1.0000,1.0000,True,1.3420,0.856373,0.110432,179.9999,85.3172
170,left_only,-1.053899,0.798496,0.978131,1.588149,-2.950107,0.099618,0.596518,0.000000,-0.200000,0.000000,0.400000,0.000000,0.000000,0.000000,38.0619,16.7693,12.0549,13.8191,6.7977,9.2073,5.7113,30.0000,30.0000,15.0000,15.0000,10.0000,10.0000,10.0000,4.9057,9.3496,3.0503,4.8456,1.6443,3.1881,2.6743,8.0000,8.0000,4.0000,4.0000,3.0000,3.0000,3.0000,1.2687,0.5590,0.8037,0.9213,0.6798,0.9207,0.5711,1.0000,1.0000,1.0000,1.0000,1.0000,1.0000,1.0000,0.6132,1.1687,0.7626,1.2114,0.5481,1.0627,0.8914,1.0000,1.0000,1.0000,1.0000,1.0000,1.0000,1.0000,False,,0.075060,0.998842,11.2582,14.5332
171,left_only,0.613735,2.583337,-0.530577,1.621809,-1.699319,0.074376,-1.063588,0.000000,-0.200000,0.000000,0.400000,0.000000,0.000000,0.000000,28.0381,20.4818,20.7507,14.1735,10.9077,8.6038,7.8874,30.0000,30.0000,15.0000,15.0000,10.0000,10.0000,10.0000,5.6234,11.2950,5.1979,2.5330,3.7402,2.7556,1.5462,8.0000,8.0000,4.0000,4.0000,3.0000,3.0000,3.0000,0.9346,0.6827,1.3834,0.9449,1.0908,0.8604,0.7887,1.0000,1.0000,1.0000,1.0000,1.0000,1.0000,1.0000,0.7029,1.4119,1.2995,0.6333,1.2467,0.9185,0.5154,1.0000,1.0000,1.0000,1.0000,1.0000,1.0000,1.0000,True,1.2600,0.898199,0.092010,179.7133,87.5265
172,both,-0.651390,0.111576,-1.469673,1.924649,-1.528862,0.362497,0.399211,0.780055,-1.074584,1.916377,0.543758,0.413050,0.014699,1.025628,19.9475,32.3418,18.8165,13.0507,13.6758,8.7301,6.7331,31.3692,18.1670,15.5163,20.3341,12.4948,7.9110,6.2389,8.6724,7.3645,2.0608,2.2794,2.0858,3.8080,4.1761,11.2055,10.8327,2.2149,5.2947,1.7916,1.6899,3.7758,0.6649,1.0781,1.2544,0.8700,1.3676,0.8730,0.6733,1.0456,0.6056,1.0344,1.3556,1.2495,0.7911,0.6239,1.0840,0.9206,0.5152,0.5698,0.6953,1.2693,1.3920,1.4007,1.3541,0.5537,1.3237,0.5972,0.5633,1.2586,True,1.4760,0.780979,0.081471,179.7859,88.1202
173,right_only,0.000000,0.200000,0.000000,0.400000,0.000000,0.000000,0.000000,-0.613977,-1.833009,2.114899,2.516324,-2.418089,0.107381,0.691559,30.0000,30.0000,15.0000,15.0000,10.0000,10.0000,10.0000,31.5147,44.4902,17.7907,9.0621,6.9830,13.2625,14.9676,8.0000,8.0000,4.0000,4.0000,3.0000,3.0000,3.0000,4.7867,4.8026,5.0535,2.2574,1.7057,4.1664,3.9013,1.0000,1.0000,1.0000,1.0000,1.0000,1.0000,1.0000,1.0505,1.4830,1.1860,0.6041,0.6983,1.3262,1.4968,1.0000,1.0000,1.0000,1.0000,1.0000,1.0000,1.0000,0.5983,0.6003,1.2634,0.5644,0.5686,1.3888,1.3004,True,1.2880,0.833688,0.072620,167.5951,89.4592
174,right_only,0.000000,0.200000,0.000000,0.400000,0.000000,0.000000,0.000000,1.012163,-0.941059,-1.181219,2.793074,-1.029353,-0.207652,0.981457,30.0000,30.0000,15.0000,15.0000,10.0000,10.0000,10.0000,35.4247,41.8702,9.8385,21.7845,11.1274,11.6804,14.1406,8.0000,8.0000,4.0000,4.0000,3.0000,3.0000,3.0000,7.0460,9.7566,4.5614,5.1510,4.1908,3.5402,1.7029,1.0000,1.0000,1.0000,1.0000,1.0000,1.0000,1.0000,1.1808,1.3957,0.6559,1.4523,1.1127,1.1680,1.4141,1.0000,1.0000,1.0000,1.0000,1.0000,1.0000,1.0000,0.8808,1.2196,1.1403,1.2878,1.3969,1.1801,0.5676,True,1.3860,0.913708,0.080298,179.5198,89.9505
175,both,-2.277409,3.226038,2.832248,3.045417,-2.798035,-0.108735,0.659569,0.406092,-3.075264,0.445802,-0.359948,0.090886,-0.240791,-1.134971,17.4006,42.3268,18.6697,21.4774,9.6999,9.1329,8.5841,21.7033,16.1267,18.1174,15.7347,12.2393,5.8762,14.9553,8.9305,6.8125,4.9851,5.2053,4.1275,2.2284,3.0811,11.9548,7.7200,5.4642,2.9743,3.7127,4.1377,3.9440,0.5800,1.4109,1.2446,1.4318,0.9700,0.9133,0.8584,0.7234,0.5376,1.2078,1.0490,1.2239,0.5876,1.4955,1.1163,0.8516,1.2463,1.3013,1.3758,0.7428,1.0270,1.4943,0.9650,1.3661,0.7436,1.2376,1.3792,1.3147,True,1.8460,1.025779,0.100865,179.2160,84.3301
176,left_only,0.683456,1.370241,1.989343,1.902611,-2.247080,-0.356879,0.690682,0.000000,-0.200000,0.000000,0.400000,0.000000,0.000000,0.000000,33.7639,30.5813,21.1089,17.3939,8.9615,9.1393,11.0524,30.0000,30.0000,15.0000,15.0000,10.0000,10.0000,10.0000,10.0822,8.5148,4.0350,4.9076,3.6158,3.9910,1.6877,8.0000,8.0000,4.0000,4.0000,3.0000,3.0000,3.0000,1.1255,1.0194,1.4073,1.1596,0.8961,0.9139,1.1052,1.0000,1.0000,1.0000,1.0000,1.0000,1.0000,1.0000,1.2603,1.0644,1.0088,1.2269,1.2053,1.3303,0.5626,1.0000,1.0000,1.0000,1.0000,1.0000,1.0000,1.0000,True,1.5300,0.843295,0.086243,179.9883,88.4296
177,right_only,0.000000,0.200000,0.000000,0.400000,0.000000,0.000000,0.000000,0.415825,-1.457986,-2.586490,1.854311,1.377272,0.021855,0.746249,30.0000,30.0000,15.0000,15.0000,10.0000,10.0000,10.0000,24.0074,21.0572,12.7610,13.6508,11.9593,13.4552,12.2092,8.0000,8.0000,4.0000,4.0000,3.0000,3.0000,3.0000,5.3919,6.9297,2.6337,4.7469,2.2445,3.0762,3.8755,1.0000,1.0000,1.0000,1.0000,1.0000,1.0000,1.0000,0.8002,0.7019,0.8507,0.9101,1.1959,1.3455,1.2209,1.0000,1.0000,1.0000,1.0000,1.0000,1.0000,1.0000,0.6740,0.8662,0.6584,1.1867,0.7482,1.0254,1.2918,True,1.7620,0.859648,0.099290,179.9316,88.1086
178,left_only,0.020124,0.747854,-0.772646,1.748395,0.154934,-0.373336,0.949939,0.000000,-0.200000,0.000000,0.400000,0.000000,0.000000,0.000000,30.3784,29.2008,10.4766,13.1549,8.3282,7.7074,10.6741,30.0000,30.0000,15.0000,15.0000,10.0000,10.0000,10.0000,7.6982,11.1136,5.7654,2.8779,1.8003,3.8560,4.4846,8.0000,8.0000,4.0000,4.0000,3.0000,3.0000,3.0000,1.0126,0.9734,0.6984,0.8770,0.8328,0.7707,1.0674,1.0000,1.0000,1.0000,1.0000,1.0000,1.0000,1.0000,0.9623,1.3892,1.4413,0.7195,0.6001,1.2853,1.4949,1.0000,1.0000,1.0000,1.0000,1.0000,1.0000,1.0000,True,1.8340,0.826580,0.106885,179.9637,88.5847
179,both,0.927556,-0.290424,-1.235336,-0.770996,1.717689,0.075301,0.034845,-0.528541,-2.445734,0.401290,-0.823345,0.971028,0.216851,0.439487,24.9635,39.7879,18.2332,9.4245,6.9514,11.3711,7.8942,23.4304,24.3467,10.8525,19.2781,14.5981,9.9250,5.4203,4.9555,5.2398,2.6625,3.9112,3.3222,2.0292,3.6375,6.0846,5.2644,5.3710,2.3394,4.3994,3.2655,3.0532,0.8321,1.3263,1.2155,0.6283,0.6951,1.1371,0.7894,0.7810,0.8116,0.7235,1.2852,1.4598,0.9925,0.5420,0.6194,0.6550,0.6656,0.9778,1.1074,0.6764,1.2125,0.7606,0.6581,1.3428,0.5849,1.4665,1.0885,1.0177,True,2.4080,1.194201,0.075919,90.8024,83.2129
180,left_only,0.851021,-0.275870,1.746456,-0.468425,1.832882,0.026988,-1.114731,0.000000,-0.200000,0.000000,0.400000,0.000000,0.000000,0.000000,39.9974,15.8194,9.5756,19.4674,9.6487,13.8139,11.3543,30.0000,30.0000,15.0000,15.0000,10.0000,10.0000,10.0000,8.9882,6.3379,2.5347,5.8447,1.8144,3.0870,2.3177,8.0000,8.0000,4.0000,4.0000,3.0000,3.0000,3.0000,1.3332,0.5273,0.6384,1.2978,0.9649,1.3814,1.1354,1.0000,1.0000,1.0000,1.0000,1.0000,1.0000,1.0000,1.1235,0.7922,0.6337,1.4612,0.6048,1.0290,0.7726,1.0000,1.0000,1.0000,1.0000,1.0000,1.0000,1.0000,False,,0.112118,0.997707,10.0663,15.3922
181,left_only,-1.895898,1.867536,1.864286,2.259751,1.994298,-0.191565,-0.086991,0.000000,-0.200000,0.000000,0.400000,0.000000,0.000000,0.000000,15.2800,37.4057,12.0351,15.9224,6.6930,13.1940,13.1727,30.0000,30.0000,15.0000,15.0000,10.0000,10.0000,10.0000,11.0196,4.3675,5.9698,2.9911,2.4283,2.2480,2.3026,8.0000,8.0000,4.0000,4.0000,3.0000,3.0000,3.0000,0.5093,1.2469,0.8023,1.0615,0.6693,1.3194,1.3173,1.0000,1.0000,1.0000,1.0000,1.0000,1.0000,1.0000,1.3775,0.5459,1.4925,0.7478,0.8094,0.7493,0.7675,1.0000,1.0000,1.0000,1.0000,1.0000,1.0000,1.0000,True,1.5100,0.852444,0.104551,179.8231,88.0360
182,left_only,-0.536965,0.526484,-0.427317,1.757655,1.805511,0.178286,0.239580,0.000000,-0.200000,0.000000,0.400000,0.000000,0.000000,0.000000,19.4319,39.4835,8.0591,11.4629,5.5706,11.6743,8.6837,30.0000,30.0000,15.0000,15.0000,10.0000,10.0000,10.0000,9.2164,6.7762,3.8230,3.8318,1.6367,2.7907,3.4232,8.0000,8.0000,4.0000,4.0000,3.0000,3.0000,3.0000,0.6477,1.3161,0.5373,0.7642,0.5571,1.1674,0.8684,1.0000,1.0000,1.0000,1.0000,1.0000,1.0000,1.0000,1.1520,0.8470,0.9557,0.9580,0.5456,0.9302,1.1411,1.0000,1.0000,1.0000,1.0000,1.0000,1.0000,1.0000,True,2.3360,0.823722,0.099617,174.7273,86.7609
183,right_only,0.000000,0.200000,0.000000,0.400000,0.000000,0.000000,0.000000,-0.568094,-3.115427,0.777878,0.325603,-2.666856,-0.318574,-0.006198,30.0000,30.0000,15.0000,15.0000,10.0000,10.0000,10.0000,24.3120,35.8315,11.1098,19.0919,7.8648,11.2086,12.9922,8.0000,8.0000,4.0000,4.0000,3.0000,3.0000,3.0000,7.0844,4.3744,4.1418,5.9816,4.4070,2.1631,3.7671,1.0000,1.0000,1.0000,1.0000,1.0000,1.0000,1.0000,0.8104,1.1944,0.7407,1.2728,0.7865,1.1209,1.2992,1.0000,1.0000,1.0000,1.0000,1.0000,1.0000,1.0000,0.8856,0.5468,1.0354,1.4954,1.4690,0.7210,1.2557,True,1.2920,0.847820,0.208373,140.1963,68.4373
184,left_only,-1.515277,0.225830,1.115736,1.118588,0.095968,0.302838,-0.415179,0.000000,-0.200000,0.000000,0.400000,0.000000,0.000000,0.000000,35.0128,25.9857,8.1409,13.1702,14.5003,9.8326,6.0823,30.0000,30.0000,15.0000,15.0000,10.0000,10.0000,10.0000,9.5026,11.7070,5.6318,4.2878,2.6288,3.2420,3.9478,8.0000,8.0000,4.0000,4.0000,3.0000,3.0000,3.0000,1.1671,0.8662,0.5427,0.8780,1.4500,0.9833,0.6082,1.0000,1.0000,1.0000,1.0000,1.0000,1.0000,1.0000,1.1878,1.4634,1.4079,1.0720,0.8763,1.0807,1.3159,1.0000,1.0000,1.0000,1.0000,1.0000,1.0000,1.0000,False,,0.086522,1.000357,11.2578,15.1984
185,left_only,0.916428,2.715230,-0.077449,-0.459116,0.268439,-0.317803,-1.115166,0.000000,-0.200000,0.000000,0.400000,0.000000,0.000000,0.000000,29.9600,34.6612,20.3122,19.2425,13.5724,12.6007,12.0324,30.0000,30.0000,15.0000,15.0000,10.0000,10.0000,10.0000,4.0811,9.0088,2.4819,2.2347,1.9692,3.9699,3.7315,8.0000,8.0000,4.0000,4.0000,3.0000,3.0000,3.0000,0.9987,1.1554,1.3541,1.2828,1.3572,1.2601,1.2032,1.0000,1.0000,1.0000,1.0000,1.0000,1.0000,1.0000,0.5101,1.1261,0.6205,0.5587,0.6564,1.3233,1.2438,1.0000,1.0000,1.0000,1.0000,1.0000,1.0000,1.0000,True,1.3640,0.834461,0.124044,179.9167,83.6156
186,both,1.328718,3.320530,2.404920,-0.401015,2.049484,0.313239,0.942558,-2.425561,-2.958527,2.227996,-0.232096,-0.626739,-0.040714,-0.953916,15.6190,44.8227,20.6499,21.1851,7.8456,7.2010,9.2587,17.8823,22.9849,15.0320,13.9777,10.4503,13.4907,7.2524,7.6266,4.0448,5.1170,5.9867,3.0861,2.6648,2.6783,4.2213,4.3058,2.5367,4.2819,3.9246,4.1604,3.4053,0.5206,1.4941,1.3767,1.4123,0.7846,0.7201,0.9259,0.5961,0.7662,1.0021,0.9318,1.0450,1.3491,0.7252,0.9533,0.5056,1.2793,1.4967,1.0287,0.8883,0.8928,0.5277,0.5382,0.6342,1.0705,1.3082,1.3868,1.1351,True,1.2740,0.878228,0.072834,155.2633,89.9953
187,right_only,0.000000,0.200000,0.000000,0.400000,0.000000,0.000000,0.000000,-1.241195,-2.815934,-0.733958,0.422875,2.261349,-0.012285,-0.695462,30.0000,30.0000,15.0000,15.0000,10.0000,10.0000,10.0000,23.6640,19.0941,21.2788,8.2552,5.1285,6.8299,13.1087,8.0000,8.0000,4.0000,4.0000,3.0000,3.0000,3.0000,8.1877,9.0067,3.4309,2.2747,4.0685,2.0757,1.5992,1.0000,1.0000,1.0000,1.0000,1.0000,1.0000,1.0000,0.7888,0.6365,1.4186,0.5503,0.5128,0.6830,1.3109,1.0000,1.0000,1.0000,1.0000,1.0000,1.0000,1.0000,1.0235,1.1258,0.8577,0.5687,1.3562,0.6919,0.5331,True,2.0900,1.225906,0.086942,97.7339,78.7467
188,both,-0.442564,-0.065167,-2.117030,2.355557,-0.178329,-0.239105,-0.384489,0.294725,-3.149181,-2.349555,1.595162,0.746157,0.437028,-0.318644,16.9523,31.1261,17.0752,9.5940,10.5286,6.9777,13.4473,17.5451,26.4797,11.4176,21.7808,9.1159,12.6267,8.8671,10.6813,7.4370,5.8670,5.9191,1.8878,2.6031,3.3010,5.0545,10.9052,2.0017,2.2238,2.5932,3.5607,2.5251,0.5651,1.0375,1.1383,0.6396,1.0529,0.6978,1.3447,0.5848,0.8827,0.7612,1.4521,0.9116,1.2627,0.8867,1.3352,0.9296,1.4667,1.4798,0.6293,0.8677,1.1003,0.6318,1.3632,0.5004,0.5559,0.8644,1.1869,0.8417,True,1.4500,0.852051,0.124284,179.9993,83.6189
189,right_only,0.000000,0.200000,0.000000,0.400000,0.000000,0.000000,0.000000,-2.827667,-2.198565,-1.620958,-0.927616,0.330459,-0.354603,-0.539759,30.0000,30.0000,15.0000,15.0000,10.0000,10.0000,10.0000,34.2357,36.7535,11.4518,12.4379,7.4691,14.5689,6.9052,8.0000,8.0000,4.0000,4.0000,3.0000,3.0000,3.0000,5.4654,7.5603,2.7572,2.6268,1.7876,3.4205,3.3362,1.0000,1.0000,1.0000,1.0000,1.0000,1.0000,1.0000,1.1412,1.2251,0.7635,0.8292,0.7469,1.4569,0.6905,1.0000,1.0000,1.0000,1.0000,1.0000,1.0000,1.0000,0.6832,0.9450,0.6893,0.6567,0.5959,1.1402,1.1121,True,2.2700,1.317362,0.085810,99.9366,79.7715
190,left_only,-0.077733,2.543074,-0.809550,2.843090,1.213259,0.281855,0.561244,0.000000,-0.200000,0.000000,0.400000,0.000000,0.000000,0.000000,25.7537,23.4910,13.8378,8.9555,9.5128,5.4314,5.0395,30.0000,30.0000,15.0000,15.0000,10.0000,10.0000,10.0000,11.4520,9.5147,4.2474,3.3644,3.2116,4.1747,3.4571,8.0000,8.0000,4.0000,4.0000,3.0000,3.0000,3.0000,0.8585,0.7830,0.9225,0.5970,0.9513,0.5431,0.5039,1.0000,1.0000,1.0000,1.0000,1.0000,1.0000,1.0000,1.4315,1.1893,1.0618,0.8411,1.0705,1.3916,1.1524,1.0000,1.0000,1.0000,1.0000,1.0000,1.0000,1.0000,True,1.2820,0.908833,0.091526,179.9780,87.5422
191,right_only,0.000000,0.200000,0.000000,0.400000,0.000000,0.000000,0.000000,-0.302310,-1.660427,-1.049898,1.935000,2.900450,-0.069599,-0.273799,30.0000,30.0000,15.0000,15.0000,10.0000,10.0000,10.0000,27.8434,27.7663,22.3594,18.1017,8.5918,8.7150,9.3080,8.0000,8.0000,4.0000,4.0000,3.0000,3.0000,3.0000,4.2937,8.2225,5.2455,4.6423,2.0953,3.6841,3.6584,1.0000,1.0000,1.0000,1.0000,1.0000,1.0000,1.0000,0.9281,0.9255,1.4906,1.2068,0.8592,0.8715,0.9308,1.0000,1.0000,1.0000,1.0000,1.0000,1.0000,1.0000,0.5367,1.0278,1.3114,1.1606,0.6984,1.2280,1.2195,True,2.3320,1.151028,0.080676,93.1388,79.9845
192,right_only,0.000000,0.200000,0.000000,0.400000,0.000000,0.000000,0.000000,-1.903440,-1.045534,0.454081,2.518323,-1.966223,-0.282274,-0.035637,30.0000,30.0000,15.0000,15.0000,10.0000,10.0000,10.0000,16.3244,27.4678,19.3233,9.7307,9.5995,14.8977,10.0592,8.0000,8.0000,4.0000,4.0000,3.0000,3.0000,3.0000,7.9866,8.4703,2.7440,2.5887,3.5321,2.6873,2.3697,1.0000,1.0000,1.0000,1.0000,1.0000,1.0000,1.0000,0.5441,0.9156,1.2882,0.6487,0.9599,1.4898,1.0059,1.0000,1.0000,1.0000,1.0000,1.0000,1.0000,1.0000,0.9983,1.0588,0.6860,0.6472,1.1774,0.8958,0.7899,True,1.5700,0.849146,0.072510,179.8710,89.7314
193,left_only,-2.992146,2.818071,-2.476695,2.147430,-0.809746,0.091286,-0.640898,0.000000,-0.200000,0.000000,0.400000,0.000000,0.000000,0.000000,19.6620,31.0016,17.9343,10.4324,9.3636,9.4465,7.1598,30.0000,30.0000,15.0000,15.0000,10.0000,10.0000,10.0000,8.5204,5.1675,4.0390,2.4537,2.9566,2.4348,2.8567,8.0000,8.0000,4.0000,4.0000,3.0000,3.0000,3.0000,0.6554,1.0334,1.1956,0.6955,0.9364,0.9447,0.7160,1.0000,1.0000,1.0000,1.0000,1.0000,1.0000,1.0000,1.0650,0.6459,1.0097,0.6134,0.9855,0.8116,0.9522,1.0000,1.0000,1.0000,1.0000,1.0000,1.0000,1.0000,True,1.4260,0.959850,0.118409,179.6028,86.8245
194,left_only,-1.097041,3.051987,0.117935,2.430401,-1.710242,-0.136823,-1.079273,0.000000,-0.200000,0.000000,0.400000,0.000000,0.000000,0.000000,27.6224,35.0610,20.0725,15.9887,11.4007,6.7727,5.3721,30.0000,30.0000,15.0000,15.0000,10.0000,10.0000,10.0000,10.3335,5.3363,2.3647,5.7502,4.3906,3.3488,2.6359,8.0000,8.0000,4.0000,4.0000,3.0000,3.0000,3.0000,0.9207,1.1687,1.3382,1.0659,1.1401,0.6773,0.5372,1.0000,1.0000,1.0000,1.0000,1.0000,1.0000,1.0000,1.2917,0.6670,0.5912,1.4376,1.4635,1.1163,0.8786,1.0000,1.0000,1.0000,1.0000,1.0000,1.0000,1.0000,True,1.3600,0.981745,0.134719,89.9276,87.4148
195,right_only,0.000000,0.200000,0.000000,0.400000,0.000000,0.000000,0.000000,0.784558,-2.626159,-0.575345,0.524481,2.507152,0.388294,0.383250,30.0000,30.0000,15.0000,15.0000,10.0000,10.0000,10.0000,18.3222,29.4658,11.1799,20.7737,6.3840,5.5431,12.0443,8.0000,8.0000,4.0000,4.0000,3.0000,3.0000,3.0000,7.6263,10.7069,2.2985,5.2043,1.6120,1.5842,2.8839,1.0000,1.0000,1.0000,1.0000,1.0000,1.0000,1.0000,0.6107,0.9822,0.7453,1.3849,0.6384,0.5543,1.2044,1.0000,1.0000,1.0000,1.0000,1.0000,1.0000,1.0000,0.9533,1.3384,0.5746,1.3011,0.5373,0.5281,0.9613,True,1.6480,0.846871,0.077028,179.9360,88.5092
196,both,-2.097718,1.864257,-2.513618,-0.803841,1.178375,-0.268097,0.397299,0.392133,-3.175728,1.354505,0.158580,-0.506215,-0.382359,0.860120,31.8219,30.1400,22.0283,12.5176,13.9078,12.1969,14.2853,43.9544,21.1327,14.9936,15.3223,6.6183,12.2253,5.8887,11.2624,11.9282,2.5267,5.1841,3.9135,3.4331,2.3366,9.5448,10.7889,3.3976,4.8377,1.9703,4.0378,4.3561,1.0607,1.0047,1.4686,0.8345,1.3908,1.2197,1.4285,1.4651,0.7044,0.9996,1.0215,0.6618,1.2225,0.5889,1.4078,1.4910,0.6317,1.2960,1.3045,1.1444,0.7789,1.1931,1.3486,0.8494,1.2094,0.6568,1.3459,1.4520,True,1.2500,0.878322,0.128589,179.9366,83.4431
197,left_only,-2.420813,2.235229,0.208062,1.245092,1.059381,-0.010415,0.254829,0.000000,-0.200000,0.000000,0.400000,0.000000,0.000000,0.000000,21.9270,26.3552,20.4786,9.1485,10.9758,6.8429,13.4654,30.0000,30.0000,15.0000,15.0000,10.0000,10.0000,10.0000,8.6324,7.2244,2.9993,3.7474,4.3728,3.0276,2.9085,8.0000,8.0000,4.0000,4.0000,3.0000,3.0000,3.0000,0.7309,0.8785,1.3652,0.6099,1.0976,0.6843,1.3465,1.0000,1.0000,1.0000,1.0000,1.0000,1.0000,1.0000,1.0790,0.9030,0.7498,0.9368,1.4576,1.0092,0.9695,1.0000,1.0000,1.0000,1.0000,1.0000,1.0000,1.0000,True,1.6020,0.932179,0.073105,179.9032,89.0626
198,both,0.374950,1.052798,-0.236506,0.441594,-2.140702,0.197774,0.947499,1.125341,-0.070565,-0.448386,0.223193,0.924441,0.420602,0.576709,29.8455,35.6643,19.0881,21.2890,12.6322,9.3319,7.7361,30.6015,18.8715,20.5381,12.8852,9.3258,7.0567,10.5340,7.9991,6.6254,5.7711,4.0319,2.9162,2.5446,3.4182,9.6164,11.0493,2.2064,5.8933,3.6115,2.3529,2.1134,0.9948,1.1888,1.2725,1.4193,1.2632,0.9332,0.7736,1.0201,0.6290,1.3692,0.8590,0.9326,0.7057,1.0534,0.9999,0.8282,1.4428,1.0080,0.9721,0.8482,1.1394,1.2021,1.3812,0.5516,1.4733,1.2038,0.7843,0.7045,True,2.0860,0.867659,0.075831,161.5967,87.4612
199,left_only,-1.745426,2.930243,-1.007818,0.961451,1.055051,0.344091,0.402771,0.000000,-0.200000,0.000000,0.400000,0.000000,0.000000,0.000000,37.5933,20.1998,20.6611,11.6358,6.2838,14.7624,7.0164,30.0000,30.0000,15.0000,15.0000,10.0000,10.0000,10.0000,5.0932,9.0082,3.2755,2.5334,3.3034,3.7770,3.8796,8.0000,8.0000,4.0000,4.0000,3.0000,3.0000,3.0000,1.2531,0.6733,1.3774,0.7757,0.6284,1.4762,0.7016,1.0000,1.0000,1.0000,1.0000,1.0000,1.0000,1.0000,0.6367,1.1260,0.8189,0.6333,1.1011,1.2590,1.2932,1.0000,1.0000,1.0000,1.0000,1.0000,1.0000,1.0000,True,1.3780,0.894117,0.089588,179.8482,84.3697
200,both,-2.407536,1.724958,1.953556,-0.284711,-1.813750,-0.460269,0.062571,-2.223049,-0.662363,2.445753,-0.087840,0.988799,-0.266553,-1.224263,37.7566,28.0201,21.7018,15.5143,6.5748,9.4977,7.0289,15.6756,18.4336,13.4249,14.5006,6.3646,9.1115,9.4162,11.0242,9.5272,3.3650,4.1113,3.5084,3.8486,1.7404,4.8727,11.3333,4.3966,3.5541,3.0207,2.4426,4.0630,1.2586,0.9340,1.4468,1.0343,0.6575,0.9498,0.7029,0.5225,0.6145,0.8950,0.9667,0.6365,0.9112,0.9416,1.3780,1.1909,0.8412,1.0278,1.1695,1.2829,0.5801,0.6091,1.4167,1.0991,0.8885,1.0069,0.8142,1.3543,True,1.9060,1.143000,0.104045,62.7516,81.9500
201,right_only,0.000000,0.200000,0.000000,0.400000,0.000000,0.000000,0.000000,-0.431679,-1.529294,2.154720,2.510856,1.931739,-0.253811,-0.881067,30.0000,30.0000,15.0000,15.0000,10.0000,10.0000,10.0000,35.7029,29.0593,17.7557,18.9094,7.9531,7.8465,9.9083,8.0000,8.0000,4.0000,4.0000,3.0000,3.0000,3.0000,6.1884,9.3384,4.9869,3.8882,3.6714,3.0313,3.6386,1.0000,1.0000,1.0000,1.0000,1.0000,1.0000,1.0000,1.1901,0.9686,1.1837,1.2606,0.7953,0.7847,0.9908,1.0000,1.0000,1.0000,1.0000,1.0000,1.0000,1.0000,0.7735,1.1673,1.2467,0.9720,1.2238,1.0104,1.2129,False,,0.188958,0.987022,10.8220,14.4204
202,right_only,0.000000,0.200000,0.000000,0.400000,0.000000,0.000000,0.000000,-2.080400,-0.607173,1.044753,0.151082,0.452393,0.328663,-0.636212,30.0000,30.0000,15.0000,15.0000,10.0000,10.0000,10.0000,37.0794,43.6190,20.4936,13.5228,11.0721,14.9177,10.6844,8.0000,8.0000,4.0000,4.0000,3.0000,3.0000,3.0000,4.9202,4.3634,5.1613,3.6945,2.2404,2.5430,3.7721,1.0000,1.0000,1.0000,1.0000,1.0000,1.0000,1.0000,1.2360,1.4540,1.3662,0.9015,1.1072,1.4918,1.0684,1.0000,1.0000,1.0000,1.0000,1.0000,1.0000,1.0000,0.6150,0.5454,1.2903,0.9236,0.7468,0.8477,1.2574,False,,0.077291,0.999736,9.5117,13.7440
203,left_only,-0.948685,2.902928,1.507028,3.072679,2.107782,-0.227044,0.404010,0.000000,-0.200000,0.000000,0.400000,0.000000,0.000000,0.000000,15.6163,44.7332,11.4151,17.4719,13.4915,6.6046,13.4788,30.0000,30.0000,15.0000,15.0000,10.0000,10.0000,10.0000,4.0980,7.5358,3.8882,3.4964,3.2592,4.2445,2.4810,8.0000,8.0000,4.0000,4.0000,3.0000,3.0000,3.0000,0.5205,1.4911,0.7610,1.1648,1.3492,0.6605,1.3479,1.0000,1.0000,1.0000,1.0000,1.0000,1.0000,1.0000,0.5122,0.9420,0.9720,0.8741,1.0864,1.4148,0.8270,1.0000,1.0000,1.0000,1.0000,1.0000,1.0000,1.0000,True,1.4000,0.969157,0.094836,178.9559,82.3280
204,right_only,0.000000,0.200000,0.000000,0.400000,0.000000,0.000000,0.000000,-0.411686,-0.083192,1.372884,-0.781772,2.680475,-0.419352,0.225447,30.0000,30.0000,15.0000,15.0000,10.0000,10.0000,10.0000,32.2606,38.5917,9.7266,10.1906,12.5211,6.4950,9.6945,8.0000,8.0000,4.0000,4.0000,3.0000,3.0000,3.0000,9.8532,9.2099,2.8424,3.2158,4.4069,2.8460,1.6334,1.0000,1.0000,1.0000,1.0000,1.0000,1.0000,1.0000,1.0754,1.2864,0.6484,0.6794,1.2521,0.6495,0.9694,1.0000,1.0000,1.0000,1.0000,1.0000,1.0000,1.0000,1.2316,1.1512,0.7106,0.8040,1.4690,0.9487,0.5445,False,,0.082270,0.995402,10.0804,12.5012
205,left_only,-2.105755,0.914405,3.007105,0.300116,-2.857960,0.011952,-1.057642,0.000000,-0.200000,0.000000,0.400000,0.000000,0.000000,0.000000,23.2220,44.7715,18.0696,8.2600,9.4869,6.7164,6.2294,30.0000,30.0000,15.0000,15.0000,10.0000,10.0000,10.0000,8.6965,8.0452,4.9715,5.5692,2.2400,4.2690,3.0540,8.0000,8.0000,4.0000,4.0000,3.0000,3.0000,3.0000,0.7741,1.4924,1.2046,0.5507,0.9487,0.6716,0.6229,1.0000,1.0000,1.0000,1.0000,1.0000,1.0000,1.0000,1.0871,1.0057,1.2429,1.3923,0.7467,1.4230,1.0180,1.0000,1.0000,1.0000,1.0000,1.0000,1.0000,1.0000,True,2.7720,1.108040,0.097549,107.6354,75.8054
206,left_only,-1.920888,2.817070,-2.458545,1.360774,1.146540,-0.203521,0.923269,0.000000,-0.200000,0.000000,0.400000,0.000000,0.000000,0.000000,22.2085,40.1962,8.6782,9.8989,8.8098,13.5406,6.4459,30.0000,30.0000,15.0000,15.0000,10.0000,10.0000,10.0000,11.0035,5.8379,3.8100,3.4109,1.8544,4.3329,2.8145,8.0000,8.0000,4.0000,4.0000,3.0000,3.0000,3.0000,0.7403,1.3399,0.5785,0.6599,0.8810,1.3541,0.6446,1.0000,1.0000,1.0000,1.0000,1.0000,1.0000,1.0000,1.3754,0.7297,0.9525,0.8527,0.6181,1.4443,0.9382,1.0000,1.0000,1.0000,1.0000,1.0000,1.0000,1.0000,True,1.4520,0.973324,0.077369,179.5592,89.5420
207,left_only,0.111460,1.794512,0.184729,1.596466,2.164452,0.184364,0.082499,0.000000,-0.200000,0.000000,0.400000,0.000000,0.000000,0.000000,34.3556,33.1918,13.9968,16.8715,9.4357,12.5761,14.6891,30.0000,30.0000,15.0000,15.0000,10.0000,10.0000,10.0000,11.6789,10.5659,4.4070,4.9973,2.0341,2.9371,2.2719,8.0000,8.0000,4.0000,4.0000,3.0000,3.0000,3.0000,1.1452,1.1064,0.9331,1.1248,0.9436,1.2576,1.4689,1.0000,1.0000,1.0000,1.0000,1.0000,1.0000,1.0000,1.4599,1.3207,1.1018,1.2493,0.6780,0.9790,0.7573,1.0000,1.0000,1.0000,1.0000,1.0000,1.0000,1.0000,True,1.3460,0.852067,0.106508,179.8425,85.7985
208,right_only,0.000000,0.200000,0.000000,0.400000,0.000000,0.000000,0.000000,-3.123539,0.254268,1.888021,1.171575,-1.286083,0.178502,-0.165605,30.0000,30.0000,15.0000,15.0000,10.0000,10.0000,10.0000,39.1005,44.9855,12.7362,11.1660,7.6738,5.9335,8.9405,8.0000,8.0000,4.0000,4.0000,3.0000,3.0000,3.0000,4.1394,4.9152,3.0868,2.6395,3.6965,1.8168,4.0980,1.0000,1.0000,1.0000,1.0000,1.0000,1.0000,1.0000,1.3033,1.4995,0.8491,0.7444,0.7674,0.5933,0.8940,1.0000,1.0000,1.0000,1.0000,1.0000,1.0000,1.0000,0.5174,0.6144,0.7717,0.6599,1.2322,0.6056,1.3660,False,,0.064048,0.995525,10.9337,14.6205
209,left_only,-2.098551,0.030473,-2.602695,2.003797,-1.531888,0.008786,-0.986495,0.000000,-0.200000,0.000000,0.400000,0.000000,0.000000,0.000000,44.5589,18.7615,13.6789,20.2747,7.4489,7.6697,13.0850,30.0000,30.0000,15.0000,15.0000,10.0000,10.0000,10.0000,6.1867,4.0230,3.7117,2.0501,4.2294,3.4254,3.2490,8.0000,8.0000,4.0000,4.0000,3.0000,3.0000,3.0000,1.4853,0.6254,0.9119,1.3516,0.7449,0.7670,1.3085,1.0000,1.0000,1.0000,1.0000,1.0000,1.0000,1.0000,0.7733,0.5029,0.9279,0.5125,1.4098,1.1418,1.0830,1.0000,1.0000,1.0000,1.0000,1.0000,1.0000,1.0000,False,,0.100973,0.999657,9.5020,16.0084
210,left_only,-2.190513,2.265797,1.180034,-0.700285,2.063676,0.073457,0.742866,0.000000,-0.200000,0.000000,0.400000,0.000000,0.000000,0.000000,22.8874,18.6614,18.0367,19.4082,8.8603,5.2369,13.1825,30.0000,30.0000,15.0000,15.0000,10.0000,10.0000,10.0000,5.6488,6.7123,4.5129,2.3998,1.7160,1.5771,4.2499,8.0000,8.0000,4.0000,4.0000,3.0000,3.0000,3.0000,0.7629,0.6220,1.2024,1.2939,0.8860,0.5237,1.3183,1.0000,1.0000,1.0000,1.0000,1.0000,1.0000,1.0000,0.7061,0.8390,1.1282,0.6000,0.5720,0.5257,1.4166,1.0000,1.0000,1.0000,1.0000,1.0000,1.0000,1.0000,True,1.6620,0.876361,0.075520,179.4801,89.9959
211,left_only,-1.673387,2.117290,2.948964,1.814832,0.014546,0.019351,-0.312630,0.000000,-0.200000,0.000000,0.400000,0.000000,0.000000,0.000000,32.9934,43.7637,19.3207,13.8634,8.3244,13.8353,6.3579,30.0000,30.0000,15.0000,15.0000,10.0000,10.0000,10.0000,10.7967,6.0406,4.8625,5.2249,2.9310,2.0769,4.0343,8.0000,8.0000,4.0000,4.0000,3.0000,3.0000,3.0000,1.0998,1.4588,1.2880,0.9242,0.8324,1.3835,0.6358,1.0000,1.0000,1.0000,1.0000,1.0000,1.0000,1.0000,1.3496,0.7551,1.2156,1.3062,0.9770,0.6923,1.3448,1.0000,1.0000,1.0000,1.0000,1.0000,1.0000,1.0000,True,1.6780,0.869399,0.112015,179.9561,85.1749
212,left_only,-1.409036,0.832171,0.231792,0.846906,0.924381,-0.335592,-0.163348,0.000000,-0.200000,0.000000,0.400000,0.000000,0.000000,0.000000,41.7511,16.0819,14.3601,17.4080,13.8771,10.9379,13.2448,30.0000,30.0000,15.0000,15.0000,10.0000,10.0000,10.0000,5.7815,6.8225,5.7685,5.5439,3.1739,2.9265,2.8532,8.0000,8.0000,4.0000,4.0000,3.0000,3.0000,3.0000,1.3917,0.5361,0.9573,1.1605,1.3877,1.0938,1.3245,1.0000,1.0000,1.0000,1.0000,1.0000,1.0000,1.0000,0.7227,0.8528,1.4421,1.3860,1.0580,0.9755,0.9511,1.0000,1.0000,1.0000,1.0000,1.0000,1.0000,1.0000,False,,0.073605,0.999684,11.0091,15.9100
213,left_only,-2.863101,2.993186,1.978908,0.934317,-1.400426,-0.145298,-0.957172,0.000000,-0.200000,0.000000,0.400000,0.000000,0.000000,0.000000,36.6537,31.7001,11.0116,16.8451,14.7923,6.2240,9.5849,30.0000,30.0000,15.0000,15.0000,10.0000,10.0000,10.0000,7.9533,5.3344,4.1263,4.4239,1.9720,1.9642,4.0690,8.0000,8.0000,4.0000,4.0000,3.0000,3.0000,3.0000,1.2218,1.0567,0.7341,1.1230,1.4792,0.6224,0.9585,1.0000,1.0000,1.0000,1.0000,1.0000,1.0000,1.0000,0.9942,0.6668,1.0316,1.1060,0.6573,0.6547,1.3563,1.0000,1.0000,1.0000,1.0000,1.0000,1.0000,1.0000,True,1.8360,0.846405,0.114055,179.7085,84.9124
214,both,-1.673365,2.002660,0.893803,2.515776,1.251793,0.315033,0.318046,-1.023057,-1.912319,-0.860901,0.777964,-2.005179,-0.070339,-0.280810,16.0371,23.2539,18.7786,16.1692,13.0617,10.4269,13.5408,32.9571,25.8637,8.4092,7.6269,5.9486,5.9841,11.1089,10.3685,4.7863,5.9080,2.0590,3.2905,3.8775,2.4957,8.2069,7.6437,4.7677,2.0673,2.3130,3.8322,4.2299,0.5346,0.7751,1.2519,1.0779,1.3062,1.0427,1.3541,1.0986,0.8621,0.5606,0.5085,0.5949,0.5984,1.1109,1.2961,0.5983,1.4770,0.5147,1.0968,1.2925,0.8319,1.0259,0.9555,1.1919,0.5168,0.7710,1.2774,1.4100,True,1.3460,0.865613,0.119958,179.9541,84.1220
215,left_only,-1.075435,-0.071991,1.868792,2.705754,-0.627317,-0.237396,-1.158312,0.000000,-0.200000,0.000000,0.400000,0.000000,0.000000,0.000000,32.7325,42.2961,17.6683,12.2587,11.4289,13.3207,9.7583,30.0000,30.0000,15.0000,15.0000,10.0000,10.0000,10.0000,10.5580,7.1353,3.3940,4.3320,2.8941,4.4313,3.0492,8.0000,8.0000,4.0000,4.0000,3.0000,3.0000,3.0000,1.0911,1.4099,1.1779,0.8172,1.1429,1.3321,0.9758,1.0000,1.0000,1.0000,1.0000,1.0000,1.0000,1.0000,1.3197,0.8919,0.8485,1.0830,0.9647,1.4771,1.0164,1.0000,1.0000,1.0000,1.0000,1.0000,1.0000,1.0000,False,,0.082993,0.999899,10.4831,14.2915
216,both,-1.325840,1.112849,0.446819,0.515787,1.153942,-0.110387,-0.294273,-0.234056,-3.169999,0.705862,1.135535,-0.140570,0.202809,0.655970,40.3878,26.2441,12.4056,18.2151,10.8180,11.3180,10.5552,26.3877,41.5491,19.0924,15.3944,14.5005,9.2437,12.8807,10.1815,5.5203,4.2228,2.6324,2.7218,3.4920,2.9792,5.3435,6.2863,3.3523,2.4233,3.0054,2.0768,3.4026,1.3463,0.8748,0.8270,1.2143,1.0818,1.1318,1.0555,0.8796,1.3850,1.2728,1.0263,1.4501,0.9244,1.2881,1.2727,0.6900,1.0557,0.6581,0.9073,1.1640,0.9931,0.6679,0.7858,0.8381,0.6058,1.0018,0.6923,1.1342,True,1.2720,0.867873,0.072821,179.8522,89.9973
217,both,-2.244665,0.086854,2.834722,1.768533,2.383957,-0.009354,-1.185158,-0.434712,-1.289517,-2.925088,2.606930,0.821031,0.226339,-0.015440,33.5521,22.7241,22.1064,13.5108,6.6233,5.5592,11.3617,17.3930,21.6505,13.7631,10.5273,14.5350,14.9560,8.7094,11.8670,11.1664,4.8084,5.9624,3.6685,2.5178,3.3037,9.6738,7.2622,2.5580,3.3477,2.2001,2.4842,2.1451,1.1184,0.7575,1.4738,0.9007,0.6623,0.5559,1.1362,0.5798,0.7217,0.9175,0.7018,1.4535,1.4956,0.8709,1.4834,1.3958,1.2021,1.4906,1.2228,0.8393,1.1012,1.2092,0.9078,0.6395,0.8369,0.7334,0.8281,0.7150,True,2.2200,1.194839,0.269529,91.8862,40.0288
218,right_only,0.000000,0.200000,0.000000,0.400000,0.000000,0.000000,0.000000,-2.610855,-2.578121,2.125643,-0.598034,-0.879402,0.026316,-0.369538,30.0000,30.0000,15.0000,15.0000,10.0000,10.0000,10.0000,30.5282,16.3026,17.2285,15.9522,11.8097,10.6726,9.3790,8.0000,8.0000,4.0000,4.0000,3.0000,3.0000,3.0000,6.8011,5.8115,4.0003,2.1042,2.4847,3.5336,1.8262,1.0000,1.0000,1.0000,1.0000,1.0000,1.0000,1.0000,1.0176,0.5434,1.1486,1.0635,1.1810,1.0673,0.9379,1.0000,1.0000,1.0000,1.0000,1.0000,1.0000,1.0000,0.8501,0.7264,1.0001,0.5261,0.8282,1.1779,0.6087,True,1.9880,0.813720,0.106258,179.9844,85.7798
219,left_only,-2.843782,2.085235,-0.404617,2.361537,2.388913,0.422762,-0.188994,0.000000,-0.200000,0.000000,0.400000,0.000000,0.000000,0.000000,22.9298,33.2584,16.9229,16.8352,8.2178,5.6375,7.1000,30.0000,30.0000,15.0000,15.0000,10.0000,10.0000,10.0000,5.2354,4.9912,5.7051,2.0554,3.3056,4.3424,2.5802,8.0000,8.0000,4.0000,4.0000,3.0000,3.0000,3.0000,0.7643,1.1086,1.1282,1.1223,0.8218,0.5638,0.7100,1.0000,1.0000,1.0000,1.0000,1.0000,1.0000,1.0000,0.6544,0.6239,1.4263,0.5138,1.1019,1.4475,0.8601,1.0000,1.0000,1.0000,1.0000,1.0000,1.0000,1.0000,True,1.4460,0.848320,0.091544,179.9766,87.6960
220,left_only,-0.657368,2.250062,-0.861648,1.022703,1.696512,0.226954,0.783462,0.000000,-0.200000,0.000000,0.400000,0.000000,0.000000,0.000000,44.6202,26.1098,18.7064,16.5418,11.6660,12.3987,12.4973,30.0000,30.0000,15.0000,15.0000,10.0000,10.0000,10.0000,11.0860,6.7946,4.6139,3.1212,3.2837,3.7535,3.8730,8.0000,8.0000,4.0000,4.0000,3.0000,3.0000,3.0000,1.4873,0.8703,1.2471,1.1028,1.1666,1.2399,1.2497,1.0000,1.0000,1.0000,1.0000,1.0000,1.0000,1.0000,1.3857,0.8493,1.1535,0.7803,1.0946,1.2512,1.2910,1.0000,1.0000,1.0000,1.0000,1.0000,1.0000,1.0000,True,1.4260,0.887351,0.081075,179.9484,87.8541
221,both,-1.161214,1.542963,-0.767071,-0.251880,-1.509420,0.381227,-0.485217,1.451117,-2.487213,1.089813,1.420221,1.263971,0.133161,0.525141,42.1664,31.9041,8.5177,11.5624,12.0822,9.9407,10.4855,32.8618,44.0122,9.2879,16.9794,12.1693,9.7722,7.8821,8.7726,7.0610,5.0956,4.8941,3.6429,3.6459,4.1711,8.4003,6.9180,5.6365,3.4272,2.0271,3.2292,2.6880,1.4055,1.0635,0.5678,0.7708,1.2082,0.9941,1.0486,1.0954,1.4671,0.6192,1.1320,1.2169,0.9772,0.7882,1.0966,0.8826,1.2739,1.2235,1.2143,1.2153,1.3904,1.0500,0.8647,1.4091,0.8568,0.6757,1.0764,0.8960,True,1.2600,0.838556,0.072746,179.9917,89.9794
222,right_only,0.000000,0.200000,0.000000,0.400000,0.000000,0.000000,0.000000,-2.688320,-1.264896,0.039589,-0.234696,0.692396,0.062307,0.694976,30.0000,30.0000,15.0000,15.0000,10.0000,10.0000,10.0000,25.8471,22.4628,21.7683,15.9183,5.2714,13.2071,6.9676,8.0000,8.0000,4.0000,4.0000,3.0000,3.0000,3.0000,10.2883,9.6413,5.8753,5.8623,2.3232,3.7993,2.4506,1.0000,1.0000,1.0000,1.0000,1.0000,1.0000,1.0000,0.8616,0.7488,1.4512,1.0612,0.5271,1.3207,0.6968,1.0000,1.0000,1.0000,1.0000,1.0000,1.0000,1.0000,1.2860,1.2052,1.4688,1.4656,0.7744,1.2664,0.8169,True,2.6840,1.095361,0.077192,93.9013,85.2272
223,right_only,0.000000,0.200000,0.000000,0.400000,0.000000,0.000000,0.000000,-0.176478,-1.140520,-2.700738,-0.928599,-2.417279,-0.344154,-0.615563,30.0000,30.0000,15.0000,15.0000,10.0000,10.0000,10.0000,42.2087,30.5590,19.4534,20.0747,12.3494,8.9139,13.6386,8.0000,8.0000,4.0000,4.0000,3.0000,3.0000,3.0000,9.9364,9.9452,5.6063,4.3947,3.0857,4.1705,2.8634,1.0000,1.0000,1.0000,1.0000,1.0000,1.0000,1.0000,1.4070,1.0186,1.2969,1.3383,1.2349,0.8914,1.3639,1.0000,1.0000,1.0000,1.0000,1.0000,1.0000,1.0000,1.2420,1.2432,1.4016,1.0987,1.0286,1.3902,0.9545,True,2.0140,0.864426,0.082237,179.5203,88.4768
224,right_only,0.000000,0.200000,0.000000,0.400000,0.000000,0.000000,0.000000,0.682498,-3.196461,-3.002686,1.231848,-2.325995,0.440802,-1.256027,30.0000,30.0000,15.0000,15.0000,10.0000,10.0000,10.0000,36.5445,22.3015,22.0133,13.2231,5.2728,5.2694,10.5337,8.0000,8.0000,4.0000,4.0000,3.0000,3.0000,3.0000,11.8937,11.8382,3.3491,3.9308,1.8014,3.0665,3.2991,1.0000,1.0000,1.0000,1.0000,1.0000,1.0000,1.0000,1.2181,0.7434,1.4676,0.8815,0.5273,0.5269,1.0534,1.0000,1.0000,1.0000,1.0000,1.0000,1.0000,1.0000,1.4867,1.4798,0.8373,0.9827,0.6005,1.0222,1.0997,True,1.3320,0.876958,0.093255,179.9793,87.4044
225,left_only,-1.957500,1.933793,2.441258,-0.946054,-1.691341,-0.268324,-0.955329,0.000000,-0.200000,0.000000,0.400000,0.000000,0.000000,0.000000,19.9830,33.7774,9.0404,18.5780,13.8702,14.2659,11.6018,30.0000,30.0000,15.0000,15.0000,10.0000,10.0000,10.0000,5.5792,4.6824,2.9281,5.8478,4.3870,2.6458,2.4774,8.0000,8.0000,4.0000,4.0000,3.0000,3.0000,3.0000,0.6661,1.1259,0.6027,1.2385,1.3870,1.4266,1.1602,1.0000,1.0000,1.0000,1.0000,1.0000,1.0000,1.0000,0.6974,0.5853,0.7320,1.4620,1.4623,0.8819,0.8258,1.0000,1.0000,1.0000,1.0000,1.0000,1.0000,1.0000,False,,0.073358,0.995999,13.3656,14.1035
226,right_only,0.000000,0.200000,0.000000,0.400000,0.000000,0.000000,0.000000,-0.737850,-2.297419,2.544686,-0.036356,-0.623738,-0.065332,-0.952337,30.0000,30.0000,15.0000,15.0000,10.0000,10.0000,10.0000,26.4847,40.7019,9.6054,16.2603,9.0664,6.7054,5.1234,8.0000,8.0000,4.0000,4.0000,3.0000,3.0000,3.0000,6.1867,4.4946,3.5071,5.2408,3.6591,4.3422,2.7810,1.0000,1.0000,1.0000,1.0000,1.0000,1.0000,1.0000,0.8828,1.3567,0.6404,1.0840,0.9066,0.6705,0.5123,1.0000,1.0000,1.0000,1.0000,1.0000,1.0000,1.0000,0.7733,0.5618,0.8768,1.3102,1.2197,1.4474,0.9270,True,1.8780,0.838233,0.075210,171.6612,89.7475
227,left_only,0.193745,2.134992,-1.429348,0.303796,0.041818,0.274408,-0.096996,0.000000,-0.200000,0.000000,0.400000,0.000000,0.000000,0.000000,21.8322,44.8040,9.2337,21.8383,13.0905,13.3889,12.9492,30.0000,30.0000,15.0000,15.0000,10.0000,10.0000,10.0000,5.6654,9.0607,5.0270,4.9827,2.3147,2.0434,2.4844,8.0000,8.0000,4.0000,4.0000,3.0000,3.0000,3.0000,0.7277,1.4935,0.6156,1.4559,1.3090,1.3389,1.2949,1.0000,1.0000,1.0000,1.0000,1.0000,1.0000,1.0000,0.7082,1.1326,1.2567,1.2457,0.7716,0.6811,0.8281,1.0000,1.0000,1.0000,1.0000,1.0000,1.0000,1.0000,True,1.5640,0.864493,0.091445,179.9959,87.6243
228,left_only,-0.879933,1.788891,2.085509,2.226111,0.884627,-0.218772,-0.053644,0.000000,-0.200000,0.000000,0.400000,0.000000,0.000000,0.000000,25.0631,22.0478,7.6537,12.5919,7.5612,10.7190,5.6230,30.0000,30.0000,15.0000,15.0000,10.0000,10.0000,10.0000,6.1642,4.3582,4.5657,4.2728,2.5124,1.9420,4.3738,8.0000,8.0000,4.0000,4.0000,3.0000,3.0000,3.0000,0.8354,0.7349,0.5102,0.8395,0.7561,1.0719,0.5623,1.0000,1.0000,1.0000,1.0000,1.0000,1.0000,1.0000,0.7705,0.5448,1.1414,1.0682,0.8375,0.6473,1.4579,1.0000,1.0000,1.0000,1.0000,1.0000,1.0000,1.0000,True,1.4100,0.842191,0.111412,179.8247,85.1824
229,left_only,-0.387512,2.187049,0.352747,2.380982,2.153149,-0.108493,0.482664,0.000000,-0.200000,0.000000,0.400000,0.000000,0.000000,0.000000,21.8966,34.5556,13.4873,7.6017,14.5553,13.6844,7.9084,30.0000,30.0000,15.0000,15.0000,10.0000,10.0000,10.0000,11.9821,6.5370,3.8354,5.4050,2.4138,2.8516,3.4968,8.0000,8.0000,4.0000,4.0000,3.0000,3.0000,3.0000,0.7299,1.1519,0.8992,0.5068,1.4555,1.3684,0.7908,1.0000,1.0000,1.0000,1.0000,1.0000,1.0000,1.0000,1.4978,0.8171,0.9588,1.3513,0.8046,0.9505,1.1656,1.0000,1.0000,1.0000,1.0000,1.0000,1.0000,1.0000,True,1.3500,0.898210,0.087848,179.9958,88.0707
230,both,-2.525498,1.216484,-0.905646,1.845078,-2.226816,-0.247223,0.536896,-2.404183,-1.804767,1.032034,2.211385,-2.203484,0.325596,0.568890,25.1788,37.9141,18.4245,16.5134,10.5848,12.3470,14.9926,32.5906,28.4789,16.0608,19.4706,14.3171,9.1742,12.1793,8.6284,10.4697,4.9771,5.4232,4.3636,2.0792,1.9964,5.5744,8.2764,2.0872,4.0150,3.1360,3.7063,3.4485,0.8393,1.2638,1.2283,1.1009,1.0585,1.2347,1.4993,1.0864,0.9493,1.0707,1.2980,1.4317,0.9174,1.2179,1.0786,1.3087,1.2443,1.3558,1.4545,0.6931,0.6655,0.6968,1.0346,0.5218,1.0038,1.0453,1.2354,1.1495,True,1.6740,0.858398,0.129515,174.4916,82.9727
231,left_only,-1.451951,-0.358337,-2.005195,3.068741,2.302639,-0.161789,-0.612514,0.000000,-0.200000,0.000000,0.400000,0.000000,0.000000,0.000000,28.0925,35.6982,12.8524,8.5094,9.0280,7.6059,8.2493,30.0000,30.0000,15.0000,15.0000,10.0000,10.0000,10.0000,5.3037,9.2707,4.1065,3.0835,3.1616,2.9781,3.8879,8.0000,8.0000,4.0000,4.0000,3.0000,3.0000,3.0000,0.9364,1.1899,0.8568,0.5673,0.9028,0.7606,0.8249,1.0000,1.0000,1.0000,1.0000,1.0000,1.0000,1.0000,0.6630,1.1588,1.0266,0.7709,1.0539,0.9927,1.2960,1.0000,1.0000,1.0000,1.0000,1.0000,1.0000,1.0000,True,1.7760,0.835074,0.088747,171.6759,87.9555
232,both,1.362686,0.113935,2.351789,1.960811,0.979108,-0.116272,-0.396473,-3.113438,0.312734,0.428888,0.711617,0.382108,-0.425012,-0.828927,33.7008,30.4279,19.3061,17.3811,11.0144,13.1527,5.6826,19.0688,34.7786,9.0762,7.9033,8.1929,6.9186,14.8866,9.5271,9.7247,3.1007,2.7826,2.1416,2.0944,3.0713,6.4240,5.7765,2.7871,3.4954,3.3175,3.8458,2.5937,1.1234,1.0143,1.2871,1.1587,1.1014,1.3153,0.5683,0.6356,1.1593,0.6051,0.5269,0.8193,0.6919,1.4887,1.1909,1.2156,0.7752,0.6956,0.7139,0.6981,1.0238,0.8030,0.7221,0.6968,0.8739,1.1058,1.2819,0.8646,False,,0.062780,0.998230,10.7173,12.7277
233,left_only,-0.191677,1.442186,2.139629,1.400143,-1.340224,0.188318,0.812964,0.000000,-0.200000,0.000000,0.400000,0.000000,0.000000,0.000000,28.9632,44.6159,20.6865,10.4543,12.8676,11.0095,10.3481,30.0000,30.0000,15.0000,15.0000,10.0000,10.0000,10.0000,8.1115,10.8273,4.4435,4.1508,1.6466,2.8449,4.2241,8.0000,8.0000,4.0000,4.0000,3.0000,3.0000,3.0000,0.9654,1.4872,1.3791,0.6970,1.2868,1.1010,1.0348,1.0000,1.0000,1.0000,1.0000,1.0000,1.0000,1.0000,1.0139,1.3534,1.1109,1.0377,0.5489,0.9483,1.4080,1.0000,1.0000,1.0000,1.0000,1.0000,1.0000,1.0000,True,1.8580,0.811293,0.112504,179.9918,85.1039
234,right_only,0.000000,0.200000,0.000000,0.400000,0.000000,0.000000,0.000000,0.212280,-3.207394,2.002236,2.464136,0.398901,-0.441775,0.158571,30.0000,30.0000,15.0000,15.0000,10.0000,10.0000,10.0000,16.6377,24.6114,16.9336,21.1937,8.5780,13.6002,14.1836,8.0000,8.0000,4.0000,4.0000,3.0000,3.0000,3.0000,4.1684,5.9154,4.8394,5.0274,2.6773,3.4703,3.3365,1.0000,1.0000,1.0000,1.0000,1.0000,1.0000,1.0000,0.5546,0.8204,1.1289,1.4129,0.8578,1.3600,1.4184,1.0000,1.0000,1.0000,1.0000,1.0000,1.0000,1.0000,0.5210,0.7394,1.2099,1.2568,0.8924,1.1568,1.1122,True,1.2440,0.805527,0.072803,179.9605,88.6897
235,both,0.344340,2.336529,-2.173113,-0.296427,-2.245492,0.400044,1.050398,0.615812,-2.958804,0.246119,-0.176737,-0.628109,-0.215441,0.835485,19.3335,34.3854,22.2584,17.8058,5.7923,14.0785,11.4308,38.6121,18.7924,13.4185,13.3023,7.8004,9.0251,11.1801,7.6505,9.2775,5.5162,3.9085,3.0940,2.8573,1.7178,6.4911,5.3801,5.4775,5.8833,2.8758,2.4811,1.6424,0.6445,1.1462,1.4839,1.1871,0.5792,1.4078,1.1431,1.2871,0.6264,0.8946,0.8868,0.7800,0.9025,1.1180,0.9563,1.1597,1.3790,0.9771,1.0313,0.9524,0.5726,0.8114,0.6725,1.3694,1.4708,0.9586,0.8270,0.5475,True,1.3240,0.968793,0.133308,178.8223,82.5022
236,both,-2.966429,1.105094,2.614472,2.067826,-0.998208,0.432943,-0.180955,-1.836306,-1.788385,-1.810550,2.707688,-0.669642,0.146121,-0.281820,42.0519,34.2714,14.8238,9.4821,14.0192,10.4682,7.8505,18.9025,16.1056,9.8647,21.7942,10.7540,9.8896,8.8432,11.0234,4.4355,3.2563,4.1473,2.5194,2.9302,2.2929,9.6674,5.1301,3.1045,4.6236,2.9372,3.8103,4.1913,1.4017,1.1424,0.9883,0.6321,1.4019,1.0468,0.7851,0.6301,0.5369,0.6576,1.4529,1.0754,0.9890,0.8843,1.3779,0.5544,0.8141,1.0368,0.8398,0.9767,0.7643,1.2084,0.6413,0.7761,1.1559,0.9791,1.2701,1.3971,False,,0.082054,0.996784,8.6337,12.8376
237,left_only,0.738085,0.316305,-2.141364,-0.250210,1.503137,0.382794,1.080640,0.000000,-0.200000,0.000000,0.400000,0.000000,0.000000,0.000000,23.9465,40.2102,15.5435,19.8419,10.4836,6.4589,5.7922,30.0000,30.0000,15.0000,15.0000,10.0000,10.0000,10.0000,11.6578,7.4064,3.4021,3.4252,2.6368,4.3350,1.6881,8.0000,8.0000,4.0000,4.0000,3.0000,3.0000,3.0000,0.7982,1.3403,1.0362,1.3228,1.0484,0.6459,0.5792,1.0000,1.0000,1.0000,1.0000,1.0000,1.0000,1.0000,1.4572,0.9258,0.8505,0.8563,0.8789,1.4450,0.5627,1.0000,1.0000,1.0000,1.0000,1.0000,1.0000,1.0000,False,,0.110695,0.995031,8.3595,23.1060
238,right_only,0.000000,0.200000,0.000000,0.400000,0.000000,0.000000,0.000000,-2.579221,-0.415117,0.105152,-0.419143,-2.551510,-0.255083,-0.607541,30.0000,30.0000,15.0000,15.0000,10.0000,10.0000,10.0000,15.4264,21.4827,18.5748,20.3315,13.9824,8.8991,8.1941,8.0000,8.0000,4.0000,4.0000,3.0000,3.0000,3.0000,11.9989,10.1547,4.1494,3.0191,2.4639,3.0461,3.1262,1.0000,1.0000,1.0000,1.0000,1.0000,1.0000,1.0000,0.5142,0.7161,1.2383,1.3554,1.3982,0.8899,0.8194,1.0000,1.0000,1.0000,1.0000,1.0000,1.0000,1.0000,1.4999,1.2693,1.0374,0.7548,0.8213,1.0154,1.0421,True,3.1740,1.068717,0.181839,85.0803,77.0322
239,both,-3.075574,3.246532,0.603687,1.483224,-1.791926,0.245113,0.602652,-2.691806,-1.150921,0.721959,2.500897,-1.562915,0.349312,-0.097838,17.8957,18.1686,10.4671,11.7413,9.9641,12.4875,6.8673,19.0262,15.2899,14.0122,8.8428,8.5775,7.2374,14.1635,11.9412,5.2922,4.3975,5.7158,3.9975,3.4437,3.6465,11.0404,10.5515,4.8558,2.6163,1.6451,3.4617,3.4268,0.5965,0.6056,0.6978,0.7828,0.9964,1.2488,0.6867,0.6342,0.5097,0.9341,0.5895,0.8578,0.7237,1.4163,1.4927,0.6615,1.0994,1.4289,1.3325,1.1479,1.2155,1.3801,1.3189,1.2139,0.6541,0.5484,1.1539,1.1423,True,1.9000,0.968879,0.088815,179.9982,87.9085
240,left_only,-1.400012,1.406756,0.113477,0.040903,-1.200400,-0.075490,0.262075,0.000000,-0.200000,0.000000,0.400000,0.000000,0.000000,0.000000,43.6746,31.1545,18.4675,19.6050,6.1351,11.5312,9.8211,30.0000,30.0000,15.0000,15.0000,10.0000,10.0000,10.0000,8.5794,4.3073,5.6249,5.8111,1.5104,2.1384,2.0406,8.0000,8.0000,4.0000,4.0000,3.0000,3.0000,3.0000,1.4558,1.0385,1.2312,1.3070,0.6135,1.1531,0.9821,1.0000,1.0000,1.0000,1.0000,1.0000,1.0000,1.0000,1.0724,0.5384,1.4062,1.4528,0.5035,0.7128,0.6802,1.0000,1.0000,1.0000,1.0000,1.0000,1.0000,1.0000,False,,0.058171,0.998768,10.6055,15.0763
241,right_only,0.000000,0.200000,0.000000,0.400000,0.000000,0.000000,0.000000,0.539944,-1.139257,-2.004518,2.411700,-0.713985,-0.036207,-0.286241,30.0000,30.0000,15.0000,15.0000,10.0000,10.0000,10.0000,30.6414,29.4043,11.6188,13.8683,14.0834,10.0289,14.1639,8.0000,8.0000,4.0000,4.0000,3.0000,3.0000,3.0000,8.4010,10.1505,3.1744,5.1617,2.2930,1.5586,1.9822,1.0000,1.0000,1.0000,1.0000,1.0000,1.0000,1.0000,1.0214,0.9801,0.7746,0.9246,1.4083,1.0029,1.4164,1.0000,1.0000,1.0000,1.0000,1.0000,1.0000,1.0000,1.0501,1.2688,0.7936,1.2904,0.7643,0.5195,0.6607,True,1.4720,0.869552,0.113909,179.3428,86.5620
242,both,-3.038015,3.199897,3.009870,2.198011,-2.387182,0.369025,0.619191,-1.575128,-1.501390,0.742176,-0.850672,0.138876,0.214966,-0.791908,28.3137,30.9759,18.5335,21.9668,13.4828,11.2152,10.8364,35.1731,25.8799,7.7954,8.3874,8.5180,9.6211,6.6687,8.8255,8.3614,2.2375,4.7932,3.6490,3.0374,4.1112,5.5146,5.8417,5.1221,5.0852,2.6488,2.0171,1.8327,0.9438,1.0325,1.2356,1.4645,1.3483,1.1215,1.0836,1.1724,0.8627,0.5197,0.5592,0.8518,0.9621,0.6669,1.1032,1.0452,0.5594,1.1983,1.2163,1.0125,1.3704,0.6893,0.7302,1.2805,1.2713,0.8829,0.6724,0.6109,True,2.3620,1.021259,0.099662,180.0000,86.7205
243,left_only,-2.729621,1.099036,-2.401774,0.427913,2.528431,0.006942,0.819517,0.000000,-0.200000,0.000000,0.400000,0.000000,0.000000,0.000000,18.8780,23.0424,21.6982,13.2533,11.4841,14.7613,10.5079,30.0000,30.0000,15.0000,15.0000,10.0000,10.0000,10.0000,6.4428,8.2556,2.2185,2.4495,1.5215,4.1526,3.5138,8.0000,8.0000,4.0000,4.0000,3.0000,3.0000,3.0000,0.6293,0.7681,1.4465,0.8836,1.1484,1.4761,1.0508,1.0000,1.0000,1.0000,1.0000,1.0000,1.0000,1.0000,0.8053,1.0319,0.5546,0.6124,0.5072,1.3842,1.1713,1.0000,1.0000,1.0000,1.0000,1.0000,1.0000,1.0000,True,3.9020,0.884986,0.450115,77.7072,66.1478
244,left_only,-1.734867,0.455990,1.213044,2.847667,-1.286959,-0.165058,0.899771,0.000000,-0.200000,0.000000,0.400000,0.000000,0.000000,0.000000,41.8013,42.4211,11.8973,9.3047,9.4000,7.9576,13.8387,30.0000,30.0000,15.0000,15.0000,10.0000,10.0000,10.0000,4.2931,9.0710,5.6247,5.9067,3.4504,4.3498,1.7270,8.0000,8.0000,4.0000,4.0000,3.0000,3.0000,3.0000,1.3934,1.4140,0.7932,0.6203,0.9400,0.7958,1.3839,1.0000,1.0000,1.0000,1.0000,1.0000,1.0000,1.0000,0.5366,1.1339,1.4062,1.4767,1.1501,1.4499,0.5757,1.0000,1.0000,1.0000,1.0000,1.0000,1.0000,1.0000,False,,0.074423,1.001391,9.0922,13.6963
245,left_only,-1.447799,-0.347058,2.903312,2.778260,-2.848417,-0.445727,-0.337897,0.000000,-0.200000,0.000000,0.400000,0.000000,0.000000,0.000000,22.7561,40.4080,9.9073,19.3597,10.5446,8.7739,6.4572,30.0000,30.0000,15.0000,15.0000,10.0000,10.0000,10.0000,11.9815,8.9439,3.7575,3.4845,4.2172,3.9636,3.9336,8.0000,8.0000,4.0000,4.0000,3.0000,3.0000,3.0000,0.7585,1.3469,0.6605,1.2906,1.0545,0.8774,0.6457,1.0000,1.0000,1.0000,1.0000,1.0000,1.0000,1.0000,1.4977,1.1180,0.9394,0.8711,1.4057,1.3212,1.3112,1.0000,1.0000,1.0000,1.0000,1.0000,1.0000,1.0000,True,2.4440,1.101763,0.122238,91.0204,69.8955
246,right_only,0.000000,0.200000,0.000000,0.400000,0.000000,0.000000,0.000000,-0.237705,-0.043524,-1.313092,1.956306,-0.420381,0.092499,1.265309,30.0000,30.0000,15.0000,15.0000,10.0000,10.0000,10.0000,44.5357,30.3786,16.1080,20.9598,14.8564,12.7861,5.6518,8.0000,8.0000,4.0000,4.0000,3.0000,3.0000,3.0000,6.5811,11.1725,5.0734,4.9689,3.5038,2.7458,2.7097,1.0000,1.0000,1.0000,1.0000,1.0000,1.0000,1.0000,1.4845,1.0126,1.0739,1.3973,1.4856,1.2786,0.5652,1.0000,1.0000,1.0000,1.0000,1.0000,1.0000,1.0000,0.8226,1.3966,1.2684,1.2422,1.1679,0.9153,0.9032,False,,0.066015,1.000458,9.4042,17.7400
247,right_only,0.000000,0.200000,0.000000,0.400000,0.000000,0.000000,0.000000,0.670072,-2.289510,0.872997,2.049241,2.114642,-0.166606,0.614399,30.0000,30.0000,15.0000,15.0000,10.0000,10.0000,10.0000,18.1947,19.1419,13.7600,8.3284,14.4770,14.0190,5.4893,8.0000,8.0000,4.0000,4.0000,3.0000,3.0000,3.0000,10.7065,8.0710,4.8079,5.5477,3.2309,1.8490,1.5077,1.0000,1.0000,1.0000,1.0000,1.0000,1.0000,1.0000,0.6065,0.6381,0.9173,0.5552,1.4477,1.4019,0.5489,1.0000,1.0000,1.0000,1.0000,1.0000,1.0000,1.0000,1.3383,1.0089,1.2020,1.3869,1.0770,0.6163,0.5026,True,1.4020,0.853940,0.076313,179.9827,88.3856
248,left_only,-0.799500,3.208097,0.586766,0.590239,-2.831889,0.383856,-0.439022,0.000000,-0.200000,0.000000,0.400000,0.000000,0.000000,0.000000,36.1433,35.8271,11.3082,8.4567,8.8500,8.1713,12.0026,30.0000,30.0000,15.0000,15.0000,10.0000,10.0000,10.0000,10.5583,5.7796,4.1129,2.1624,2.1428,3.7853,3.8802,8.0000,8.0000,4.0000,4.0000,3.0000,3.0000,3.0000,1.2048,1.1942,0.7539,0.5638,0.8850,0.8171,1.2003,1.0000,1.0000,1.0000,1.0000,1.0000,1.0000,1.0000,1.3198,0.7224,1.0282,0.5406,0.7143,1.2618,1.2934,1.0000,1.0000,1.0000,1.0000,1.0000,1.0000,1.0000,True,1.4460,0.753922,0.225425,152.4003,71.1989
249,both,0.516865,0.158226,0.464367,0.795786,2.700961,0.142515,1.105413,-2.455400,-1.695699,1.365015,0.569252,0.893249,0.010825,1.249501,20.2162,43.0605,13.5236,14.5199,10.2860,7.6537,14.6366,40.0321,29.9186,17.5983,13.1107,8.6862,5.3172,9.2379,11.2919,11.7832,5.9877,4.6792,2.8551,4.0522,1.5714,7.2668,5.7983,2.9893,4.3366,2.4533,3.9908,1.8342,0.6739,1.4353,0.9016,0.9680,1.0286,0.7654,1.4637,1.3344,0.9973,1.1732,0.8740,0.8686,0.5317,0.9238,1.4115,1.4729,1.4969,1.1698,0.9517,1.3507,0.5238,0.9084,0.7248,0.7473,1.0841,0.8178,1.3303,0.6114,False,,0.097220,1.000002,11.1200,20.8548
250,right_only,0.000000,0.200000,0.000000,0.400000,0.000000,0.000000,0.000000,-0.419292,-2.795031,-0.014876,1.332015,0.949635,-0.067132,0.024066,30.0000,30.0000,15.0000,15.0000,10.0000,10.0000,10.0000,20.4286,28.8905,13.0955,17.4920,9.3482,12.7934,9.2599,8.0000,8.0000,4.0000,4.0000,3.0000,3.0000,3.0000,5.8862,6.1895,2.1811,4.1597,3.9926,3.8073,2.8134,1.0000,1.0000,1.0000,1.0000,1.0000,1.0000,1.0000,0.6810,0.9630,0.8730,1.1661,0.9348,1.2793,0.9260,1.0000,1.0000,1.0000,1.0000,1.0000,1.0000,1.0000,0.7358,0.7737,0.5453,1.0399,1.3309,1.2691,0.9378,True,1.4940,0.824662,0.073596,179.9893,88.7313
251,both,-2.216273,2.883971,-2.338052,0.698790,1.924103,-0.098812,-0.970596,-1.887378,-1.131889,-2.147956,1.754883,-0.226187,-0.153190,-0.658049,39.6999,26.9002,18.5772,14.1053,5.9187,9.4051,10.0769,23.6349,39.3554,20.3527,11.5083,14.0282,13.4873,9.2449,7.6627,10.5299,5.6434,5.1471,3.2483,3.1243,3.4338,11.2720,4.9635,2.1119,3.3915,3.1963,2.5543,4.3262,1.3233,0.8967,1.2385,0.9404,0.5919,0.9405,1.0077,0.7878,1.3118,1.3568,0.7672,1.4028,1.3487,0.9245,0.9578,1.3162,1.4109,1.2868,1.0828,1.0414,1.1446,1.4090,0.6204,0.5280,0.8479,1.0654,0.8514,1.4421,True,1.4160,0.900933,0.086396,179.8108,83.8657
252,left_only,-1.940315,0.682987,0.939472,-0.934042,1.180729,-0.113341,1.213480,0.000000,-0.200000,0.000000,0.400000,0.000000,0.000000,0.000000,35.7425,16.5665,8.8894,8.8225,14.5262,11.8405,9.2761,30.0000,30.0000,15.0000,15.0000,10.0000,10.0000,10.0000,5.6039,10.9891,2.8062,4.8267,3.7900,2.3840,3.0147,8.0000,8.0000,4.0000,4.0000,3.0000,3.0000,3.0000,1.1914,0.5522,0.5926,0.5882,1.4526,1.1841,0.9276,1.0000,1.0000,1.0000,1.0000,1.0000,1.0000,1.0000,0.7005,1.3736,0.7016,1.2067,1.2633,0.7947,1.0049,1.0000,1.0000,1.0000,1.0000,1.0000,1.0000,1.0000,False,,0.098308,1.000020,10.1166,15.6320
253,right_only,0.000000,0.200000,0.000000,0.400000,0.000000,0.000000,0.000000,-2.089720,-1.967646,2.462312,1.912660,2.126498,0.037555,-0.662839,30.0000,30.0000,15.0000,15.0000,10.0000,10.0000,10.0000,36.3864,30.0170,10.1527,13.6864,11.3484,12.3533,7.4322,8.0000,8.0000,4.0000,4.0000,3.0000,3.0000,3.0000,11.0080,7.0364,3.0845,2.7805,3.9125,2.5625,2.9502,1.0000,1.0000,1.0000,1.0000,1.0000,1.0000,1.0000,1.2129,1.0006,0.6768,0.9124,1.1348,1.2353,0.7432,1.0000,1.0000,1.0000,1.0000,1.0000,1.0000,1.0000,1.3760,0.8796,0.7711,0.6951,1.3042,0.8542,0.9834,False,,0.093754,0.996722,10.6792,12.8160
254,left_only,-2.090519,2.213424,1.768459,0.451826,2.433657,-0.434185,-0.932325,0.000000,-0.200000,0.000000,0.400000,0.000000,0.000000,0.000000,32.6636,36.0422,11.2602,15.8111,8.1839,10.5409,11.5933,30.0000,30.0000,15.0000,15.0000,10.0000,10.0000,10.0000,11.7825,7.6456,4.5929,4.3122,2.4527,2.2592,4.4636,8.0000,8.0000,4.0000,4.0000,3.0000,3.0000,3.0000,1.0888,1.2014,0.7507,1.0541,0.8184,1.0541,1.1593,1.0000,1.0000,1.0000,1.0000,1.0000,1.0000,1.0000,1.4728,0.9557,1.1482,1.0780,0.8176,0.7531,1.4879,1.0000,1.0000,1.0000,1.0000,1.0000,1.0000,1.0000,True,1.5180,0.884290,0.077714,179.6308,88.7752
255,right_only,0.000000,0.200000,0.000000,0.400000,0.000000,0.000000,0.000000,-2.165725,-0.412760,-2.178849,2.371971,-1.680204,0.432120,0.472409,30.0000,30.0000,15.0000,15.0000,10.0000,10.0000,10.0000,17.7035,35.7953,16.5543,12.5632,7.6074,12.1876,12.4136,8.0000,8.0000,4.0000,4.0000,3.0000,3.0000,3.0000,6.6176,11.0098,3.0753,2.2795,3.2996,1.8212,2.3300,1.0000,1.0000,1.0000,1.0000,1.0000,1.0000,1.0000,0.5901,1.1932,1.1036,0.8375,0.7607,1.2188,1.2414,1.0000,1.0000,1.0000,1.0000,1.0000,1.0000,1.0000,0.8272,1.3762,0.7688,0.5699,1.0999,0.6071,0.7767,False,,0.568239,0.786363,24.5159,46.8360
256,right_only,0.000000,0.200000,0.000000,0.400000,0.000000,0.000000,0.000000,-0.751152,-2.317561,-1.790971,1.954156,0.400716,0.314279,0.206349,30.0000,30.0000,15.0000,15.0000,10.0000,10.0000,10.0000,29.5034,22.8377,19.3810,10.4531,7.4223,13.4159,12.4119,8.0000,8.0000,4.0000,4.0000,3.0000,3.0000,3.0000,8.9030,4.3114,2.5090,3.9998,3.7390,2.8923,1.5519,1.0000,1.0000,1.0000,1.0000,1.0000,1.0000,1.0000,0.9834,0.7613,1.2921,0.6969,0.7422,1.3416,1.2412,1.0000,1.0000,1.0000,1.0000,1.0000,1.0000,1.0000,1.1129,0.5389,0.6273,1.0000,1.2463,0.9641,0.5173,True,1.4680,0.867269,0.091722,179.9660,87.7875
257,both,-2.272088,1.845538,1.276211,-0.811941,-2.760409,-0.220788,-1.057906,-0.587433,-2.932407,0.665404,2.259941,2.840176,0.414776,-0.575652,15.8823,24.8824,18.1272,8.3970,8.5971,7.9803,7.1935,34.6765,32.5224,8.6106,21.8764,8.0506,8.5897,11.2363,9.6490,9.2728,4.1420,5.6431,1.8094,1.9491,2.6503,11.5613,9.3015,5.8191,2.7504,3.3564,3.9866,3.0271,0.5294,0.8294,1.2085,0.5598,0.8597,0.7980,0.7193,1.1559,1.0841,0.5740,1.4584,0.8051,0.8590,1.1236,1.2061,1.1591,1.0355,1.4108,0.6031,0.6497,0.8834,1.4452,1.1627,1.4548,0.6876,1.1188,1.3289,1.0090,False,,0.076249,0.999853,11.0302,17.2634
258,left_only,-1.434162,3.342387,-1.860602,0.747139,2.020633,0.370445,1.220170,0.000000,-0.200000,0.000000,0.400000,0.000000,0.000000,0.000000,41.5454,16.5287,21.4465,13.9225,11.5162,8.9428,13.1367,30.0000,30.0000,15.0000,15.0000,10.0000,10.0000,10.0000,8.6074,10.7644,2.7751,2.7399,2.8211,1.5143,3.5786,8.0000,8.0000,4.0000,4.0000,3.0000,3.0000,3.0000,1.3848,0.5510,1.4298,0.9282,1.1516,0.8943,1.3137,1.0000,1.0000,1.0000,1.0000,1.0000,1.0000,1.0000,1.0759,1.3455,0.6938,0.6850,0.9404,0.5048,1.1929,1.0000,1.0000,1.0000,1.0000,1.0000,1.0000,1.0000,True,1.3300,0.874576,0.098126,179.4643,80.6761
259,right_only,0.000000,0.200000,0.000000,0.400000,0.000000,0.000000,0.000000,-1.745587,-1.293409,-2.613080,-0.245239,0.837669,-0.179762,-0.724606,30.0000,30.0000,15.0000,15.0000,10.0000,10.0000,10.0000,21.8654,21.4446,16.8428,10.0154,8.6271,11.8789,10.1367,8.0000,8.0000,4.0000,4.0000,3.0000,3.0000,3.0000,8.7782,6.0073,5.7309,3.6555,2.3609,4.2130,3.4659,1.0000,1.0000,1.0000,1.0000,1.0000,1.0000,1.0000,0.7288,0.7148,1.1229,0.6677,0.8627,1.1879,1.0137,1.0000,1.0000,1.0000,1.0000,1.0000,1.0000,1.0000,1.0973,0.7509,1.4327,0.9139,0.7870,1.4043,1.1553,True,2.0760,1.229092,0.093179,79.4237,87.7710
260,left_only,-0.248315,2.971857,-2.328077,2.509616,0.894499,-0.129507,-0.618868,0.000000,-0.200000,0.000000,0.400000,0.000000,0.000000,0.000000,18.1442,43.2322,9.6287,11.3916,11.9111,12.1015,6.6077,30.0000,30.0000,15.0000,15.0000,10.0000,10.0000,10.0000,10.5130,8.0823,5.3938,2.3491,1.6285,3.4110,1.9501,8.0000,8.0000,4.0000,4.0000,3.0000,3.0000,3.0000,0.6048,1.4411,0.6419,0.7594,1.1911,1.2102,0.6608,1.0000,1.0000,1.0000,1.0000,1.0000,1.0000,1.0000,1.3141,1.0103,1.3485,0.5873,0.5428,1.1370,0.6500,1.0000,1.0000,1.0000,1.0000,1.0000,1.0000,1.0000,True,1.2900,0.827409,0.117692,179.8033,84.3155
261,both,-0.667490,-0.326669,1.762199,2.765060,1.821965,0.423976,1.023863,-1.048675,-1.894244,2.071362,2.878257,2.853535,0.248193,-0.756948,43.3486,43.4142,17.4920,20.3592,10.6118,14.4413,5.9394,31.7796,41.9319,11.6709,7.8897,12.7565,12.0238,10.4549,10.9117,4.4440,3.3564,2.5413,2.9374,2.1967,4.3562,10.5227,10.7207,4.3516,5.8637,3.6591,3.5306,2.5843,1.4450,1.4471,1.1661,1.3573,1.0612,1.4441,0.5939,1.0593,1.3977,0.7781,0.5260,1.2757,1.2024,1.0455,1.3640,0.5555,0.8391,0.6353,0.9791,0.7322,1.4521,1.3153,1.3401,1.0879,1.4659,1.2197,1.1769,0.8614,True,1.3800,0.855246,0.105283,179.9811,85.3624
262,both,-3.129362,0.530763,1.671429,1.981768,-1.103312,0.116164,-0.773970,-1.898314,0.181203,-0.667266,0.061799,0.055743,-0.104510,0.583004,43.8635,32.7521,16.3672,12.9725,10.6463,8.1933,5.0109,40.2080,28.7335,21.4673,10.6397,12.1523,14.7800,10.4961,10.9288,7.4356,3.9684,2.3340,4.0113,2.0110,2.7319,9.5375,7.1458,5.0053,5.6355,3.6092,4.3078,3.2660,1.4621,1.0917,1.0911,0.8648,1.0646,0.8193,0.5011,1.3403,0.9578,1.4312,0.7093,1.2152,1.4780,1.0496,1.3661,0.9294,0.9921,0.5835,1.3371,0.6703,0.9106,1.1922,0.8932,1.2513,1.4089,1.2031,1.4359,1.0887,True,2.0940,1.144720,0.240711,90.1428,76.1668
263,right_only,0.000000,0.200000,0.000000,0.400000,0.000000,0.000000,0.000000,-0.421683,-2.248508,1.013588,2.692464,0.972781,-0.246939,0.112037,30.0000,30.0000,15.0000,15.0000,10.0000,10.0000,10.0000,37.6781,43.1809,9.8489,9.4125,9.1294,6.2561,14.8043,8.0000,8.0000,4.0000,4.0000,3.0000,3.0000,3.0000,7.3944,8.2689,2.9084,3.7965,4.4541,2.9661,1.5265,1.0000,1.0000,1.0000,1.0000,1.0000,1.0000,1.0000,1.2559,1.4394,0.6566,0.6275,0.9129,0.6256,1.4804,1.0000,1.0000,1.0000,1.0000,1.0000,1.0000,1.0000,0.9243,1.0336,0.7271,0.9491,1.4847,0.9887,0.5088,True,1.5460,0.827562,0.076807,174.6302,88.3608
264,right_only,0.000000,0.200000,0.000000,0.400000,0.000000,0.000000,0.000000,-1.997695,0.298559,2.598013,-0.080664,0.793921,-0.391360,0.196702,30.0000,30.0000,15.0000,15.0000,10.0000,10.0000,10.0000,18.7776,39.5598,21.5936,10.0948,9.6271,6.0204,8.3914,8.0000,8.0000,4.0000,4.0000,3.0000,3.0000,3.0000,4.5208,6.1164,5.9609,2.1784,4.0769,1.7324,3.0870,1.0000,1.0000,1.0000,1.0000,1.0000,1.0000,1.0000,0.6259,1.3187,1.4396,0.6730,0.9627,0.6020,0.8391,1.0000,1.0000,1.0000,1.0000,1.0000,1.0000,1.0000,0.5651,0.7645,1.4902,0.5446,1.3590,0.5775,1.0290,False,,0.107842,0.999644,11.1086,11.1101
265,right_only,0.000000,0.200000,0.000000,0.400000,0.000000,0.000000,0.000000,-1.010516,0.121277,-1.881387,-0.207913,1.562593,0.208791,0.505922,30.0000,30.0000,15.0000,15.0000,10.0000,10.0000,10.0000,15.7838,22.7988,20.0984,16.5129,11.0219,7.9592,7.6017,8.0000,8.0000,4.0000,4.0000,3.0000,3.0000,3.0000,11.5724,9.8220,2.5075,5.7508,3.2471,2.5001,2.6914,1.0000,1.0000,1.0000,1.0000,1.0000,1.0000,1.0000,0.5261,0.7600,1.3399,1.1009,1.1022,0.7959,0.7602,1.0000,1.0000,1.0000,1.0000,1.0000,1.0000,1.0000,1.4466,1.2278,0.6269,1.4377,1.0824,0.8334,0.8971,False,,0.100690,1.000115,9.3585,13.9547
266,right_only,0.000000,0.200000,0.000000,0.400000,0.000000,0.000000,0.000000,0.276655,-1.977689,0.271483,1.984363,-1.624640,0.410923,-0.365321,30.0000,30.0000,15.0000,15.0000,10.0000,10.0000,10.0000,27.5812,35.9554,16.6318,14.1018,11.4974,14.0283,13.0028,8.0000,8.0000,4.0000,4.0000,3.0000,3.0000,3.0000,10.5941,6.0673,3.6776,4.2153,1.6326,3.8094,2.4704,1.0000,1.0000,1.0000,1.0000,1.0000,1.0000,1.0000,0.9194,1.1985,1.1088,0.9401,1.1497,1.4028,1.3003,1.0000,1.0000,1.0000,1.0000,1.0000,1.0000,1.0000,1.3243,0.7584,0.9194,1.0538,0.5442,1.2698,0.8235,True,1.2600,0.832212,0.096252,179.9975,87.1295
267,both,-1.808972,0.600124,-1.053240,0.446001,0.473789,0.077298,-0.620492,-2.167742,-0.276366,-2.484259,1.167958,0.248431,0.068577,0.979551,33.7174,44.2090,20.5703,10.7211,7.4118,8.4477,8.9151,21.0725,26.7858,21.9702,17.8501,10.9228,10.3965,5.7551,8.4240,5.8601,2.8894,3.5256,3.5161,3.5644,4.4284,11.1470,9.0040,4.2867,4.1580,2.6757,2.2640,3.7660,1.1239,1.4736,1.3714,0.7147,0.7412,0.8448,0.8915,0.7024,0.8929,1.4647,1.1900,1.0923,1.0396,0.5755,1.0530,0.7325,0.7223,0.8814,1.1720,1.1881,1.4761,1.3934,1.1255,1.0717,1.0395,0.8919,0.7547,1.2553,True,2.7800,1.176328,0.201554,57.4268,71.7650
268,both,-0.739937,-0.251709,-0.397134,2.885133,-0.856367,-0.080259,0.314861,0.635888,-0.873217,1.809810,-0.479301,2.575653,0.373628,0.048637,33.7423,21.3844,14.2192,10.5406,5.2198,14.8090,7.5915,27.8590,44.1998,17.5170,16.6070,7.3710,5.6292,13.5193,8.7449,6.4020,3.4825,3.5910,2.5051,3.4122,4.3828,8.5918,7.3153,5.2479,3.2423,3.8509,2.4839,4.2626,1.1247,0.7128,0.9479,0.7027,0.5220,1.4809,0.7591,0.9286,1.4733,1.1678,1.1071,0.7371,0.5629,1.3519,1.0931,0.8003,0.8706,0.8978,0.8350,1.1374,1.4609,1.0740,0.9144,1.3120,0.8106,1.2836,0.8280,1.4209,False,,0.071324,0.997215,9.6513,16.6636
269,right_only,0.000000,0.200000,0.000000,0.400000,0.000000,0.000000,0.000000,-1.877876,-2.880045,0.948208,-0.277441,2.718331,0.143888,-0.683614,30.0000,30.0000,15.0000,15.0000,10.0000,10.0000,10.0000,21.2646,42.7163,16.6179,20.9060,6.1023,14.2539,10.2005,8.0000,8.0000,4.0000,4.0000,3.0000,3.0000,3.0000,9.3474,6.9830,2.2366,5.8319,4.4838,2.5936,4.3316,1.0000,1.0000,1.0000,1.0000,1.0000,1.0000,1.0000,0.7088,1.4239,1.1079,1.3937,0.6102,1.4254,1.0200,1.0000,1.0000,1.0000,1.0000,1.0000,1.0000,1.0000,1.1684,0.8729,0.5591,1.4580,1.4946,0.8645,1.4439,True,2.7560,1.087318,0.085954,103.4327,79.9190
270,right_only,0.000000,0.200000,0.000000,0.400000,0.000000,0.000000,0.000000,-2.350009,-2.815293,-2.595456,0.665943,-2.448739,-0.097442,-0.918488,30.0000,30.0000,15.0000,15.0000,10.0000,10.0000,10.0000,36.9158,40.0009,17.8172,10.5074,12.6685,7.4950,12.5949,8.0000,8.0000,4.0000,4.0000,3.0000,3.0000,3.0000,8.5392,6.9337,2.3340,5.3100,4.3190,3.4978,4.3936,1.0000,1.0000,1.0000,1.0000,1.0000,1.0000,1.0000,1.2305,1.3334,1.1878,0.7005,1.2668,0.7495,1.2595,1.0000,1.0000,1.0000,1.0000,1.0000,1.0000,1.0000,1.0674,0.8667,0.5835,1.3275,1.4397,1.1659,1.4645,True,1.5960,0.836782,0.081655,178.5815,86.3879
271,right_only,0.000000,0.200000,0.000000,0.400000,0.000000,0.000000,0.000000,1.259665,-2.664380,1.135974,0.492629,0.058100,-0.317307,1.205940,30.0000,30.0000,15.0000,15.0000,10.0000,10.0000,10.0000,36.7841,23.0072,13.0721,13.8372,12.4753,14.2570,8.2144,8.0000,8.0000,4.0000,4.0000,3.0000,3.0000,3.0000,7.7800,8.7457,3.5734,4.0167,1.8171,2.0030,2.7033,1.0000,1.0000,1.0000,1.0000,1.0000,1.0000,1.0000,1.2261,0.7669,0.8715,0.9225,1.2475,1.4257,0.8214,1.0000,1.0000,1.0000,1.0000,1.0000,1.0000,1.0000,0.9725,1.0932,0.8933,1.0042,0.6057,0.6677,0.9011,True,1.2420,0.854652,0.102764,179.9968,86.2518
272,right_only,0.000000,0.200000,0.000000,0.400000,0.000000,0.000000,0.000000,1.169363,-2.079427,-1.593675,2.118021,2.716990,-0.037811,-1.248143,30.0000,30.0000,15.0000,15.0000,10.0000,10.0000,10.0000,35.6445,27.4518,17.6047,11.6657,5.0241,8.4450,12.0479,8.0000,8.0000,4.0000,4.0000,3.0000,3.0000,3.0000,7.1449,5.7534,3.8560,5.0094,1.8583,3.5753,3.5020,1.0000,1.0000,1.0000,1.0000,1.0000,1.0000,1.0000,1.1881,0.9151,1.1736,0.7777,0.5024,0.8445,1.2048,1.0000,1.0000,1.0000,1.0000,1.0000,1.0000,1.0000,0.8931,0.7192,0.9640,1.2523,0.6194,1.1918,1.1673,True,2.1580,0.955414,0.218898,91.9151,43.3017
273,right_only,0.000000,0.200000,0.000000,0.400000,0.000000,0.000000,0.000000,-1.393825,0.267871,2.062979,0.355747,-2.570915,-0.177318,-0.750006,30.0000,30.0000,15.0000,15.0000,10.0000,10.0000,10.0000,31.4176,42.5623,20.5551,12.0874,9.2860,5.3654,10.4416,8.0000,8.0000,4.0000,4.0000,3.0000,3.0000,3.0000,4.5069,11.5088,5.4677,2.8568,3.5981,3.2041,3.9041,1.0000,1.0000,1.0000,1.0000,1.0000,1.0000,1.0000,1.0473,1.4187,1.3703,0.8058,0.9286,0.5365,1.0442,1.0000,1.0000,1.0000,1.0000,1.0000,1.0000,1.0000,0.5634,1.4386,1.3669,0.7142,1.1994,1.0680,1.3014,False,,0.069449,0.998691,10.5199,16.2766
274,both,-0.899679,0.344898,0.967912,-0.618442,0.357227,-0.265748,0.469739,0.760083,-2.985997,-0.740477,2.079444,-1.807070,0.061534,0.436471,25.6438,39.9595,15.1599,16.9049,6.4087,5.2316,5.5075,18.4656,41.8662,9.9102,10.0769,14.0101,9.8462,8.7289,11.2314,11.0611,5.2304,2.7984,3.0764,3.8884,3.5240,8.4293,11.8512,2.4785,5.0278,2.5030,1.8511,2.7658,0.8548,1.3320,1.0107,1.1270,0.6409,0.5232,0.5507,0.6155,1.3955,0.6607,0.6718,1.4010,0.9846,0.8729,1.4039,1.3826,1.3076,0.6996,1.0255,1.2961,1.1747,1.0537,1.4814,0.6196,1.2569,0.8343,0.6170,0.9219,True,1.2060,0.868722,0.072933,179.7142,89.3570
275,left_only,-0.555374,0.398535,-0.362122,1.675342,0.310341,0.206424,0.854468,0.000000,-0.200000,0.000000,0.400000,0.000000,0.000000,0.000000,27.2742,27.6890,14.9504,15.9953,6.0832,8.1264,6.7189,30.0000,30.0000,15.0000,15.0000,10.0000,10.0000,10.0000,7.0868,11.7868,4.3309,3.7175,3.1978,3.5072,2.8049,8.0000,8.0000,4.0000,4.0000,3.0000,3.0000,3.0000,0.9091,0.9230,0.9967,1.0664,0.6083,0.8126,0.6719,1.0000,1.0000,1.0000,1.0000,1.0000,1.0000,1.0000,0.8859,1.4734,1.0827,0.9294,1.0659,1.1691,0.9350,1.0000,1.0000,1.0000,1.0000,1.0000,1.0000,1.0000,False,,0.081155,0.999397,10.0926,17.9390
276,both,-1.031287,2.271296,-2.314909,1.280533,0.142608,0.237496,1.225918,0.608005,-1.495679,-2.049201,1.479518,2.055562,0.399983,0.826288,20.6691,36.3773,20.7023,17.7153,11.8575,10.0016,11.3698,23.4042,40.2851,17.3372,22.0004,8.4268,10.5147,12.9004,6.3550,4.7105,5.3109,5.7726,4.0705,2.5017,1.7806,5.8719,11.7127,4.3696,2.0316,1.5755,4.1466,3.4358,0.6890,1.2126,1.3802,1.1810,1.1858,1.0002,1.1370,0.7801,1.3428,1.1558,1.4667,0.8427,1.0515,1.2900,0.7944,0.5888,1.3277,1.4431,1.3568,0.8339,0.5935,0.7340,1.4641,1.0924,0.5079,0.5252,1.3822,1.1453,True,1.4860,0.962050,0.082112,179.9672,88.3948
277,left_only,0.454072,2.583580,-0.275993,2.348264,2.390187,-0.303242,0.670906,0.000000,-0.200000,0.000000,0.400000,0.000000,0.000000,0.000000,24.2338,24.6448,13.6913,20.4558,5.2206,9.3393,11.8005,30.0000,30.0000,15.0000,15.0000,10.0000,10.0000,10.0000,4.8833,10.3380,5.7676,2.3637,1.9588,4.4223,2.0936,8.0000,8.0000,4.0000,4.0000,3.0000,3.0000,3.0000,0.8078,0.8215,0.9128,1.3637,0.5221,0.9339,1.1800,1.0000,1.0000,1.0000,1.0000,1.0000,1.0000,1.0000,0.6104,1.2923,1.4419,0.5909,0.6529,1.4741,0.6979,1.0000,1.0000,1.0000,1.0000,1.0000,1.0000,1.0000,True,1.2600,0.895213,0.101092,179.9301,86.0841
278,left_only,-2.768194,3.219288,2.401171,1.758146,0.166242,0.387790,0.395021,0.000000,-0.200000,0.000000,0.400000,0.000000,0.000000,0.000000,34.7519,40.3106,17.2987,15.0552,8.8972,10.0313,10.2248,30.0000,30.0000,15.0000,15.0000,10.0000,10.0000,10.0000,6.8867,7.5849,5.2075,3.6661,1.5767,2.3491,2.1952,8.0000,8.0000,4.0000,4.0000,3.0000,3.0000,3.0000,1.1584,1.3437,1.1532,1.0037,0.8897,1.0031,1.0225,1.0000,1.0000,1.0000,1.0000,1.0000,1.0000,1.0000,0.8608,0.9481,1.3019,0.9165,0.5256,0.7830,0.7317,1.0000,1.0000,1.0000,1.0000,1.0000,1.0000,1.0000,True,1.6360,0.839246,0.094081,179.6647,87.1814
279,both,0.597771,1.318328,-1.070639,2.398211,-2.899311,-0.301318,0.830465,-0.546430,-0.475604,1.742458,2.940309,-2.384674,0.276792,0.530266,21.2108,42.9511,13.5630,20.8142,11.0511,10.2675,6.5952,35.4325,23.3810,16.0397,11.1039,14.4632,13.6017,7.8804,11.3146,8.4533,2.0244,2.0731,3.8329,1.9858,3.2962,8.2305,8.0051,5.8401,3.5761,3.1867,4.2861,1.9884,0.7070,1.4317,0.9042,1.3876,1.1051,1.0267,0.6595,1.1811,0.7794,1.0693,0.7403,1.4463,1.3602,0.7880,1.4143,1.0567,0.5061,0.5183,1.2776,0.6619,1.0987,1.0288,1.0006,1.4600,0.8940,1.0622,1.4287,0.6628,True,1.2580,0.888845,0.073054,179.9940,89.9963
280,both,-0.547213,0.019444,0.841219,0.560272,2.563584,-0.078247,-0.924083,0.788140,-0.297124,0.929854,2.142593,-1.225240,0.131399,-1.173429,20.9067,42.9684,18.5885,10.9601,6.1138,14.4892,6.1219,37.3781,31.5324,18.6539,17.4245,11.0856,11.4965,12.9916,6.0566,5.4611,2.0299,3.2565,4.4225,2.5257,3.0129,9.6815,10.3342,2.5824,4.7107,3.7111,2.3999,4.1237,0.6969,1.4323,1.2392,0.7307,0.6114,1.4489,0.6122,1.2459,1.0511,1.2436,1.1616,1.1086,1.1496,1.2992,0.7571,0.6826,0.5075,0.8141,1.4742,0.8419,1.0043,1.2102,1.2918,0.6456,1.1777,1.2370,0.8000,1.3746,True,1.2480,0.850355,0.072894,163.3810,88.9898
281,right_only,0.000000,0.200000,0.000000,0.400000,0.000000,0.000000,0.000000,-1.704808,-2.478315,1.906439,0.070192,-0.356706,-0.122171,1.011077,30.0000,30.0000,15.0000,15.0000,10.0000,10.0000,10.0000,28.6571,35.8293,19.4106,16.9186,14.4369,13.0251,9.0021,8.0000,8.0000,4.0000,4.0000,3.0000,3.0000,3.0000,11.6065,8.1966,2.0903,3.0401,3.3652,1.9704,3.2522,1.0000,1.0000,1.0000,1.0000,1.0000,1.0000,1.0000,0.9552,1.1943,1.2940,1.1279,1.4437,1.3025,0.9002,1.0000,1.0000,1.0000,1.0000,1.0000,1.0000,1.0000,1.4508,1.0246,0.5226,0.7600,1.1217,0.6568,1.0841,True,1.7560,0.828535,0.083357,179.8589,88.4659
282,right_only,0.000000,0.200000,0.000000,0.400000,0.000000,0.000000,0.000000,-1.436873,-1.380023,-2.999370,2.553980,-0.665309,-0.332853,-0.157694,30.0000,30.0000,15.0000,15.0000,10.0000,10.0000,10.0000,29.5853,34.1221,15.3684,8.1529,13.7151,9.5651,5.7699,8.0000,8.0000,4.0000,4.0000,3.0000,3.0000,3.0000,10.1826,9.2812,4.5978,3.7077,2.7315,3.1090,1.6518,1.0000,1.0000,1.0000,1.0000,1.0000,1.0000,1.0000,0.9862,1.1374,1.0246,0.5435,1.3715,0.9565,0.5770,1.0000,1.0000,1.0000,1.0000,1.0000,1.0000,1.0000,1.2728,1.1602,1.1494,0.9269,0.9105,1.0363,0.5506,True,2.5060,1.154468,0.083620,90.2283,86.4582
283,right_only,0.000000,0.200000,0.000000,0.400000,0.000000,0.000000,0.000000,-1.731909,0.334240,0.744631,0.780198,-1.469189,0.226819,-0.608863,30.0000,30.0000,15.0000,15.0000,10.0000,10.0000,10.0000,19.8711,19.6354,18.4389,17.1422,5.6981,6.1504,11.3385,8.0000,8.0000,4.0000,4.0000,3.0000,3.0000,3.0000,8.5689,9.4880,2.7122,4.9064,4.3083,3.3032,2.0884,1.0000,1.0000,1.0000,1.0000,1.0000,1.0000,1.0000,0.6624,0.6545,1.2293,1.1428,0.5698,0.6150,1.1338,1.0000,1.0000,1.0000,1.0000,1.0000,1.0000,1.0000,1.0711,1.1860,0.6780,1.2266,1.4361,1.1011,0.6961,False,,0.082394,0.999098,9.7006,16.1578
284,both,0.060652,0.916849,-2.380538,0.298659,2.206170,-0.082196,0.926250,-0.744215,-1.445823,-2.980423,1.681240,-2.128992,-0.019658,-0.608795,26.7715,31.1123,7.7170,11.7688,14.8961,5.5740,8.1939,43.4632,44.3902,9.2951,12.6573,7.0797,6.8679,9.9098,6.5714,7.0351,4.7391,2.9910,2.8808,3.4346,2.4670,8.5106,7.4052,3.0902,3.1145,4.4764,4.2710,1.7277,0.8924,1.0371,0.5145,0.7846,1.4896,0.5574,0.8194,1.4488,1.4797,0.6197,0.8438,0.7080,0.6868,0.9910,0.8214,0.8794,1.1848,0.7477,0.9603,1.1449,0.8223,1.0638,0.9257,0.7726,0.7786,1.4921,1.4237,0.5759,True,1.4280,0.865209,0.102562,179.9387,86.3272
285,right_only,0.000000,0.200000,0.000000,0.400000,0.000000,0.000000,0.000000,-0.047646,-1.673003,0.895576,1.515448,2.372094,-0.400536,-0.382021,30.0000,30.0000,15.0000,15.0000,10.0000,10.0000,10.0000,44.5648,20.4686,9.4100,18.4346,12.7744,11.7227,12.7620,8.0000,8.0000,4.0000,4.0000,3.0000,3.0000,3.0000,9.5498,5.0862,4.4329,5.1075,4.0965,2.2387,1.8823,1.0000,1.0000,1.0000,1.0000,1.0000,1.0000,1.0000,1.4855,0.6823,0.6273,1.2290,1.2774,1.1723,1.2762,1.0000,1.0000,1.0000,1.0000,1.0000,1.0000,1.0000,1.1937,0.6358,1.1082,1.2769,1.3655,0.7462,0.6274,True,2.5020,1.138445,0.083525,92.9923,79.7348
286,left_only,0.538936,0.589753,-2.478960,2.458132,-0.095491,-0.160364,-1.240970,0.000000,-0.200000,0.000000,0.400000,0.000000,0.000000,0.000000,16.0598,38.7787,14.8456,9.7458,8.5851,6.6531,6.1288,30.0000,30.0000,15.0000,15.0000,10.0000,10.0000,10.0000,6.2105,8.3961,2.8400,3.3747,2.9338,2.7601,1.8859,8.0000,8.0000,4.0000,4.0000,3.0000,3.0000,3.0000,0.5353,1.2926,0.9897,0.6497,0.8585,0.6653,0.6129,1.0000,1.0000,1.0000,1.0000,1.0000,1.0000,1.0000,0.7763,1.0495,0.7100,0.8437,0.9779,0.9200,0.6286,1.0000,1.0000,1.0000,1.0000,1.0000,1.0000,1.0000,True,1.4300,0.794630,0.116166,179.9183,84.6561
287,both,-2.956943,-0.245966,-0.674485,2.018653,-2.253969,0.265457,0.547813,-3.121426,-3.298893,-1.904162,-0.718221,0.310536,-0.425845,0.768720,29.7889,36.8386,18.7605,15.1015,14.2536,14.9024,8.5921,23.2206,31.1242,12.5274,19.2744,11.3954,5.0850,11.6005,5.0069,6.9059,2.8934,4.1240,2.6352,2.9413,3.7896,5.3613,9.7958,4.2694,3.6059,3.5822,4.0698,3.8362,0.9930,1.2280,1.2507,1.0068,1.4254,1.4902,0.8592,0.7740,1.0375,0.8352,1.2850,1.1395,0.5085,1.1601,0.6259,0.8632,0.7234,1.0310,0.8784,0.9804,1.2632,0.6702,1.2245,1.0673,0.9015,1.1941,1.3566,1.2787,True,1.7380,1.264772,0.088705,101.4943,74.8515
288,left_only,-0.571264,2.351785,-0.313105,2.308678,1.765339,-0.335503,-0.665400,0.000000,-0.200000,0.000000,0.400000,0.000000,0.000000,0.000000,23.0997,19.9825,13.3880,10.3955,10.9554,6.0162,7.6992,30.0000,30.0000,15.0000,15.0000,10.0000,10.0000,10.0000,9.3242,7.1884,3.6859,5.1917,4.4535,3.1952,1.7372,8.0000,8.0000,4.0000,4.0000,3.0000,3.0000,3.0000,0.7700,0.6661,0.8925,0.6930,1.0955,0.6016,0.7699,1.0000,1.0000,1.0000,1.0000,1.0000,1.0000,1.0000,1.1655,0.8985,0.9215,1.2979,1.4845,1.0651,0.5791,1.0000,1.0000,1.0000,1.0000,1.0000,1.0000,1.0000,True,1.2520,0.879189,0.095437,179.9009,87.1025
289,left_only,-2.655327,3.280933,1.191262,2.157697,0.882399,-0.296354,-0.131160,0.000000,-0.200000,0.000000,0.400000,0.000000,0.000000,0.000000,38.9424,40.9909,11.0600,16.4394,6.5710,14.5828,7.5220,30.0000,30.0000,15.0000,15.0000,10.0000,10.0000,10.0000,9.8131,5.8489,4.4642,4.6371,2.4853,3.9565,4.1561,8.0000,8.0000,4.0000,4.0000,3.0000,3.0000,3.0000,1.2981,1.3664,0.7373,1.0960,0.6571,1.4583,0.7522,1.0000,1.0000,1.0000,1.0000,1.0000,1.0000,1.0000,1.2266,0.7311,1.1161,1.1593,0.8284,1.3188,1.3854,1.0000,1.0000,1.0000,1.0000,1.0000,1.0000,1.0000,True,1.5140,0.855554,0.103503,179.9236,86.2364
290,right_only,0.000000,0.200000,0.000000,0.400000,0.000000,0.000000,0.000000,0.887379,-2.149583,1.210409,1.360697,0.663539,-0.020882,0.254663,30.0000,30.0000,15.0000,15.0000,10.0000,10.0000,10.0000,19.0696,27.2654,10.1651,11.7016,6.2781,7.1250,12.8193,8.0000,8.0000,4.0000,4.0000,3.0000,3.0000,3.0000,8.3987,4.1891,5.1541,5.6379,4.1413,3.9691,4.4766,1.0000,1.0000,1.0000,1.0000,1.0000,1.0000,1.0000,0.6357,0.9088,0.6777,0.7801,0.6278,0.7125,1.2819,1.0000,1.0000,1.0000,1.0000,1.0000,1.0000,1.0000,1.0498,0.5236,1.2885,1.4095,1.3804,1.3230,1.4922,True,1.3120,0.839458,0.072835,179.8227,88.8514
291,left_only,-0.378047,3.258581,2.719947,0.343676,1.963378,0.270537,0.700529,0.000000,-0.200000,0.000000,0.400000,0.000000,0.000000,0.000000,41.8884,26.5257,13.5008,17.1008,12.3780,13.7974,13.7585,30.0000,30.0000,15.0000,15.0000,10.0000,10.0000,10.0000,9.7707,11.6551,2.7145,5.8014,1.6926,3.1669,1.7706,8.0000,8.0000,4.0000,4.0000,3.0000,3.0000,3.0000,1.3963,0.8842,0.9001,1.1401,1.2378,1.3797,1.3758,1.0000,1.0000,1.0000,1.0000,1.0000,1.0000,1.0000,1.2213,1.4569,0.6786,1.4503,0.5642,1.0556,0.5902,1.0000,1.0000,1.0000,1.0000,1.0000,1.0000,1.0000,True,1.4400,0.935025,0.072844,179.7951,89.5835
292,both,-0.464715,1.094615,-2.197275,1.726722,1.201700,-0.301378,0.493869,-2.296686,-2.880641,-2.174450,1.524194,1.735835,0.089627,0.785753,32.7443,38.9196,22.1478,13.3644,6.4994,6.3540,10.9748,26.6226,40.5968,16.4394,8.5133,9.7298,5.9033,9.0621,8.3768,5.4739,5.5284,5.8270,2.2596,2.1206,2.1418,7.2282,9.1868,4.1978,5.4990,1.5488,3.8220,1.5680,1.0915,1.2973,1.4765,0.8910,0.6499,0.6354,1.0975,0.8874,1.3532,1.0960,0.5676,0.9730,0.5903,0.9062,1.0471,0.6842,1.3821,1.4567,0.7532,0.7069,0.7139,0.9035,1.1484,1.0495,1.3748,0.5163,1.2740,0.5227,True,1.4960,0.882210,0.082124,179.7701,89.5814
293,both,-1.706795,2.945127,1.254648,-0.239654,-0.183081,0.205261,1.110852,-0.152347,-3.306727,-0.176690,-0.318268,-2.474790,0.091122,0.703382,16.0818,38.5077,18.0958,18.7798,7.4473,8.9360,6.1975,25.3343,43.4293,11.0838,13.6023,13.1353,9.4289,7.3463,5.9111,6.4223,3.2777,2.7002,2.0661,4.2044,3.8517,6.9483,8.0058,4.4826,3.6224,2.7939,2.2918,3.1060,0.5361,1.2836,1.2064,1.2520,0.7447,0.8936,0.6198,0.8445,1.4476,0.7389,0.9068,1.3135,0.9429,0.7346,0.7389,0.8028,0.8194,0.6750,0.6887,1.4015,1.2839,0.8685,1.0007,1.1206,0.9056,0.9313,0.7639,1.0353,True,1.3780,1.051097,0.079921,178.6174,86.2751
294,right_only,0.000000,0.200000,0.000000,0.400000,0.000000,0.000000,0.000000,-2.106361,-0.120751,1.227571,0.744452,1.554032,-0.456029,-0.394997,30.0000,30.0000,15.0000,15.0000,10.0000,10.0000,10.0000,28.2090,29.0940,18.7310,21.9421,8.8000,8.5060,11.1052,8.0000,8.0000,4.0000,4.0000,3.0000,3.0000,3.0000,6.2500,5.1308,5.8462,5.2381,4.3755,2.1535,1.5534,1.0000,1.0000,1.0000,1.0000,1.0000,1.0000,1.0000,0.9403,0.9698,1.2487,1.4628,0.8800,0.8506,1.1105,1.0000,1.0000,1.0000,1.0000,1.0000,1.0000,1.0000,0.7813,0.6414,1.4615,1.3095,1.4585,0.7178,0.5178,True,2.5620,1.056207,0.209129,91.0631,69.5798
295,right_only,0.000000,0.200000,0.000000,0.400000,0.000000,0.000000,0.000000,-1.080498,0.129042,-2.225695,-0.466024,-2.352832,0.245142,0.726253,30.0000,30.0000,15.0000,15.0000,10.0000,10.0000,10.0000,35.8613,16.5988,18.3493,14.2294,6.5789,7.9513,10.0115,8.0000,8.0000,4.0000,4.0000,3.0000,3.0000,3.0000,6.6372,11.7580,3.8990,3.4886,3.5195,3.4516,1.5073,1.0000,1.0000,1.0000,1.0000,1.0000,1.0000,1.0000,1.1954,0.5533,1.2233,0.9486,0.6579,0.7951,1.0011,1.0000,1.0000,1.0000,1.0000,1.0000,1.0000,1.0000,0.8297,1.4697,0.9747,0.8722,1.1732,1.1505,0.5024,False,,0.068712,0.998813,7.4681,17.8273
296,both,-0.226989,0.541447,-0.532425,1.967221,0.200545,-0.121494,-0.844778,-0.759179,-2.192796,2.166301,1.256852,2.237953,-0.101583,0.831690,16.6961,23.9436,8.6726,7.9748,14.1886,12.1687,11.2511,44.3029,15.9569,13.2986,20.7307,6.8052,6.4134,8.6543,8.2599,8.5564,4.5548,5.3063,3.2907,3.7457,2.3429,7.4256,11.4672,5.3445,3.8564,4.4189,3.4268,4.1210,0.5565,0.7981,0.5782,0.5317,1.4189,1.2169,1.1251,1.4768,0.5319,0.8866,1.3820,0.6805,0.6413,0.8654,1.0325,1.0696,1.1387,1.3266,1.0969,1.2486,0.7810,0.9282,1.4334,1.3361,0.9641,1.4730,1.1423,1.3737,True,1.4560,0.829504,0.117463,179.9475,84.4694
297,left_only,-1.981072,1.468284,-2.491503,-0.913325,1.053411,-0.353078,0.121433,0.000000,-0.200000,0.000000,0.400000,0.000000,0.000000,0.000000,35.8802,15.9670,14.2311,17.7623,13.8973,7.9923,14.7422,30.0000,30.0000,15.0000,15.0000,10.0000,10.0000,10.0000,10.7563,9.2051,3.5677,4.8444,3.9486,2.4099,4.4785,8.0000,8.0000,4.0000,4.0000,3.0000,3.0000,3.0000,1.1960,0.5322,0.9487,1.1842,1.3897,0.7992,1.4742,1.0000,1.0000,1.0000,1.0000,1.0000,1.0000,1.0000,1.3445,1.1506,0.8919,1.2111,1.3162,0.8033,1.4928,1.0000,1.0000,1.0000,1.0000,1.0000,1.0000,1.0000,True,2.5680,0.844176,0.092545,179.8868,89.6420
298,right_only,0.000000,0.200000,0.000000,0.400000,0.000000,0.000000,0.000000,1.139597,-1.564805,1.088446,1.214157,1.632960,0.302459,-1.211015,30.0000,30.0000,15.0000,15.0000,10.0000,10.0000,10.0000,17.3740,25.0940,21.2642,13.4741,13.8751,9.6243,7.8885,8.0000,8.0000,4.0000,4.0000,3.0000,3.0000,3.0000,11.2052,8.4854,3.4419,2.1776,1.8328,1.9179,2.5945,1.0000,1.0000,1.0000,1.0000,1.0000,1.0000,1.0000,0.5791,0.8365,1.4176,0.8983,1.3875,0.9624,0.7889,1.0000,1.0000,1.0000,1.0000,1.0000,1.0000,1.0000,1.4006,1.0607,0.8605,0.5444,0.6109,0.6393,0.8648,True,1.6300,0.831462,0.076661,159.4606,89.0643
299,left_only,-0.279462,0.782691,-2.288458,0.143660,-0.655994,0.455350,-0.271813,0.000000,-0.200000,0.000000,0.400000,0.000000,0.000000,0.000000,17.6759,32.4334,21.2946,19.3004,13.3622,14.2823,11.3654,30.0000,30.0000,15.0000,15.0000,10.0000,10.0000,10.0000,11.9594,4.2663,5.3394,5.4280,4.2501,2.9345,3.8633,8.0000,8.0000,4.0000,4.0000,3.0000,3.0000,3.0000,0.5892,1.0811,1.4196,1.2867,1.3362,1.4282,1.1365,1.0000,1.0000,1.0000,1.0000,1.0000,1.0000,1.0000,1.4949,0.5333,1.3348,1.3570,1.4167,0.9782,1.2878,1.0000,1.0000,1.0000,1.0000,1.0000,1.0000,1.0000,False,,0.058466,0.997228,10.5639,19.2142
300,both,-2.221171,1.899832,-0.626482,1.512197,0.881229,-0.141461,-0.720755,-1.624850,-0.890242,0.827877,2.111639,-2.021149,0.294629,0.477895,15.9152,25.0679,14.5007,12.9093,6.1742,7.0735,5.2456,18.9454,21.6787,10.8378,16.4993,9.6162,8.8759,10.5664,4.7446,6.1304,5.2799,4.1066,2.7735,3.4865,3.1245,11.7609,6.5135,4.0808,3.9215,3.6499,3.6909,3.6872,0.5305,0.8356,0.9667,0.8606,0.6174,0.7073,0.5246,0.6315,0.7226,0.7225,1.1000,0.9616,0.8876,1.0566,0.5931,0.7663,1.3200,1.0266,0.9245,1.1622,1.0415,1.4701,0.8142,1.0202,0.9804,1.2166,1.2303,1.2291,True,1.4080,0.854447,0.121284,179.9993,83.9535
301,both,-2.190843,1.317572,1.939360,0.625720,2.659309,-0.125072,-0.005926,-0.904984,-1.760751,1.784730,-0.308713,0.519749,0.109706,0.892102,33.2760,43.8006,20.5825,12.7311,13.5991,14.5848,7.5720,15.7759,35.8632,14.9399,16.8788,8.1567,6.4582,9.3543,8.8817,6.2544,4.5983,2.3746,3.7026,2.7595,3.2619,11.5518,5.8224,4.7034,2.1994,3.6543,2.2153,2.8546,1.1092,1.4600,1.3722,0.8487,1.3599,1.4585,0.7572,0.5259,1.1954,0.9960,1.1253,0.8157,0.6458,0.9354,1.1102,0.7818,1.1496,0.5936,1.2342,0.9198,1.0873,1.4440,0.7278,1.1758,0.5498,1.2181,0.7384,0.9515,True,1.7120,0.855825,0.075299,179.7791,89.2887
302,left_only,-1.407883,0.046537,-0.700550,0.496016,-0.002672,0.436925,-0.076155,0.000000,-0.200000,0.000000,0.400000,0.000000,0.000000,0.000000,42.4328,28.8467,9.1131,10.9523,9.0752,8.2537,13.6583,30.0000,30.0000,15.0000,15.0000,10.0000,10.0000,10.0000,9.4292,8.6265,3.9649,3.5891,3.3366,1.8738,1.9876,8.0000,8.0000,4.0000,4.0000,3.0000,3.0000,3.0000,1.4144,0.9616,0.6075,0.7302,0.9075,0.8254,1.3658,1.0000,1.0000,1.0000,1.0000,1.0000,1.0000,1.0000,1.1786,1.0783,0.9912,0.8973,1.1122,0.6246,0.6625,1.0000,1.0000,1.0000,1.0000,1.0000,1.0000,1.0000,False,,0.094859,0.999821,9.3035,15.8514
303,left_only,-1.712322,0.267078,1.179150,-0.847707,-2.087378,0.372413,1.263760,0.000000,-0.200000,0.000000,0.400000,0.000000,0.000000,0.000000,29.6277,29.8611,19.1010,8.0428,9.2702,5.9983,9.0093,30.0000,30.0000,15.0000,15.0000,10.0000,10.0000,10.0000,11.8706,10.0291,5.9402,4.9842,3.3243,3.7627,3.4773,8.0000,8.0000,4.0000,4.0000,3.0000,3.0000,3.0000,0.9876,0.9954,1.2734,0.5362,0.9270,0.5998,0.9009,1.0000,1.0000,1.0000,1.0000,1.0000,1.0000,1.0000,1.4838,1.2536,1.4850,1.2460,1.1081,1.2542,1.1591,1.0000,1.0000,1.0000,1.0000,1.0000,1.0000,1.0000,False,,0.486349,0.892322,18.8583,23.8951
304,both,-0.954249,0.725825,0.289410,0.117578,-0.206744,-0.327325,0.166104,-1.984714,-2.290161,-0.180510,-0.278767,2.793308,-0.049077,-0.375211,15.8759,40.2976,16.8875,13.7461,7.4553,12.4514,14.4547,38.5259,19.8655,22.1656,12.4172,8.3362,11.8734,5.4905,7.0465,5.0790,2.4368,2.0254,3.7319,4.4442,4.4785,10.6062,11.9784,5.1003,5.1267,2.6709,1.6978,3.8780,0.5292,1.3433,1.1258,0.9164,0.7455,1.2451,1.4455,1.2842,0.6622,1.4777,0.8278,0.8336,1.1873,0.5490,0.8808,0.6349,0.6092,0.5064,1.2440,1.4814,1.4928,1.3258,1.4973,1.2751,1.2817,0.8903,0.5659,1.2927,True,1.9160,1.103601,0.093620,98.6870,75.1355
305,both,-0.327385,3.057300,-2.002491,0.310158,-0.932621,0.169534,0.730873,1.386406,-2.283361,-0.211082,-0.830391,-1.292790,-0.116547,0.238268,29.1254,25.9343,16.8612,19.9292,7.4168,8.4288,12.0492,44.5447,18.3916,18.0840,20.2528,6.5079,12.1445,9.6974,10.2235,10.6032,2.8373,4.1571,4.2000,2.6759,2.7896,10.8231,11.2596,5.4899,2.2575,3.7706,4.2646,3.3640,0.9708,0.8645,1.1241,1.3286,0.7417,0.8429,1.2049,1.4848,0.6131,1.2056,1.3502,0.6508,1.2145,0.9697,1.2779,1.3254,0.7093,1.0393,1.4000,0.8920,0.9299,1.3529,1.4075,1.3725,0.5644,1.2569,1.4215,1.1213,True,1.3320,1.007501,0.072759,172.4478,88.5458
306,both,-0.309874,-0.209880,2.193707,-0.758353,-1.204185,0.393923,1.142353,1.531852,-1.599199,-2.003974,1.065211,-2.160678,0.344596,0.153765,27.1352,17.3859,13.5786,20.4929,12.0341,5.8246,6.5991,22.3461,32.0995,7.7006,14.4810,13.4380,14.2806,8.4255,7.1385,4.8110,5.7362,4.6092,1.7845,3.8642,2.6052,9.1395,5.8146,4.2409,3.0161,3.2141,2.0152,4.3237,0.9045,0.5795,0.9052,1.3662,1.2034,0.5825,0.6599,0.7449,1.0700,0.5134,0.9654,1.3438,1.4281,0.8426,0.8923,0.6014,1.4340,1.1523,0.5948,1.2881,0.8684,1.1424,0.7268,1.0602,0.7540,1.0714,0.6717,1.4412,True,1.6320,0.847077,0.073581,179.9127,88.7814
307,right_only,0.000000,0.200000,0.000000,0.400000,0.000000,0.000000,0.000000,1.037381,-2.126449,1.393679,-0.555568,1.514479,-0.201225,-0.925470,30.0000,30.0000,15.0000,15.0000,10.0000,10.0000,10.0000,35.3457,29.0942,15.4521,15.3079,5.5945,5.5138,11.0117,8.0000,8.0000,4.0000,4.0000,3.0000,3.0000,3.0000,8.9909,4.3774,3.5138,4.4514,3.4700,3.9848,2.7622,1.0000,1.0000,1.0000,1.0000,1.0000,1.0000,1.0000,1.1782,0.9698,1.0301,1.0205,0.5594,0.5514,1.1012,1.0000,1.0000,1.0000,1.0000,1.0000,1.0000,1.0000,1.1239,0.5472,0.8784,1.1129,1.1567,1.3283,0.9207,True,3.1440,1.101446,0.080552,95.9081,80.0541
308,right_only,0.000000,0.200000,0.000000,0.400000,0.000000,0.000000,0.000000,-0.557706,-1.213042,-1.240703,-0.727701,-2.725659,0.310916,-0.761411,30.0000,30.0000,15.0000,15.0000,10.0000,10.0000,10.0000,33.9076,32.3114,13.4945,20.0024,11.9840,5.2274,12.7669,8.0000,8.0000,4.0000,4.0000,3.0000,3.0000,3.0000,8.0560,6.7762,4.9075,4.7443,2.4318,4.4491,3.4461,1.0000,1.0000,1.0000,1.0000,1.0000,1.0000,1.0000,1.1303,1.0770,0.8996,1.3335,1.1984,0.5227,1.2767,1.0000,1.0000,1.0000,1.0000,1.0000,1.0000,1.0000,1.0070,0.8470,1.2269,1.1861,0.8106,1.4830,1.1487,True,2.4580,0.825667,0.119201,179.9420,87.1692
309,both,-0.286778,-0.115852,-1.076263,0.896003,0.622404,0.011806,0.668104,-1.903306,-0.745847,1.620105,2.209656,1.690076,0.359369,-1.056186,35.9157,44.0603,16.1048,10.7597,14.9875,6.7468,8.3556,41.6005,39.5327,11.0958,7.6939,11.2950,13.4485,10.5285,5.3765,7.7161,3.6755,3.9650,4.2840,2.9350,3.0439,5.6894,9.9308,4.6782,4.2601,4.0900,3.8527,3.5039,1.1972,1.4687,1.0737,0.7173,1.4988,0.6747,0.8356,1.3867,1.3178,0.7397,0.5129,1.1295,1.3448,1.0529,0.6721,0.9645,0.9189,0.9912,1.4280,0.9783,1.0146,0.7112,1.2414,1.1695,1.0650,1.3633,1.2842,1.1680,False,,0.094356,0.998893,10.2340,14.1371
310,left_only,-0.008987,2.123126,0.317684,0.965996,1.077299,0.102207,-0.025449,0.000000,-0.200000,0.000000,0.400000,0.000000,0.000000,0.000000,18.7998,36.0579,17.1900,12.6337,8.5632,7.4672,14.6192,30.0000,30.0000,15.0000,15.0000,10.0000,10.0000,10.0000,10.8816,8.4884,3.6066,4.9473,3.0832,4.4276,1.6654,8.0000,8.0000,4.0000,4.0000,3.0000,3.0000,3.0000,0.6267,1.2019,1.1460,0.8422,0.8563,0.7467,1.4619,1.0000,1.0000,1.0000,1.0000,1.0000,1.0000,1.0000,1.3602,1.0610,0.9017,1.2368,1.0277,1.4759,0.5551,1.0000,1.0000,1.0000,1.0000,1.0000,1.0000,1.0000,True,1.4040,0.877824,0.089792,179.9843,87.8913
311,right_only,0.000000,0.200000,0.000000,0.400000,0.000000,0.000000,0.000000,-2.978514,-1.250650,-1.857407,1.545776,1.750997,-0.334748,-0.150855,30.0000,30.0000,15.0000,15.0000,10.0000,10.0000,10.0000,35.6600,40.0159,14.9452,10.5923,10.8580,9.5452,12.7193,8.0000,8.0000,4.0000,4.0000,3.0000,3.0000,3.0000,8.4446,6.2354,5.0176,4.0710,2.0326,3.1892,4.3450,1.0000,1.0000,1.0000,1.0000,1.0000,1.0000,1.0000,1.1887,1.3339,0.9963,0.7062,1.0858,0.9545,1.2719,1.0000,1.0000,1.0000,1.0000,1.0000,1.0000,1.0000,1.0556,0.7794,1.2544,1.0177,0.6775,1.0631,1.4483,True,1.8360,1.124506,0.081446,93.0321,80.5991
312,left_only,0.182982,0.749477,1.370651,0.217164,0.115888,0.024601,-0.641627,0.000000,-0.200000,0.000000,0.400000,0.000000,0.000000,0.000000,25.4364,43.2654,11.2590,19.5154,11.6737,10.3263,6.3751,30.0000,30.0000,15.0000,15.0000,10.0000,10.0000,10.0000,5.6366,5.4318,4.3472,5.8935,4.1317,1.5758,2.3212,8.0000,8.0000,4.0000,4.0000,3.0000,3.0000,3.0000,0.8479,1.4422,0.7506,1.3010,1.1674,1.0326,0.6375,1.0000,1.0000,1.0000,1.0000,1.0000,1.0000,1.0000,0.7046,0.6790,1.0868,1.4734,1.3772,0.5253,0.7737,1.0000,1.0000,1.0000,1.0000,1.0000,1.0000,1.0000,False,,0.047028,0.994059,10.9380,15.3743
313,both,-2.399318,3.308062,-1.324090,-0.118577,0.566242,0.051973,-0.696337,0.017419,-3.033313,-2.900177,-0.609627,-0.648359,0.439390,0.120007,37.6418,24.6449,18.2901,21.9927,8.5776,14.9906,11.3841,43.4061,41.5444,16.3558,8.7318,6.6079,5.7687,6.0799,9.9887,6.0173,4.5724,4.0440,4.3692,4.2140,2.6900,11.8156,5.6973,4.7634,4.5461,3.3934,2.1201,3.2380,1.2547,0.8215,1.2193,1.4662,0.8578,1.4991,1.1384,1.4469,1.3848,1.0904,0.5821,0.6608,0.5769,0.6080,1.2486,0.7522,1.1431,1.0110,1.4564,1.4047,0.8967,1.4770,0.7122,1.1909,1.1365,1.1311,0.7067,1.0793,True,1.4700,0.925612,0.098022,179.5354,83.4992
314,both,-0.193714,1.776132,-1.604459,2.036240,-2.588119,0.084360,-0.161901,-1.961150,-0.348070,-2.012689,2.903215,2.345094,-0.128957,-0.494912,19.1246,42.4898,16.9130,7.9768,10.1100,5.8580,10.7375,29.8144,42.5195,12.8229,20.3616,7.3583,12.0748,5.8861,8.0717,4.6628,5.2634,3.0493,3.1245,3.4171,4.3869,11.8884,11.6315,3.7689,4.0957,3.2933,2.3251,3.5234,0.6375,1.4163,1.1275,0.5318,1.0110,0.5858,1.0738,0.9938,1.4173,0.8549,1.3574,0.7358,1.2075,0.5886,1.0090,0.5828,1.3159,0.7623,1.0415,1.1390,1.4623,1.4861,1.4539,0.9422,1.0239,1.0978,0.7750,1.1745,False,,0.050083,0.995676,10.9177,21.6841
315,right_only,0.000000,0.200000,0.000000,0.400000,0.000000,0.000000,0.000000,0.150227,-1.415211,-2.172310,2.846238,-2.087340,0.119484,-1.008155,30.0000,30.0000,15.0000,15.0000,10.0000,10.0000,10.0000,19.3830,15.6161,12.9505,17.0937,10.2154,11.7454,11.7502,8.0000,8.0000,4.0000,4.0000,3.0000,3.0000,3.0000,5.1214,4.4587,4.5014,4.6129,3.1701,2.2373,3.9323,1.0000,1.0000,1.0000,1.0000,1.0000,1.0000,1.0000,0.6461,0.5205,0.8634,1.1396,1.0215,1.1745,1.1750,1.0000,1.0000,1.0000,1.0000,1.0000,1.0000,1.0000,0.6402,0.5573,1.1254,1.1532,1.0567,0.7458,1.3108,True,1.2540,0.853372,0.101795,179.8886,86.2975
316,both,-2.783519,2.010139,-1.977267,1.752869,-0.603899,0.201745,-1.137432,-0.525559,-2.852362,0.859104,-0.454583,-2.326160,0.197139,-1.108629,21.7359,39.7421,19.6453,20.3119,8.2610,10.2805,12.7335,20.4409,25.3775,18.4069,15.6142,10.2931,6.9525,11.9036,5.0959,9.7951,2.3899,5.6530,3.4119,2.9799,2.9542,7.1363,5.4620,5.7751,4.0272,3.0841,4.4441,2.5992,0.7245,1.3247,1.3097,1.3541,0.8261,1.0280,1.2733,0.6814,0.8459,1.2271,1.0409,1.0293,0.6952,1.1904,0.6370,1.2244,0.5975,1.4133,1.1373,0.9933,0.9847,0.8920,0.6828,1.4438,1.0068,1.0280,1.4814,0.8664,True,1.4280,0.988929,0.130895,179.9748,84.4124
317,right_only,0.000000,0.200000,0.000000,0.400000,0.000000,0.000000,0.000000,1.301628,-0.773182,0.579652,0.018148,-2.451887,-0.057550,-1.244166,30.0000,30.0000,15.0000,15.0000,10.0000,10.0000,10.0000,17.1301,32.8598,18.3671,10.0192,12.3250,14.4973,12.4318,8.0000,8.0000,4.0000,4.0000,3.0000,3.0000,3.0000,10.2777,9.6057,2.8989,3.4436,4.3478,3.4836,3.8671,1.0000,1.0000,1.0000,1.0000,1.0000,1.0000,1.0000,0.5710,1.0953,1.2245,0.6679,1.2325,1.4497,1.2432,1.0000,1.0000,1.0000,1.0000,1.0000,1.0000,1.0000,1.2847,1.2007,0.7247,0.8609,1.4493,1.1612,1.2890,True,1.4540,0.852942,0.080388,179.7323,88.8822
318,left_only,1.422552,0.494832,-0.836037,1.713031,-2.869701,0.065878,0.784068,0.000000,-0.200000,0.000000,0.400000,0.000000,0.000000,0.000000,33.3133,23.8618,18.3616,9.6905,13.9477,6.0092,13.6349,30.0000,30.0000,15.0000,15.0000,10.0000,10.0000,10.0000,7.9825,7.4292,4.0026,2.8008,2.8731,4.0492,3.9029,8.0000,8.0000,4.0000,4.0000,3.0000,3.0000,3.0000,1.1104,0.7954,1.2241,0.6460,1.3948,0.6009,1.3635,1.0000,1.0000,1.0000,1.0000,1.0000,1.0000,1.0000,0.9978,0.9286,1.0007,0.7002,0.9577,1.3497,1.3010,1.0000,1.0000,1.0000,1.0000,1.0000,1.0000,1.0000,True,1.4840,0.979837,0.089226,179.2558,86.1844
319,left_only,-2.372041,2.165531,2.198267,2.435640,-0.558357,-0.418014,1.095170,0.000000,-0.200000,0.000000,0.400000,0.000000,0.000000,0.000000,26.8766,25.8293,18.8927,11.4596,13.3475,5.7605,12.4071,30.0000,30.0000,15.0000,15.0000,10.0000,10.0000,10.0000,11.7263,11.9662,5.6952,5.4830,2.3366,4.3999,4.2837,8.0000,8.0000,4.0000,4.0000,3.0000,3.0000,3.0000,0.8959,0.8610,1.2595,0.7640,1.3347,0.5761,1.2407,1.0000,1.0000,1.0000,1.0000,1.0000,1.0000,1.0000,1.4658,1.4958,1.4238,1.3708,0.7789,1.4666,1.4279,1.0000,1.0000,1.0000,1.0000,1.0000,1.0000,1.0000,False,,0.128742,0.991351,15.9904,16.9350
320,both,-0.623106,1.139854,-2.040455,1.489319,1.025145,-0.088803,-0.238685,-0.439703,-3.294976,2.421100,0.247311,-1.938469,-0.457423,0.906505,40.8962,17.8592,9.7836,14.2185,6.8570,12.3582,5.5804,18.4586,44.3368,11.6968,12.1054,6.2711,12.5516,14.2414,8.3977,7.0623,3.8598,3.6990,1.9595,2.1608,1.6944,10.3180,8.9009,5.2529,3.6169,4.0785,3.8956,1.5052,1.3632,0.5953,0.6522,0.9479,0.6857,1.2358,0.5580,0.6153,1.4779,0.7798,0.8070,0.6271,1.2552,1.4241,1.0497,0.8828,0.9649,0.9248,0.6532,0.7203,0.5648,1.2898,1.1126,1.3132,0.9042,1.3595,1.2985,0.5017,True,1.2920,0.833021,0.219293,131.7838,67.7267
321,both,-0.842490,0.620251,-2.171059,2.544790,-2.964210,0.212901,1.240008,-0.869687,-1.996711,0.425073,2.373402,-1.366148,-0.230601,0.272232,43.1964,23.9532,13.1513,22.4000,6.7622,5.7697,10.8976,34.3016,39.1045,19.3913,17.4720,13.9423,13.3803,6.3325,4.1941,5.4435,4.4888,4.6380,3.0313,2.6512,3.2286,11.6534,11.1339,3.2837,2.0807,3.3119,2.8153,3.7487,1.4399,0.7984,0.8768,1.4933,0.6762,0.5770,1.0898,1.1434,1.3035,1.2928,1.1648,1.3942,1.3380,0.6332,0.5243,0.6804,1.1222,1.1595,1.0104,0.8837,1.0762,1.4567,1.3917,0.8209,0.5202,1.1040,0.9384,1.2496,True,1.4940,0.842083,0.101788,176.2648,86.9811
322,left_only,-0.669135,-0.090866,-1.272622,2.694823,-2.792907,0.218919,-0.528463,0.000000,-0.200000,0.000000,0.400000,0.000000,0.000000,0.000000,28.5792,30.9302,11.2512,17.2794,11.9344,5.8506,8.7393,30.0000,30.0000,15.0000,15.0000,10.0000,10.0000,10.0000,9.9550,9.7731,4.1784,5.1107,1.8229,1.8546,3.4725,8.0000,8.0000,4.0000,4.0000,3.0000,3.0000,3.0000,0.9526,1.0310,0.7501,1.1520,1.1934,0.5851,0.8739,1.0000,1.0000,1.0000,1.0000,1.0000,1.0000,1.0000,1.2444,1.2216,1.0446,1.2777,0.6076,0.6182,1.1575,1.0000,1.0000,1.0000,1.0000,1.0000,1.0000,1.0000,True,2.2060,0.770140,0.118720,179.9921,84.3479
323,left_only,0.125603,2.698912,-1.633521,1.184267,0.796388,-0.255578,0.042997,0.000000,-0.200000,0.000000,0.400000,0.000000,0.000000,0.000000,34.1534,21.4335,13.1335,10.7451,14.0294,7.3680,6.2083,30.0000,30.0000,15.0000,15.0000,10.0000,10.0000,10.0000,4.2812,4.3596,2.7663,4.4328,1.5529,2.3602,1.6745,8.0000,8.0000,4.0000,4.0000,3.0000,3.0000,3.0000,1.1384,0.7144,0.8756,0.7163,1.4029,0.7368,0.6208,1.0000,1.0000,1.0000,1.0000,1.0000,1.0000,1.0000,0.5352,0.5450,0.6916,1.1082,0.5176,0.7867,0.5582,1.0000,1.0000,1.0000,1.0000,1.0000,1.0000,1.0000,True,1.2940,0.887949,0.088572,179.9903,87.9379
324,left_only,-1.238767,-0.196380,0.784762,1.893192,1.202504,-0.254982,0.935990,0.000000,-0.200000,0.000000,0.400000,0.000000,0.000000,0.000000,35.7086,16.6995,14.1115,19.0163,8.1089,8.8156,11.2960,30.0000,30.0000,15.0000,15.0000,10.0000,10.0000,10.0000,4.4438,11.7355,2.6979,2.1067,1.5160,2.6987,4.1528,8.0000,8.0000,4.0000,4.0000,3.0000,3.0000,3.0000,1.1903,0.5567,0.9408,1.2678,0.8109,0.8816,1.1296,1.0000,1.0000,1.0000,1.0000,1.0000,1.0000,1.0000,0.5555,1.4669,0.6745,0.5267,0.5053,0.8996,1.3843,1.0000,1.0000,1.0000,1.0000,1.0000,1.0000,1.0000,False,,0.103048,1.001569,8.9080,15.0869
325,right_only,0.000000,0.200000,0.000000,0.400000,0.000000,0.000000,0.000000,0.721079,0.047533,0.016546,0.903322,-0.527441,-0.419563,1.040184,30.0000,30.0000,15.0000,15.0000,10.0000,10.0000,10.0000,29.8853,28.6520,15.2275,19.4123,7.2447,12.0990,12.1077,8.0000,8.0000,4.0000,4.0000,3.0000,3.0000,3.0000,10.7964,4.0695,2.6816,3.8842,4.0516,4.3954,3.2846,1.0000,1.0000,1.0000,1.0000,1.0000,1.0000,1.0000,0.9962,0.9551,1.0152,1.2942,0.7245,1.2099,1.2108,1.0000,1.0000,1.0000,1.0000,1.0000,1.0000,1.0000,1.3496,0.5087,0.6704,0.9710,1.3505,1.4651,1.0949,False,,0.054731,0.994572,9.5633,15.4001
326,left_only,-2.140849,0.317730,0.965647,-0.082414,0.175784,0.309701,-0.279858,0.000000,-0.200000,0.000000,0.400000,0.000000,0.000000,0.000000,26.3542,16.0842,11.3113,17.9729,8.6039,6.5830,6.0577,30.0000,30.0000,15.0000,15.0000,10.0000,10.0000,10.0000,4.7604,9.2731,4.4505,4.0741,3.0010,1.9594,3.0018,8.0000,8.0000,4.0000,4.0000,3.0000,3.0000,3.0000,0.8785,0.5361,0.7541,1.1982,0.8604,0.6583,0.6058,1.0000,1.0000,1.0000,1.0000,1.0000,1.0000,1.0000,0.5951,1.1591,1.1126,1.0185,1.0003,0.6531,1.0006,1.0000,1.0000,1.0000,1.0000,1.0000,1.0000,1.0000,False,,0.083556,0.999297,11.1460,15.1280
327,left_only,-2.857693,3.119745,-2.330984,0.799180,-3.006711,0.264689,-0.847928,0.000000,-0.200000,0.000000,0.400000,0.000000,0.000000,0.000000,42.7475,16.3193,19.8118,17.3496,7.4974,7.0242,8.5768,30.0000,30.0000,15.0000,15.0000,10.0000,10.0000,10.0000,10.6272,10.8957,2.7011,3.4138,2.2125,1.8679,3.4393,8.0000,8.0000,4.0000,4.0000,3.0000,3.0000,3.0000,1.4249,0.5440,1.3208,1.1566,0.7497,0.7024,0.8577,1.0000,1.0000,1.0000,1.0000,1.0000,1.0000,1.0000,1.3284,1.3620,0.6753,0.8534,0.7375,0.6226,1.1464,1.0000,1.0000,1.0000,1.0000,1.0000,1.0000,1.0000,True,1.3940,0.871778,0.092287,179.8761,87.4110
328,left_only,-1.510948,0.471952,2.250207,2.140553,1.446864,-0.426244,1.054431,0.000000,-0.200000,0.000000,0.400000,0.000000,0.000000,0.000000,32.2422,30.1141,7.6588,20.9649,10.4389,13.2515,11.5551,30.0000,30.0000,15.0000,15.0000,10.0000,10.0000,10.0000,10.3735,9.5435,5.6839,2.9019,2.1063,3.6376,3.0042,8.0000,8.0000,4.0000,4.0000,3.0000,3.0000,3.0000,1.0747,1.0038,0.5106,1.3977,1.0439,1.3252,1.1555,1.0000,1.0000,1.0000,1.0000,1.0000,1.0000,1.0000,1.2967,1.1929,1.4210,0.7255,0.7021,1.2125,1.0014,1.0000,1.0000,1.0000,1.0000,1.0000,1.0000,1.0000,True,2.5780,1.129849,0.109287,86.4511,73.5777
329,right_only,0.000000,0.200000,0.000000,0.400000,0.000000,0.000000,0.000000,-0.317951,-0.721709,0.093918,2.303174,-0.913324,0.332066,-0.996502,30.0000,30.0000,15.0000,15.0000,10.0000,10.0000,10.0000,34.0201,41.7040,11.2904,12.4025,8.0544,10.6426,9.1287,8.0000,8.0000,4.0000,4.0000,3.0000,3.0000,3.0000,4.8637,11.1303,2.8187,4.1363,3.2844,1.6223,1.7871,1.0000,1.0000,1.0000,1.0000,1.0000,1.0000,1.0000,1.1340,1.3901,0.7527,0.8268,0.8054,1.0643,0.9129,1.0000,1.0000,1.0000,1.0000,1.0000,1.0000,1.0000,0.6080,1.3913,0.7047,1.0341,1.0948,0.5408,0.5957,True,1.8740,0.825201,0.103860,176.0031,86.1638
330,left_only,1.436659,2.131857,-2.469686,2.330043,-0.080793,-0.392940,0.459110,0.000000,-0.200000,0.000000,0.400000,0.000000,0.000000,0.000000,29.9806,21.1476,20.6655,11.8707,7.8456,7.7277,12.6746,30.0000,30.0000,15.0000,15.0000,10.0000,10.0000,10.0000,9.6489,11.2252,2.9174,5.1455,3.2191,2.4260,1.6064,8.0000,8.0000,4.0000,4.0000,3.0000,3.0000,3.0000,0.9994,0.7049,1.3777,0.7914,0.7846,0.7728,1.2675,1.0000,1.0000,1.0000,1.0000,1.0000,1.0000,1.0000,1.2061,1.4031,0.7293,1.2864,1.0730,0.8087,0.5355,1.0000,1.0000,1.0000,1.0000,1.0000,1.0000,1.0000,True,1.2360,0.904291,0.082416,179.9420,88.3294
331,both,0.717243,0.531250,0.921983,1.316825,-2.984371,0.457268,0.798397,-0.848720,-0.828310,-0.307711,2.125141,-1.976268,-0.049625,-0.417736,28.7897,28.5142,9.6464,22.1473,5.1549,5.1007,8.7344,34.2725,18.3216,18.1423,20.1068,6.0529,6.2586,7.8105,8.9630,5.4372,4.1328,4.8911,1.7822,4.4533,2.5101,4.0955,11.8884,4.3935,4.4304,4.3769,3.9961,3.9427,0.9597,0.9505,0.6431,1.4765,0.5155,0.5101,0.8734,1.1424,0.6107,1.2095,1.3405,0.6053,0.6259,0.7810,1.1204,0.6797,1.0332,1.2228,0.5941,1.4844,0.8367,0.5119,1.4861,1.0984,1.1076,1.4590,1.3320,1.3142,True,1.3500,0.882181,0.072593,179.5054,89.9615
332,both,-1.540944,0.885784,-1.005846,0.481854,-0.881630,-0.332997,-0.365892,-1.035822,-2.230667,-2.072483,0.592185,0.020029,0.204174,0.536544,21.0809,16.0997,12.0570,9.8570,8.9579,14.7935,6.8107,34.0528,38.7698,11.4816,18.3762,6.6990,7.8475,8.1182,6.5510,9.8009,4.0367,2.1757,1.9851,4.3057,1.8095,11.9715,5.7166,2.5168,5.7028,1.9858,4.1378,3.4514,0.7027,0.5367,0.8038,0.6571,0.8958,1.4793,0.6811,1.1351,1.2923,0.7654,1.2251,0.6699,0.7848,0.8118,0.8189,1.2251,1.0092,0.5439,0.6617,1.4352,0.6032,1.4964,0.7146,0.6292,1.4257,0.6619,1.3793,1.1505,True,1.8800,0.887685,0.149203,166.0778,83.2839
333,right_only,0.000000,0.200000,0.000000,0.400000,0.000000,0.000000,0.000000,-0.422982,-0.559940,1.106414,-0.493527,3.006925,0.408748,1.007344,30.0000,30.0000,15.0000,15.0000,10.0000,10.0000,10.0000,33.6687,30.6837,15.5442,7.7241,9.9947,11.2377,11.5871,8.0000,8.0000,4.0000,4.0000,3.0000,3.0000,3.0000,6.6571,7.7703,4.5452,3.7132,4.3864,3.6163,1.5038,1.0000,1.0000,1.0000,1.0000,1.0000,1.0000,1.0000,1.1223,1.0228,1.0363,0.5149,0.9995,1.1238,1.1587,1.0000,1.0000,1.0000,1.0000,1.0000,1.0000,1.0000,0.8321,0.9713,1.1363,0.9283,1.4621,1.2054,0.5013,False,,0.079812,0.998994,10.3279,13.7451
334,left_only,-3.030354,2.229335,-0.320302,2.517015,-2.013431,-0.449710,-0.284271,0.000000,-0.200000,0.000000,0.400000,0.000000,0.000000,0.000000,37.0819,44.1518,20.7548,14.7611,13.1282,5.7033,10.7227,30.0000,30.0000,15.0000,15.0000,10.0000,10.0000,10.0000,11.3944,7.1711,5.8404,2.8827,1.8169,3.0743,4.2217,8.0000,8.0000,4.0000,4.0000,3.0000,3.0000,3.0000,1.2361,1.4717,1.3837,0.9841,1.3128,0.5703,1.0723,1.0000,1.0000,1.0000,1.0000,1.0000,1.0000,1.0000,1.4243,0.8964,1.4601,0.7207,0.6056,1.0248,1.4072,1.0000,1.0000,1.0000,1.0000,1.0000,1.0000,1.0000,True,1.8280,0.801974,0.117888,179.9898,84.4480
335,left_only,-1.673875,2.644606,-1.700652,2.129206,0.198475,-0.300609,0.553942,0.000000,-0.200000,0.000000,0.400000,0.000000,0.000000,0.000000,36.4127,30.4631,10.8820,9.4844,14.5725,11.5581,13.0924,30.0000,30.0000,15.0000,15.0000,10.0000,10.0000,10.0000,9.5758,10.6358,2.6500,3.9878,3.5014,1.8102,1.9499,8.0000,8.0000,4.0000,4.0000,3.0000,3.0000,3.0000,1.2138,1.0154,0.7255,0.6323,1.4573,1.1558,1.3092,1.0000,1.0000,1.0000,1.0000,1.0000,1.0000,1.0000,1.1970,1.3295,0.6625,0.9970,1.1671,0.6034,0.6500,1.0000,1.0000,1.0000,1.0000,1.0000,1.0000,1.0000,True,1.4060,0.909328,0.084927,179.7098,84.5906
336,left_only,-0.153942,2.903708,1.084560,-0.800474,2.579694,-0.333456,-0.679292,0.000000,-0.200000,0.000000,0.400000,0.000000,0.000000,0.000000,44.2490,38.1310,21.5487,19.5993,11.5173,7.8455,8.2688,30.0000,30.0000,15.0000,15.0000,10.0000,10.0000,10.0000,11.5782,10.8850,3.4380,3.4931,2.3931,2.4784,4.0820,8.0000,8.0000,4.0000,4.0000,3.0000,3.0000,3.0000,1.4750,1.2710,1.4366,1.3066,1.1517,0.7846,0.8269,1.0000,1.0000,1.0000,1.0000,1.0000,1.0000,1.0000,1.4473,1.3606,0.8595,0.8733,0.7977,0.8261,1.3607,1.0000,1.0000,1.0000,1.0000,1.0000,1.0000,1.0000,True,1.4160,0.860791,0.102215,179.9753,86.3047
337,both,-3.090513,1.268279,2.685901,1.291088,-0.415432,-0.173558,-1.082262,-2.082669,-3.058067,-2.291614,-0.274677,-1.010311,-0.452310,1.143366,18.7146,26.4945,20.6929,9.0985,9.8360,13.4478,10.5696,24.6467,19.1331,15.2783,21.3125,5.0848,5.5614,9.1704,5.6827,9.8841,4.7254,3.4487,1.6389,1.5236,3.9762,9.4077,7.8088,5.5902,2.1763,2.5204,2.5540,2.5204,0.6238,0.8831,1.3795,0.6066,0.9836,1.3448,1.0570,0.8216,0.6378,1.0186,1.4208,0.5085,0.5561,0.9170,0.7103,1.2355,1.1813,0.8622,0.5463,0.5079,1.3254,1.1760,0.9761,1.3975,0.5441,0.8401,0.8513,0.8401,True,1.5760,1.119565,0.079318,89.2971,84.9472
338,right_only,0.000000,0.200000,0.000000,0.400000,0.000000,0.000000,0.000000,-0.842999,-0.411619,-1.207605,2.124716,-1.906359,0.056170,-0.317276,30.0000,30.0000,15.0000,15.0000,10.0000,10.0000,10.0000,31.1763,18.2325,21.8019,21.0932,13.2640,13.9278,6.4669,8.0000,8.0000,4.0000,4.0000,3.0000,3.0000,3.0000,8.0298,6.5433,5.5495,2.7578,2.1598,3.5601,1.7667,1.0000,1.0000,1.0000,1.0000,1.0000,1.0000,1.0000,1.0392,0.6077,1.4535,1.4062,1.3264,1.3928,0.6467,1.0000,1.0000,1.0000,1.0000,1.0000,1.0000,1.0000,1.0037,0.8179,1.3874,0.6894,0.7199,1.1867,0.5889,False,,0.094515,0.998567,9.8086,19.4894
339,right_only,0.000000,0.200000,0.000000,0.400000,0.000000,0.000000,0.000000,0.309449,-2.386479,0.737504,2.655646,0.761361,-0.265768,-1.145120,30.0000,30.0000,15.0000,15.0000,10.0000,10.0000,10.0000,16.3384,17.6644,16.1973,12.7233,7.4311,7.1931,14.4858,8.0000,8.0000,4.0000,4.0000,3.0000,3.0000,3.0000,4.9505,6.4385,3.8859,2.0018,4.2629,1.7973,3.5474,1.0000,1.0000,1.0000,1.0000,1.0000,1.0000,1.0000,0.5446,0.5888,1.0798,0.8482,0.7431,0.7193,1.4486,1.0000,1.0000,1.0000,1.0000,1.0000,1.0000,1.0000,0.6188,0.8048,0.9715,0.5004,1.4210,0.5991,1.1825,True,1.3020,0.853331,0.072999,171.4742,88.5506
340,both,-0.178044,2.678262,1.033368,2.227570,-0.583608,-0.010448,0.512222,-0.462710,-1.466384,-1.844484,0.115987,-0.685056,-0.453912,-0.209897,15.0831,31.9505,18.0604,15.9322,11.9352,5.0001,5.5944,37.1403,17.2206,8.4491,12.9168,10.2760,12.6262,8.3471,9.5877,10.4232,4.8708,4.6520,3.6221,3.7188,3.6731,6.2009,10.2516,2.9973,5.2834,2.0314,2.5784,2.7032,0.5028,1.0650,1.2040,1.0621,1.1935,0.5000,0.5594,1.2380,0.5740,0.5633,0.8611,1.0276,1.2626,0.8347,1.1985,1.3029,1.2177,1.1630,1.2074,1.2396,1.2244,0.7751,1.2814,0.7493,1.3208,0.6771,0.8595,0.9011,True,1.5140,0.911348,0.108511,179.4687,85.0238
341,both,-1.729306,-0.367311,-1.324663,0.444509,-1.203521,0.264139,-1.149686,-1.308052,-3.258192,2.266772,2.313565,2.907251,0.379398,-0.467836,35.7475,24.1966,20.8232,13.6613,8.7589,14.1407,13.3674,38.7135,21.6973,17.9478,20.2765,11.0370,8.5416,6.8789,11.7313,4.5319,2.9734,3.2034,2.7731,2.9194,2.3744,5.0748,9.9534,3.8765,2.1853,4.4515,3.5139,4.0325,1.1916,0.8066,1.3882,0.9108,0.8759,1.4141,1.3367,1.2905,0.7232,1.1965,1.3518,1.1037,0.8542,0.6879,1.4664,0.5665,0.7433,0.8009,0.9244,0.9731,0.7915,0.6343,1.2442,0.9691,0.5463,1.4838,1.1713,1.3442,False,,0.214177,0.992065,10.6142,13.2513
342,right_only,0.000000,0.200000,0.000000,0.400000,0.000000,0.000000,0.000000,-1.076131,0.211558,-1.878693,-0.185388,2.378328,0.362338,-0.002491,30.0000,30.0000,15.0000,15.0000,10.0000,10.0000,10.0000,18.7736,24.1565,18.8123,20.1899,8.4765,5.6123,11.6573,8.0000,8.0000,4.0000,4.0000,3.0000,3.0000,3.0000,9.9160,7.3921,4.3324,5.9495,2.2350,3.2189,3.3329,1.0000,1.0000,1.0000,1.0000,1.0000,1.0000,1.0000,0.6258,0.8052,1.2542,1.3460,0.8477,0.5612,1.1657,1.0000,1.0000,1.0000,1.0000,1.0000,1.0000,1.0000,1.2395,0.9240,1.0831,1.4874,0.7450,1.0730,1.1110,False,,0.119005,0.997809,9.7208,13.4329
343,left_only,-0.553705,2.905310,0.770393,1.147586,-2.301433,0.187969,-0.934447,0.000000,-0.200000,0.000000,0.400000,0.000000,0.000000,0.000000,15.7971,29.6559,16.0867,22.4858,12.1233,13.4859,8.4639,30.0000,30.0000,15.0000,15.0000,10.0000,10.0000,10.0000,8.0713,11.7942,3.6696,5.2292,3.0780,2.1719,3.2413,8.0000,8.0000,4.0000,4.0000,3.0000,3.0000,3.0000,0.5266,0.9885,1.0724,1.4991,1.2123,1.3486,0.8464,1.0000,1.0000,1.0000,1.0000,1.0000,1.0000,1.0000,1.0089,1.4743,0.9174,1.3073,1.0260,0.7240,1.0804,1.0000,1.0000,1.0000,1.0000,1.0000,1.0000,1.0000,True,1.3740,0.863677,0.099729,179.7018,83.5706
344,right_only,0.000000,0.200000,0.000000,0.400000,0.000000,0.000000,0.000000,-2.112928,-3.388558,-1.672470,-0.152316,-0.613494,0.359452,-0.284853,30.0000,30.0000,15.0000,15.0000,10.0000,10.0000,10.0000,40.3556,31.6684,7.6142,10.3311,14.3128,11.0417,14.2955,8.0000,8.0000,4.0000,4.0000,3.0000,3.0000,3.0000,6.4810,9.7325,5.0881,5.9028,1.5545,4.3567,2.6748,1.0000,1.0000,1.0000,1.0000,1.0000,1.0000,1.0000,1.3452,1.0556,0.5076,0.6887,1.4313,1.1042,1.4295,1.0000,1.0000,1.0000,1.0000,1.0000,1.0000,1.0000,0.8101,1.2166,1.2720,1.4757,0.5182,1.4522,0.8916,True,1.5100,0.891166,0.112540,179.7496,89.3069
345,both,0.806944,1.679015,0.541563,0.534231,1.762002,-0.218287,-0.019707,-0.501578,-0.593270,-0.335828,1.859568,0.045294,0.147372,0.442324,36.2832,39.6990,15.6108,10.3992,11.7964,5.7712,7.1896,22.3351,36.7776,19.1373,15.9823,7.5505,10.2174,5.1496,10.3373,7.4806,3.9922,5.9496,2.2055,1.5587,1.8341,9.4544,8.9144,2.0872,5.2680,3.7903,2.4247,3.4061,1.2094,1.3233,1.0407,0.6933,1.1796,0.5771,0.7190,0.7445,1.2259,1.2758,1.0655,0.7550,1.0217,0.5150,1.2922,0.9351,0.9980,1.4874,0.7352,0.5196,0.6114,1.1818,1.1143,0.5218,1.3170,1.2634,0.8082,1.1354,True,1.3420,0.835662,0.115223,179.9069,85.0824
346,both,-0.306968,0.161221,-1.564220,1.871641,2.367258,0.070563,0.172245,-0.094129,-1.734614,-2.702844,0.687561,2.435453,0.282076,1.085656,19.5849,30.1787,16.2709,10.6489,7.0097,12.8203,11.7185,43.9701,29.1445,8.7535,7.7676,12.2526,6.7151,6.8781,9.1775,6.1359,4.0271,2.0923,1.8898,3.0548,2.4290,7.3905,6.1125,4.4663,3.9428,1.8344,3.8542,2.7776,0.6528,1.0060,1.0847,0.7099,0.7010,1.2820,1.1719,1.4657,0.9715,0.5836,0.5178,1.2253,0.6715,0.6878,1.1472,0.7670,1.0068,0.5231,0.6299,1.0183,0.8097,0.9238,0.7641,1.1166,0.9857,0.6115,1.2847,0.9259,True,1.4740,0.858549,0.089349,179.8681,88.1077
347,both,-0.262970,-0.365098,0.891688,0.218170,-0.162425,-0.187108,1.260502,-2.052733,0.050609,2.194871,0.788733,-0.998942,-0.110042,1.242921,33.5639,31.3434,8.0388,20.2176,5.8381,5.4697,7.7486,20.2348,26.8817,16.8890,22.0984,11.6181,5.1620,12.0501,7.8063,11.1623,5.1603,2.7905,2.6162,3.8407,3.0813,6.0069,10.8973,3.5356,2.7985,2.9038,2.2656,2.2075,1.1188,1.0448,0.5359,1.3478,0.5838,0.5470,0.7749,0.6745,0.8961,1.1259,1.4732,1.1618,0.5162,1.2050,0.9758,1.3953,1.2901,0.6976,0.8721,1.2802,1.0271,0.7509,1.3622,0.8839,0.6996,0.9679,0.7552,0.7358,True,2.7020,1.082218,0.214846,87.3506,69.2357
348,right_only,0.000000,0.200000,0.000000,0.400000,0.000000,0.000000,0.000000,-0.439937,-0.499431,1.724191,0.692377,-2.365210,-0.014823,-0.168195,30.0000,30.0000,15.0000,15.0000,10.0000,10.0000,10.0000,20.9094,41.8843,22.1122,8.2762,12.9575,11.4572,7.6144,8.0000,8.0000,4.0000,4.0000,3.0000,3.0000,3.0000,9.0812,5.0291,2.2776,5.9740,3.4091,2.2597,2.8501,1.0000,1.0000,1.0000,1.0000,1.0000,1.0000,1.0000,0.6970,1.3961,1.4741,0.5517,1.2957,1.1457,0.7614,1.0000,1.0000,1.0000,1.0000,1.0000,1.0000,1.0000,1.1352,0.6286,0.5694,1.4935,1.1364,0.7532,0.9500,True,2.0820,0.814357,0.097229,175.4391,87.1114
349,right_only,0.000000,0.200000,0.000000,0.400000,0.000000,0.000000,0.000000,1.334915,-1.741619,2.095520,2.638182,-0.767660,0.181308,0.407666,30.0000,30.0000,15.0000,15.0000,10.0000,10.0000,10.0000,38.1364,25.9779,8.2835,10.0656,11.1655,12.7510,12.5605,8.0000,8.0000,4.0000,4.0000,3.0000,3.0000,3.0000,8.6695,4.6781,2.0692,5.1286,3.1481,3.8481,1.9884,1.0000,1.0000,1.0000,1.0000,1.0000,1.0000,1.0000,1.2712,0.8659,0.5522,0.6710,1.1166,1.2751,1.2560,1.0000,1.0000,1.0000,1.0000,1.0000,1.0000,1.0000,1.0837,0.5848,0.5173,1.2821,1.0494,1.2827,0.6628,True,1.2160,0.821425,0.076224,146.5234,89.0737
350,both,-1.221037,3.094460,-1.687039,-0.695894,0.753972,0.087446,1.148157,1.129466,-0.567153,-2.901378,1.033998,2.411547,-0.061373,1.173850,34.5746,18.2837,15.1391,17.9343,5.6537,8.4465,12.1708,29.2031,19.8082,19.0940,11.1471,13.4282,10.8714,8.9409,5.2566,6.7867,4.7596,5.1022,3.0555,4.3706,4.2760,8.4511,8.2625,5.6989,2.8575,4.2845,1.5940,3.8076,1.1525,0.6095,1.0093,1.1956,0.5654,0.8446,1.2171,0.9734,0.6603,1.2729,0.7431,1.3428,1.0871,0.8941,0.6571,0.8483,1.1899,1.2755,1.0185,1.4569,1.4253,1.0564,1.0328,1.4247,0.7144,1.4282,0.5313,1.2692,True,1.4880,1.127873,0.083018,179.7615,89.0732
351,left_only,1.191637,1.109517,-2.245709,2.373277,1.844902,-0.151462,0.047227,0.000000,-0.200000,0.000000,0.400000,0.000000,0.000000,0.000000,39.2841,20.7613,16.9346,13.9595,6.7442,13.3144,8.2468,30.0000,30.0000,15.0000,15.0000,10.0000,10.0000,10.0000,11.4754,8.5515,4.0580,3.6932,2.7020,3.9539,3.5325,8.0000,8.0000,4.0000,4.0000,3.0000,3.0000,3.0000,1.3095,0.6920,1.1290,0.9306,0.6744,1.3314,0.8247,1.0000,1.0000,1.0000,1.0000,1.0000,1.0000,1.0000,1.4344,1.0689,1.0145,0.9233,0.9007,1.3180,1.1775,1.0000,1.0000,1.0000,1.0000,1.0000,1.0000,1.0000,True,1.2820,0.955332,0.079624,179.8737,89.9719
352,left_only,0.504081,1.211698,-1.177651,-0.591247,1.463539,-0.078369,0.023428,0.000000,-0.200000,0.000000,0.400000,0.000000,0.000000,0.000000,29.0803,27.9341,17.7585,16.6310,14.7205,6.3890,10.7352,30.0000,30.0000,15.0000,15.0000,10.0000,10.0000,10.0000,4.5059,10.4633,4.4652,3.7135,3.9067,2.8650,2.1834,8.0000,8.0000,4.0000,4.0000,3.0000,3.0000,3.0000,0.9693,0.9311,1.1839,1.1087,1.4721,0.6389,1.0735,1.0000,1.0000,1.0000,1.0000,1.0000,1.0000,1.0000,0.5632,1.3079,1.1163,0.9284,1.3022,0.9550,0.7278,1.0000,1.0000,1.0000,1.0000,1.0000,1.0000,1.0000,True,2.1320,0.831522,0.090786,179.9589,88.4908
353,left_only,-0.914521,-0.112256,2.430872,2.068858,1.369419,0.346406,0.740594,0.000000,-0.200000,0.000000,0.400000,0.000000,0.000000,0.000000,27.9556,18.5591,13.1005,21.5113,14.4909,12.6787,7.0443,30.0000,30.0000,15.0000,15.0000,10.0000,10.0000,10.0000,5.5556,11.0382,2.5677,4.3365,2.6348,2.4060,3.5321,8.0000,8.0000,4.0000,4.0000,3.0000,3.0000,3.0000,0.9319,0.6186,0.8734,1.4341,1.4491,1.2679,0.7044,1.0000,1.0000,1.0000,1.0000,1.0000,1.0000,1.0000,0.6944,1.3798,0.6419,1.0841,0.8783,0.8020,1.1774,1.0000,1.0000,1.0000,1.0000,1.0000,1.0000,1.0000,False,,0.098614,1.000599,10.5596,16.6579
354,left_only,1.379570,2.559456,0.096542,0.870139,2.218146,0.072249,-0.008537,0.000000,-0.200000,0.000000,0.400000,0.000000,0.000000,0.000000,35.4851,22.1146,8.4560,20.3267,11.0726,6.6488,7.9805,30.0000,30.0000,15.0000,15.0000,10.0000,10.0000,10.0000,11.9195,9.0754,4.5444,2.2887,4.4070,4.1783,3.1433,8.0000,8.0000,4.0000,4.0000,3.0000,3.0000,3.0000,1.1828,0.7372,0.5637,1.3551,1.1073,0.6649,0.7980,1.0000,1.0000,1.0000,1.0000,1.0000,1.0000,1.0000,1.4899,1.1344,1.1361,0.5722,1.4690,1.3928,1.0478,1.0000,1.0000,1.0000,1.0000,1.0000,1.0000,1.0000,True,1.2660,0.861422,0.089741,179.9943,87.9263
355,both,-1.682778,2.258649,2.065233,2.296681,2.617793,0.126591,-0.454087,-0.794761,-0.314321,-1.505507,0.005716,1.425047,-0.051405,0.804089,19.3105,25.0709,11.5215,17.9680,12.5933,9.5600,9.7803,15.9053,20.3947,9.0389,10.4390,12.9560,7.9283,12.5704,5.0563,9.6146,5.9693,5.1117,2.1693,3.3694,2.3849,11.5909,8.5942,3.9416,5.0005,1.7913,2.7846,2.9965,0.6437,0.8357,0.7681,1.1979,1.2593,0.9560,0.9780,0.5302,0.6798,0.6026,0.6959,1.2956,0.7928,1.2570,0.6320,1.2018,1.4923,1.2779,0.7231,1.1231,0.7950,1.4489,1.0743,0.9854,1.2501,0.5971,0.9282,0.9988,True,1.6740,0.883460,0.084675,179.5252,88.6063
356,right_only,0.000000,0.200000,0.000000,0.400000,0.000000,0.000000,0.000000,0.774252,-0.322257,1.799665,1.932215,0.306001,0.303288,0.948137,30.0000,30.0000,15.0000,15.0000,10.0000,10.0000,10.0000,29.4145,44.5699,20.6223,15.1570,5.6929,7.2449,12.7640,8.0000,8.0000,4.0000,4.0000,3.0000,3.0000,3.0000,4.8892,7.7584,4.4194,5.5134,4.0413,3.7928,2.7231,1.0000,1.0000,1.0000,1.0000,1.0000,1.0000,1.0000,0.9805,1.4857,1.3748,1.0105,0.5693,0.7245,1.2764,1.0000,1.0000,1.0000,1.0000,1.0000,1.0000,1.0000,0.6112,0.9698,1.1049,1.3783,1.3471,1.2643,0.9077,True,1.6880,0.825045,0.073081,165.6673,89.8804
357,left_only,-2.470006,2.151274,-1.632094,1.368229,2.638706,0.046537,0.369714,0.000000,-0.200000,0.000000,0.400000,0.000000,0.000000,0.000000,35.3273,39.9116,14.0247,14.9626,6.7597,11.1468,7.9576,30.0000,30.0000,15.0000,15.0000,10.0000,10.0000,10.0000,8.0610,10.1325,2.0703,4.2557,2.0203,2.3382,1.6041,8.0000,8.0000,4.0000,4.0000,3.0000,3.0000,3.0000,1.1776,1.3304,0.9350,0.9975,0.6760,1.1147,0.7958,1.0000,1.0000,1.0000,1.0000,1.0000,1.0000,1.0000,1.0076,1.2666,0.5176,1.0639,0.6734,0.7794,0.5347,1.0000,1.0000,1.0000,1.0000,1.0000,1.0000,1.0000,True,1.4780,0.845462,0.078887,179.9995,89.2482
358,both,-2.341830,3.349459,3.001624,2.022972,0.514295,0.256231,1.007248,-0.694073,-3.266627,1.012274,3.116408,-1.263615,-0.033794,-0.352363,26.7140,36.6420,13.1761,21.6163,12.8966,5.2765,13.1855,22.9561,35.4318,10.1831,17.1716,9.6597,13.3966,9.8500,10.1829,8.1319,3.9873,5.3421,2.7744,1.9784,2.4387,11.4384,11.2038,2.7412,4.7447,2.1439,3.9699,3.4072,0.8905,1.2214,0.8784,1.4411,1.2897,0.5276,1.3185,0.7652,1.1811,0.6789,1.1448,0.9660,1.3397,0.9850,1.2729,1.0165,0.9968,1.3355,0.9248,0.6595,0.8129,1.4298,1.4005,0.6853,1.1862,0.7146,1.3233,1.1357,True,1.3060,0.991139,0.075754,153.3164,89.6772
359,right_only,0.000000,0.200000,0.000000,0.400000,0.000000,0.000000,0.000000,-1.754706,-2.458313,-0.574295,2.356986,1.835891,-0.431627,-0.502190,30.0000,30.0000,15.0000,15.0000,10.0000,10.0000,10.0000,27.6855,32.5675,9.7429,12.5292,13.8560,9.7655,12.4414,8.0000,8.0000,4.0000,4.0000,3.0000,3.0000,3.0000,7.8782,7.7199,4.4877,3.0375,2.2494,4.4681,4.1070,1.0000,1.0000,1.0000,1.0000,1.0000,1.0000,1.0000,0.9229,1.0856,0.6495,0.8353,1.3856,0.9765,1.2441,1.0000,1.0000,1.0000,1.0000,1.0000,1.0000,1.0000,0.9848,0.9650,1.1219,0.7594,0.7498,1.4894,1.3690,True,1.8540,1.225737,0.087344,100.1027,80.2940
360,right_only,0.000000,0.200000,0.000000,0.400000,0.000000,0.000000,0.000000,0.334826,-2.881594,-2.838626,-0.225546,2.651330,0.292568,0.058613,30.0000,30.0000,15.0000,15.0000,10.0000,10.0000,10.0000,44.0634,19.3975,15.8873,10.2483,8.0643,14.4014,13.6828,8.0000,8.0000,4.0000,4.0000,3.0000,3.0000,3.0000,4.8144,5.9964,4.3780,2.2454,3.1503,3.2535,2.3729,1.0000,1.0000,1.0000,1.0000,1.0000,1.0000,1.0000,1.4688,0.6466,1.0592,0.6832,0.8064,1.4401,1.3683,1.0000,1.0000,1.0000,1.0000,1.0000,1.0000,1.0000,0.6018,0.7495,1.0945,0.5614,1.0501,1.0845,0.7910,True,2.0340,0.892091,0.086471,179.9642,89.7895
361,right_only,0.000000,0.200000,0.000000,0.400000,0.000000,0.000000,0.000000,-1.759391,-2.534081,2.295285,0.656038,0.621150,-0.183544,0.514767,30.0000,30.0000,15.0000,15.0000,10.0000,10.0000,10.0000,18.0432,17.1492,18.6643,18.4000,7.6500,8.5505,14.5726,8.0000,8.0000,4.0000,4.0000,3.0000,3.0000,3.0000,4.8346,5.4652,3.7202,3.1284,3.4470,3.5718,3.0792,1.0000,1.0000,1.0000,1.0000,1.0000,1.0000,1.0000,0.6014,0.5716,1.2443,1.2267,0.7650,0.8550,1.4573,1.0000,1.0000,1.0000,1.0000,1.0000,1.0000,1.0000,0.6043,0.6831,0.9300,0.7821,1.1490,1.1906,1.0264,True,1.5620,0.851675,0.075693,179.9141,89.2431
362,left_only,-0.261261,1.258331,1.651396,-0.776133,-1.207746,0.170598,-0.432701,0.000000,-0.200000,0.000000,0.400000,0.000000,0.000000,0.000000,17.3561,25.3504,18.1724,9.3298,12.2463,12.7546,11.3530,30.0000,30.0000,15.0000,15.0000,10.0000,10.0000,10.0000,5.9539,10.4424,2.8578,5.6233,3.6199,1.6642,3.8979,8.0000,8.0000,4.0000,4.0000,3.0000,3.0000,3.0000,0.5785,0.8450,1.2115,0.6220,1.2246,1.2755,1.1353,1.0000,1.0000,1.0000,1.0000,1.0000,1.0000,1.0000,0.7442,1.3053,0.7144,1.4058,1.2066,0.5547,1.2993,1.0000,1.0000,1.0000,1.0000,1.0000,1.0000,1.0000,False,,0.054379,0.994516,13.2631,15.5050
363,right_only,0.000000,0.200000,0.000000,0.400000,0.000000,0.000000,0.000000,-0.754698,-1.688987,-0.625701,1.555382,1.423572,0.366278,-0.576720,30.0000,30.0000,15.0000,15.0000,10.0000,10.0000,10.0000,33.9233,35.5903,17.6220,14.8950,8.9102,12.6238,8.0001,8.0000,8.0000,4.0000,4.0000,3.0000,3.0000,3.0000,5.6644,8.3666,3.0704,2.1329,1.6547,3.5850,4.4194,1.0000,1.0000,1.0000,1.0000,1.0000,1.0000,1.0000,1.1308,1.1863,1.1748,0.9930,0.8910,1.2624,0.8000,1.0000,1.0000,1.0000,1.0000,1.0000,1.0000,1.0000,0.7081,1.0458,0.7676,0.5332,0.5516,1.1950,1.4731,True,3.1560,1.157122,0.077227,94.8913,83.6220
364,left_only,-0.998418,0.175891,1.978532,0.129730,2.724808,0.058519,-0.679113,0.000000,-0.200000,0.000000,0.400000,0.000000,0.000000,0.000000,29.8801,25.0614,19.1921,9.0872,13.5700,12.6734,13.6136,30.0000,30.0000,15.0000,15.0000,10.0000,10.0000,10.0000,11.1600,5.8382,4.0840,5.3997,2.6322,1.6812,2.3749,8.0000,8.0000,4.0000,4.0000,3.0000,3.0000,3.0000,0.9960,0.8354,1.2795,0.6058,1.3570,1.2673,1.3614,1.0000,1.0000,1.0000,1.0000,1.0000,1.0000,1.0000,1.3950,0.7298,1.0210,1.3499,0.8774,0.5604,0.7916,1.0000,1.0000,1.0000,1.0000,1.0000,1.0000,1.0000,False,,0.102962,0.999198,11.0383,15.6843
365,right_only,0.000000,0.200000,0.000000,0.400000,0.000000,0.000000,0.000000,-2.000556,-0.111163,-0.379991,1.873038,2.791806,-0.185751,0.663447,30.0000,30.0000,15.0000,15.0000,10.0000,10.0000,10.0000,15.6829,18.1235,9.9280,12.1863,9.0299,9.7702,7.4533,8.0000,8.0000,4.0000,4.0000,3.0000,3.0000,3.0000,4.5297,9.4202,2.0946,5.2379,4.2875,3.6311,3.2879,1.0000,1.0000,1.0000,1.0000,1.0000,1.0000,1.0000,0.5228,0.6041,0.6619,0.8124,0.9030,0.9770,0.7453,1.0000,1.0000,1.0000,1.0000,1.0000,1.0000,1.0000,0.5662,1.1775,0.5237,1.3095,1.4292,1.2104,1.0960,True,2.7160,1.134287,0.209955,70.6767,69.6388
366,right_only,0.000000,0.200000,0.000000,0.400000,0.000000,0.000000,0.000000,-0.045443,-0.934601,2.272768,3.032583,-0.292141,0.108298,0.769130,30.0000,30.0000,15.0000,15.0000,10.0000,10.0000,10.0000,15.0311,30.8105,17.2931,18.2581,8.6879,7.9564,6.8214,8.0000,8.0000,4.0000,4.0000,3.0000,3.0000,3.0000,8.4625,11.3544,5.5839,3.4399,2.2736,3.8664,3.6749,1.0000,1.0000,1.0000,1.0000,1.0000,1.0000,1.0000,0.5010,1.0270,1.1529,1.2172,0.8688,0.7956,0.6821,1.0000,1.0000,1.0000,1.0000,1.0000,1.0000,1.0000,1.0578,1.4193,1.3960,0.8600,0.7579,1.2888,1.2250,True,1.3940,0.815390,0.100515,179.9985,86.5369
367,right_only,0.000000,0.200000,0.000000,0.400000,0.000000,0.000000,0.000000,-0.759849,-1.929466,-2.308066,2.292622,0.806595,-0.113884,1.063721,30.0000,30.0000,15.0000,15.0000,10.0000,10.0000,10.0000,34.7902,42.8772,14.6162,14.3193,14.3724,14.5979,14.6077,8.0000,8.0000,4.0000,4.0000,3.0000,3.0000,3.0000,10.5512,7.6992,2.8412,3.5338,4.3149,2.5907,3.7702,1.0000,1.0000,1.0000,1.0000,1.0000,1.0000,1.0000,1.1597,1.4292,0.9744,0.9546,1.4372,1.4598,1.4608,1.0000,1.0000,1.0000,1.0000,1.0000,1.0000,1.0000,1.3189,0.9624,0.7103,0.8834,1.4383,0.8636,1.2567,True,2.4440,0.848220,0.109915,179.9819,89.2436
368,both,1.207350,3.288082,2.713312,1.342388,-0.176771,0.451067,-0.715825,-2.256732,0.240829,0.897735,1.264936,-1.989393,0.012247,1.128322,33.0867,27.1389,15.7665,20.7922,14.1285,9.0009,11.0806,19.5308,19.1863,18.1719,10.8246,6.1798,14.9887,7.5992,6.2336,7.6087,2.8795,4.1259,3.2347,2.5135,2.3164,11.1684,8.8735,4.8603,4.2437,2.0424,4.0412,3.9839,1.1029,0.9046,1.0511,1.3861,1.4128,0.9001,1.1081,0.6510,0.6395,1.2115,0.7216,0.6180,1.4989,0.7599,0.7792,0.9511,0.7199,1.0315,1.0782,0.8378,0.7721,1.3960,1.1092,1.2151,1.0609,0.6808,1.3471,1.3280,True,1.3500,0.836527,0.150616,179.9819,80.3731
369,both,-1.492982,2.507356,0.419038,2.804373,1.614268,-0.424579,0.963361,1.421948,-0.594650,-2.330090,2.384463,0.979537,-0.149086,0.975438,31.9670,40.5878,17.5517,11.8277,14.7502,10.7101,10.1676,22.2748,36.4794,7.8063,19.8960,9.9362,14.3674,8.7776,7.2281,5.0908,4.7449,3.7232,4.3038,4.3953,3.8029,6.1054,11.9605,4.1227,5.4527,4.2332,3.0554,2.8671,1.0656,1.3529,1.1701,0.7885,1.4750,1.0710,1.0168,0.7425,1.2160,0.5204,1.3264,0.9936,1.4367,0.8778,0.9035,0.6363,1.1862,0.9308,1.4346,1.4651,1.2676,0.7632,1.4951,1.0307,1.3632,1.4111,1.0185,0.9557,True,1.7020,1.096916,0.090249,179.3557,82.3424
370,left_only,-0.535907,2.824455,2.809623,0.405970,1.244511,-0.198529,0.281821,0.000000,-0.200000,0.000000,0.400000,0.000000,0.000000,0.000000,39.1437,41.5946,14.2307,13.0463,7.5345,6.3342,8.6492,30.0000,30.0000,15.0000,15.0000,10.0000,10.0000,10.0000,10.9758,7.3505,3.2692,4.9565,2.1468,2.2689,4.3077,8.0000,8.0000,4.0000,4.0000,3.0000,3.0000,3.0000,1.3048,1.3865,0.9487,0.8698,0.7535,0.6334,0.8649,1.0000,1.0000,1.0000,1.0000,1.0000,1.0000,1.0000,1.3720,0.9188,0.8173,1.2391,0.7156,0.7563,1.4359,1.0000,1.0000,1.0000,1.0000,1.0000,1.0000,1.0000,True,1.5240,0.929953,0.108349,179.7629,81.0173
371,left_only,-2.755713,1.187306,0.610179,0.000977,-1.391368,-0.257293,-0.393229,0.000000,-0.200000,0.000000,0.400000,0.000000,0.000000,0.000000,41.9552,27.9476,13.7674,13.2987,14.6412,6.1730,13.7188,30.0000,30.0000,15.0000,15.0000,10.0000,10.0000,10.0000,6.6173,11.6521,3.2609,2.3315,3.0601,2.1836,3.7590,8.0000,8.0000,4.0000,4.0000,3.0000,3.0000,3.0000,1.3985,0.9316,0.9178,0.8866,1.4641,0.6173,1.3719,1.0000,1.0000,1.0000,1.0000,1.0000,1.0000,1.0000,0.8272,1.4565,0.8152,0.5829,1.0200,0.7279,1.2530,1.0000,1.0000,1.0000,1.0000,1.0000,1.0000,1.0000,False,,0.068549,0.994998,11.3720,14.6587
372,left_only,-0.044091,2.214854,-1.562915,1.976643,-1.216733,0.461273,0.588690,0.000000,-0.200000,0.000000,0.400000,0.000000,0.000000,0.000000,32.7123,41.0135,16.3397,15.7912,7.3732,11.7811,8.7464,30.0000,30.0000,15.0000,15.0000,10.0000,10.0000,10.0000,4.3447,10.5285,2.2075,4.6892,1.9702,2.7977,4.0773,8.0000,8.0000,4.0000,4.0000,3.0000,3.0000,3.0000,1.0904,1.3671,1.0893,1.0527,0.7373,1.1781,0.8746,1.0000,1.0000,1.0000,1.0000,1.0000,1.0000,1.0000,0.5431,1.3161,0.5519,1.1723,0.6567,0.9326,1.3591,1.0000,1.0000,1.0000,1.0000,1.0000,1.0000,1.0000,True,1.4200,0.880536,0.084799,179.9961,88.4294
373,right_only,0.000000,0.200000,0.000000,0.400000,0.000000,0.000000,0.000000,-2.695284,-0.878170,0.463548,2.632898,-1.755047,0.277303,-0.126692,30.0000,30.0000,15.0000,15.0000,10.0000,10.0000,10.0000,27.8593,25.8535,13.2836,15.2994,6.0680,9.2507,11.5198,8.0000,8.0000,4.0000,4.0000,3.0000,3.0000,3.0000,7.9855,5.3266,3.4522,3.7718,3.5066,4.2023,3.1511,1.0000,1.0000,1.0000,1.0000,1.0000,1.0000,1.0000,0.9286,0.8618,0.8856,1.0200,0.6068,0.9251,1.1520,1.0000,1.0000,1.0000,1.0000,1.0000,1.0000,1.0000,0.9982,0.6658,0.8631,0.9430,1.1689,1.4008,1.0504,True,2.3600,0.830397,0.106126,175.4453,85.7996
374,left_only,0.045694,-0.088223,2.751828,0.351812,-0.969280,-0.256370,-1.054938,0.000000,-0.200000,0.000000,0.400000,0.000000,0.000000,0.000000,38.7014,22.2147,11.7403,10.2269,14.7489,12.8103,14.2990,30.0000,30.0000,15.0000,15.0000,10.0000,10.0000,10.0000,10.8938,11.2504,3.9161,2.6822,2.4806,2.3774,3.6514,8.0000,8.0000,4.0000,4.0000,3.0000,3.0000,3.0000,1.2900,0.7405,0.7827,0.6818,1.4749,1.2810,1.4299,1.0000,1.0000,1.0000,1.0000,1.0000,1.0000,1.0000,1.3617,1.4063,0.9790,0.6705,0.8269,0.7925,1.2171,1.0000,1.0000,1.0000,1.0000,1.0000,1.0000,1.0000,False,,0.069943,0.995261,10.3066,14.1358
375,right_only,0.000000,0.200000,0.000000,0.400000,0.000000,0.000000,0.000000,-3.019082,-2.863081,0.861959,-0.440183,-2.471839,-0.361476,0.484312,30.0000,30.0000,15.0000,15.0000,10.0000,10.0000,10.0000,19.1798,19.3891,10.9545,18.7637,7.0035,5.3538,14.0586,8.0000,8.0000,4.0000,4.0000,3.0000,3.0000,3.0000,11.0105,5.4786,3.0614,2.7542,3.6586,2.2500,4.2943,1.0000,1.0000,1.0000,1.0000,1.0000,1.0000,1.0000,0.6393,0.6463,0.7303,1.2509,0.7004,0.5354,1.4059,1.0000,1.0000,1.0000,1.0000,1.0000,1.0000,1.0000,1.3763,0.6848,0.7653,0.6886,1.2195,0.7500,1.4314,True,1.5160,0.830701,0.129120,179.9983,82.9754
376,left_only,0.758189,1.844156,-2.609320,2.699555,1.181907,0.266314,-1.087564,0.000000,-0.200000,0.000000,0.400000,0.000000,0.000000,0.000000,36.2568,39.1377,21.8495,16.2071,10.0804,9.2540,12.0129,30.0000,30.0000,15.0000,15.0000,10.0000,10.0000,10.0000,11.3666,8.7980,2.9091,2.0703,3.3573,4.0938,1.6979,8.0000,8.0000,4.0000,4.0000,3.0000,3.0000,3.0000,1.2086,1.3046,1.4566,1.0805,1.0080,0.9254,1.2013,1.0000,1.0000,1.0000,1.0000,1.0000,1.0000,1.0000,1.4208,1.0998,0.7273,0.5176,1.1191,1.3646,0.5660,1.0000,1.0000,1.0000,1.0000,1.0000,1.0000,1.0000,True,1.2820,0.885477,0.096474,179.4623,86.2578
377,left_only,-1.267440,3.173378,0.184509,-0.038681,-0.972939,-0.084971,-0.972085,0.000000,-0.200000,0.000000,0.400000,0.000000,0.000000,0.000000,34.8238,32.7649,17.2158,16.6619,5.1667,6.7446,6.6557,30.0000,30.0000,15.0000,15.0000,10.0000,10.0000,10.0000,4.7836,9.8838,2.4805,4.6728,2.0352,1.8549,1.9876,8.0000,8.0000,4.0000,4.0000,3.0000,3.0000,3.0000,1.1608,1.0922,1.1477,1.1108,0.5167,0.6745,0.6656,1.0000,1.0000,1.0000,1.0000,1.0000,1.0000,1.0000,0.5980,1.2355,0.6201,1.1682,0.6784,0.6183,0.6625,1.0000,1.0000,1.0000,1.0000,1.0000,1.0000,1.0000,True,1.4620,0.927285,0.133248,178.6700,87.8031
378,right_only,0.000000,0.200000,0.000000,0.400000,0.000000,0.000000,0.000000,-0.745420,-0.960076,1.593614,-0.419038,0.799236,0.253302,-0.476491,30.0000,30.0000,15.0000,15.0000,10.0000,10.0000,10.0000,17.3915,19.6784,8.8734,20.8082,8.7670,10.2335,12.6869,8.0000,8.0000,4.0000,4.0000,3.0000,3.0000,3.0000,6.9720,9.1928,2.3067,3.9236,1.7896,2.2449,2.3800,1.0000,1.0000,1.0000,1.0000,1.0000,1.0000,1.0000,0.5797,0.6559,0.5916,1.3872,0.8767,1.0233,1.2687,1.0000,1.0000,1.0000,1.0000,1.0000,1.0000,1.0000,0.8715,1.1491,0.5767,0.9809,0.5965,0.7483,0.7933,False,,0.082569,0.999777,9.8980,14.9959
379,left_only,0.239820,2.168114,1.575944,-0.694952,2.714946,-0.412161,0.827399,0.000000,-0.200000,0.000000,0.400000,0.000000,0.000000,0.000000,37.2081,32.7529,14.0829,18.8570,12.3986,6.3718,12.9263,30.0000,30.0000,15.0000,15.0000,10.0000,10.0000,10.0000,4.6285,8.0044,4.5803,5.2868,2.8893,2.2106,2.9720,8.0000,8.0000,4.0000,4.0000,3.0000,3.0000,3.0000,1.2403,1.0918,0.9389,1.2571,1.2399,0.6372,1.2926,1.0000,1.0000,1.0000,1.0000,1.0000,1.0000,1.0000,0.5786,1.0005,1.1451,1.3217,0.9631,0.7369,0.9907,1.0000,1.0000,1.0000,1.0000,1.0000,1.0000,1.0000,True,1.5140,0.861979,0.072831,179.9010,89.0872
380,both,-1.961520,1.618582,-0.037579,2.273484,-1.627081,-0.277514,-0.065569,-2.902125,-2.533092,-1.004493,1.063911,-1.198045,0.056089,0.961173,31.3118,23.6052,8.4297,9.5500,10.6122,11.8371,5.4967,19.0333,18.7975,13.6118,12.0959,5.9173,11.0430,10.0170,5.4844,6.5526,3.2791,5.8336,2.1113,1.6876,2.5590,4.6168,10.9020,3.1389,5.8455,4.2946,2.8023,2.1857,1.0437,0.7868,0.5620,0.6367,1.0612,1.1837,0.5497,0.6344,0.6266,0.9075,0.8064,0.5917,1.1043,1.0017,0.6855,0.8191,0.8198,1.4584,0.7038,0.5625,0.8530,0.5771,1.3627,0.7847,1.4614,1.4315,0.9341,0.7286,True,2.4460,1.306188,0.082953,98.1480,80.7779
381,both,0.792156,0.985660,-1.732668,1.328140,-0.191042,0.323767,0.582375,0.986617,-0.622823,0.631132,1.115732,2.938307,0.424727,0.886087,38.2596,32.3268,11.3963,20.6316,5.1082,7.2744,9.0373,35.7737,22.4318,12.7711,12.5235,10.1183,13.5980,6.4939,8.6893,8.4870,2.7033,2.4192,2.1670,2.5461,1.5422,6.7258,9.5362,2.1769,5.3199,4.3855,3.3229,4.3695,1.2753,1.0776,0.7598,1.3754,0.5108,0.7274,0.9037,1.1925,0.7477,0.8514,0.8349,1.0118,1.3598,0.6494,1.0862,1.0609,0.6758,0.6048,0.7223,0.8487,0.5141,0.8407,1.1920,0.5442,1.3300,1.4618,1.1076,1.4565,True,1.5360,0.927338,0.116104,179.9739,83.6305
382,both,-1.194479,1.188820,-2.057569,-0.803604,-1.601655,-0.020231,0.019513,-2.115220,-1.083595,-1.982563,0.397252,-1.622713,0.181914,0.042094,37.0830,16.7174,13.8804,22.0044,5.5362,9.1838,5.4040,39.7583,28.8081,20.7392,12.0918,11.2753,14.2331,6.7170,5.1732,7.7002,2.6301,4.0750,4.2682,2.1012,1.8216,10.4058,9.0521,5.2518,2.6828,2.8023,1.8865,4.3802,1.2361,0.5572,0.9254,1.4670,0.5536,0.9184,0.5404,1.3253,0.9603,1.3826,0.8061,1.1275,1.4233,0.6717,0.6467,0.9625,0.6575,1.0188,1.4227,0.7004,0.6072,1.3007,1.1315,1.3129,0.6707,0.9341,0.6288,1.4601,True,2.3720,0.833379,0.077845,179.9756,88.8185
383,both,-2.844722,-0.132473,2.432546,0.292148,0.428835,-0.196585,0.377846,-2.233469,-1.665473,0.014901,0.427945,-1.300205,-0.332809,0.523607,20.0485,23.7638,12.5536,14.3155,12.0257,9.2795,13.7109,19.9569,20.1804,16.7150,13.7430,11.7586,8.7243,10.1285,9.4383,10.7079,4.8654,2.5945,4.4338,3.8598,3.2182,5.5037,5.2416,2.3026,5.2786,3.1662,4.3414,3.7485,0.6683,0.7921,0.8369,0.9544,1.2026,0.9279,1.3711,0.6652,0.6727,1.1143,0.9162,1.1759,0.8724,1.0128,1.1798,1.3385,1.2164,0.6486,1.4779,1.2866,1.0727,0.6880,0.6552,0.5756,1.3196,1.0554,1.4471,1.2495,True,1.8080,1.115197,0.124968,63.5607,78.4707
384,right_only,0.000000,0.200000,0.000000,0.400000,0.000000,0.000000,0.000000,0.480875,-1.475759,1.613624,2.940722,1.407224,-0.364830,0.383590,30.0000,30.0000,15.0000,15.0000,10.0000,10.0000,10.0000,18.6130,17.3167,17.8935,20.0218,6.5884,5.7415,13.8652,8.0000,8.0000,4.0000,4.0000,3.0000,3.0000,3.0000,5.0577,4.2807,4.8842,5.3909,3.0434,3.1198,2.5106,1.0000,1.0000,1.0000,1.0000,1.0000,1.0000,1.0000,0.6204,0.5772,1.1929,1.3348,0.6588,0.5741,1.3865,1.0000,1.0000,1.0000,1.0000,1.0000,1.0000,1.0000,0.6322,0.5351,1.2211,1.3477,1.0145,1.0399,0.8369,True,1.4480,0.816100,0.082066,179.9981,88.4791
385,both,-2.016838,2.474777,2.155442,0.376741,-1.432801,-0.214793,-1.141488,-1.816137,-3.303040,1.460271,0.106978,1.225294,0.039949,0.857158,43.8114,26.0187,8.8251,18.7447,5.2130,7.2296,5.5325,37.0304,27.9688,12.8704,19.7383,12.5706,8.9900,8.4137,11.1852,4.0424,3.9710,3.6960,3.4582,2.3692,4.1211,4.3111,4.6537,2.2157,2.0977,1.9586,4.0714,3.8945,1.4604,0.8673,0.5883,1.2496,0.5213,0.7230,0.5533,1.2343,0.9323,0.8580,1.3159,1.2571,0.8990,0.8414,1.3981,0.5053,0.9927,0.9240,1.1527,0.7897,1.3737,0.5389,0.5817,0.5539,0.5244,0.6529,1.3571,1.2982,False,,0.074431,0.985123,14.1118,20.7127
386,left_only,0.842653,1.977965,0.878438,-0.438162,1.016040,-0.203476,0.048903,0.000000,-0.200000,0.000000,0.400000,0.000000,0.000000,0.000000,43.6417,41.1185,10.9979,18.5498,6.0409,5.2674,5.2817,30.0000,30.0000,15.0000,15.0000,10.0000,10.0000,10.0000,5.3620,9.5596,3.4532,2.0638,4.4641,3.1001,2.6816,8.0000,8.0000,4.0000,4.0000,3.0000,3.0000,3.0000,1.4547,1.3706,0.7332,1.2367,0.6041,0.5267,0.5282,1.0000,1.0000,1.0000,1.0000,1.0000,1.0000,1.0000,0.6702,1.1949,0.8633,0.5159,1.4880,1.0334,0.8939,1.0000,1.0000,1.0000,1.0000,1.0000,1.0000,1.0000,True,1.6820,0.828850,0.119386,179.9619,85.5990
387,both,-0.696217,1.585490,0.006241,1.581479,2.091209,-0.183415,-0.033100,-3.122837,-0.149902,-1.275525,0.170456,2.995814,0.078063,-0.957470,22.9657,25.5968,22.2909,13.9593,7.3013,10.6973,9.0476,38.1283,33.0692,16.1651,8.2453,5.5950,12.2729,6.0557,4.4397,10.8874,2.0628,5.5939,3.8756,1.7275,3.6708,5.9348,7.9907,2.6567,5.1594,3.9221,4.0264,1.6487,0.7655,0.8532,1.4861,0.9306,0.7301,1.0697,0.9048,1.2709,1.1023,1.0777,0.5497,0.5595,1.2273,0.6056,0.5550,1.3609,0.5157,1.3985,1.2919,0.5758,1.2236,0.7418,0.9988,0.6642,1.2898,1.3074,1.3421,0.5496,False,,0.032251,0.987171,12.9413,13.8695
388,both,-1.124717,2.821349,-0.600546,1.923738,0.384056,-0.141332,-0.567932,-0.065580,-2.894901,1.866895,1.430712,-2.107740,0.188263,-0.174974,21.1224,43.8321,18.2947,16.3949,13.4887,10.4387,9.4147,39.9756,44.8000,12.3379,21.0293,13.0605,5.6801,8.3416,5.5156,5.2271,3.7279,3.8239,3.6999,2.8263,3.2795,5.7523,9.3151,4.2212,3.9794,3.7907,2.4999,2.6483,0.7041,1.4611,1.2196,1.0930,1.3489,1.0439,0.9415,1.3325,1.4933,0.8225,1.4020,1.3061,0.5680,0.8342,0.6894,0.6534,0.9320,0.9560,1.2333,0.9421,1.0932,0.7190,1.1644,1.0553,0.9949,1.2636,0.8333,0.8828,True,1.2640,0.960669,0.116142,176.0695,88.5365
389,both,0.937136,3.294948,1.741946,-0.053497,-2.361127,-0.268985,-0.196186,-2.025157,0.005936,0.792999,0.771092,-1.172844,-0.110389,-0.060831,36.4147,17.6802,20.2325,9.4134,7.6245,14.9359,6.9021,21.9268,38.3266,20.3626,9.6725,8.3702,6.4657,7.8669,4.8091,9.1072,3.5725,2.3673,1.5112,1.7375,3.0682,5.9136,10.2949,3.3819,3.9823,3.5217,3.9668,2.4036,1.2138,0.5893,1.3488,0.6276,0.7625,1.4936,0.6902,0.7309,1.2776,1.3575,0.6448,0.8370,0.6466,0.7867,0.6011,1.1384,0.8931,0.5918,0.5037,0.5792,1.0227,0.7392,1.2869,0.8455,0.9956,1.1739,1.3223,0.8012,True,1.3840,0.867277,0.132510,179.8318,82.6048
390,both,-2.154571,3.318554,-0.844763,1.821511,0.894364,0.012977,-0.689743,-2.473736,-1.559079,-0.113029,2.244005,1.338641,0.381138,1.195986,36.8355,17.2953,13.5768,16.6320,10.9020,6.8144,10.8294,21.3936,32.9836,12.5194,17.3253,6.4570,14.9412,12.7204,6.7974,6.7114,5.3360,3.6877,3.0822,3.1886,3.1890,7.3380,6.4108,3.5512,4.8848,3.4662,3.6063,4.1670,1.2279,0.5765,0.9051,1.1088,1.0902,0.6814,1.0829,0.7131,1.0995,0.8346,1.1550,0.6457,1.4941,1.2720,0.8497,0.8389,1.3340,0.9219,1.0274,1.0629,1.0630,0.9173,0.8014,0.8878,1.2212,1.1554,1.2021,1.3890,True,1.4540,1.098126,0.079519,179.3856,89.9929
391,left_only,-0.990849,2.150790,-0.156650,1.685345,-0.275016,0.255914,-1.256639,0.000000,-0.200000,0.000000,0.400000,0.000000,0.000000,0.000000,21.4713,23.8931,21.6809,15.1057,8.6435,9.0431,9.5182,30.0000,30.0000,15.0000,15.0000,10.0000,10.0000,10.0000,10.9426,11.6987,5.3767,5.3666,2.0970,2.3060,3.2881,8.0000,8.0000,4.0000,4.0000,3.0000,3.0000,3.0000,0.7157,0.7964,1.4454,1.0070,0.8644,0.9043,0.9518,1.0000,1.0000,1.0000,1.0000,1.0000,1.0000,1.0000,1.3678,1.4623,1.3442,1.3417,0.6990,0.7687,1.0960,1.0000,1.0000,1.0000,1.0000,1.0000,1.0000,1.0000,True,1.3680,0.844867,0.098158,179.8515,86.6446
392,right_only,0.000000,0.200000,0.000000,0.400000,0.000000,0.000000,0.000000,-0.049593,-2.633774,1.221418,-0.124151,-1.235059,-0.178714,0.878818,30.0000,30.0000,15.0000,15.0000,10.0000,10.0000,10.0000,36.9625,30.9206,19.7962,19.6939,8.8983,12.8144,7.0624,8.0000,8.0000,4.0000,4.0000,3.0000,3.0000,3.0000,8.0258,4.9459,3.7072,4.0815,1.7398,2.8878,3.4550,1.0000,1.0000,1.0000,1.0000,1.0000,1.0000,1.0000,1.2321,1.0307,1.3197,1.3129,0.8898,1.2814,0.7062,1.0000,1.0000,1.0000,1.0000,1.0000,1.0000,1.0000,1.0032,0.6182,0.9268,1.0204,0.5799,0.9626,1.1517,True,1.2960,0.848554,0.109531,176.8653,86.0665
393,left_only,-0.247644,-0.174542,-2.119424,0.501101,1.843870,0.342024,-0.483583,0.000000,-0.200000,0.000000,0.400000,0.000000,0.000000,0.000000,36.5668,32.3217,22.2513,8.9197,10.4788,10.9254,8.0767,30.0000,30.0000,15.0000,15.0000,10.0000,10.0000,10.0000,4.3756,4.4168,3.8145,4.7699,3.6005,2.0429,4.0739,8.0000,8.0000,4.0000,4.0000,3.0000,3.0000,3.0000,1.2189,1.0774,1.4834,0.5946,1.0479,1.0925,0.8077,1.0000,1.0000,1.0000,1.0000,1.0000,1.0000,1.0000,0.5470,0.5521,0.9536,1.1925,1.2002,0.6810,1.3580,1.0000,1.0000,1.0000,1.0000,1.0000,1.0000,1.0000,False,,0.102321,0.994790,8.5245,18.8068
394,right_only,0.000000,0.200000,0.000000,0.400000,0.000000,0.000000,0.000000,-1.363565,0.245311,-2.340035,2.504558,2.482028,0.298475,0.784456,30.0000,30.0000,15.0000,15.0000,10.0000,10.0000,10.0000,25.8393,36.4003,16.1902,13.8672,14.9311,7.9045,9.1314,8.0000,8.0000,4.0000,4.0000,3.0000,3.0000,3.0000,11.2229,6.3121,2.6107,3.2400,3.7779,4.0796,1.8433,1.0000,1.0000,1.0000,1.0000,1.0000,1.0000,1.0000,0.8613,1.2133,1.0793,0.9245,1.4931,0.7905,0.9131,1.0000,1.0000,1.0000,1.0000,1.0000,1.0000,1.0000,1.4029,0.7890,0.6527,0.8100,1.2593,1.3599,0.6144,False,,0.067763,0.998361,9.5878,13.8227
395,both,-0.211733,1.764345,1.132083,1.821463,2.516533,-0.141960,-0.508592,-0.402429,-1.776798,-0.323813,-0.663886,-1.896125,0.402722,-1.096540,32.7044,37.6372,7.6780,10.8412,8.7707,10.0682,8.4160,16.3434,30.9020,16.1672,17.9891,11.3873,5.0814,11.3186,9.1920,5.8112,2.1019,2.0063,2.5365,2.5850,4.3458,6.5791,10.1830,2.7535,4.8648,3.3765,3.4569,2.0278,1.0901,1.2546,0.5119,0.7227,0.8771,1.0068,0.8416,0.5448,1.0301,1.0778,1.1993,1.1387,0.5081,1.1319,1.1490,0.7264,0.5255,0.5016,0.8455,0.8617,1.4486,0.8224,1.2729,0.6884,1.2162,1.1255,1.1523,0.6759,True,1.2180,0.853903,0.116472,179.9746,84.5823
396,right_only,0.000000,0.200000,0.000000,0.400000,0.000000,0.000000,0.000000,0.011810,-0.614222,-0.235044,0.455710,-1.790644,-0.194287,0.670124,30.0000,30.0000,15.0000,15.0000,10.0000,10.0000,10.0000,27.2820,36.0814,18.6014,17.6126,11.7354,11.1081,10.1842,8.0000,8.0000,4.0000,4.0000,3.0000,3.0000,3.0000,5.5825,10.7424,5.8571,3.8659,4.2997,4.4940,2.9586,1.0000,1.0000,1.0000,1.0000,1.0000,1.0000,1.0000,0.9094,1.2027,1.2401,1.1742,1.1735,1.1108,1.0184,1.0000,1.0000,1.0000,1.0000,1.0000,1.0000,1.0000,0.6978,1.3428,1.4643,0.9665,1.4332,1.4980,0.9862,False,,0.105226,0.996298,10.1235,21.3441
397,both,0.271714,2.053528,-1.314709,-0.755521,-0.398673,0.265665,-0.444158,0.554706,-0.924850,0.933720,0.230110,-0.042527,-0.294424,-0.643685,17.6955,18.8032,10.6577,16.2035,9.4121,7.6694,13.6111,31.0432,28.5878,14.7326,19.0383,10.1314,6.7602,5.5818,8.2012,11.3849,4.5399,2.0632,4.2404,4.0724,3.4058,5.0095,6.0115,3.4709,5.5697,2.2173,2.4588,2.1690,0.5899,0.6268,0.7105,1.0802,0.9412,0.7669,1.3611,1.0348,0.9529,0.9822,1.2692,1.0131,0.6760,0.5582,1.0251,1.4231,1.1350,0.5158,1.4135,1.3575,1.1353,0.6262,0.7514,0.8677,1.3924,0.7391,0.8196,0.7230,True,1.2660,0.856676,0.111608,176.3197,85.2544
398,both,-0.569556,1.952588,0.357163,2.981168,2.723377,0.312091,0.775452,-1.415892,-1.208418,-1.017151,2.289390,-1.760253,-0.262079,-1.171717,33.2682,35.6562,7.5504,15.1618,8.7687,12.9238,5.3889,26.9376,44.3302,9.1129,19.4386,5.1157,9.8651,6.5340,4.3885,8.9617,4.3666,5.3244,3.2768,4.3481,2.4432,8.7909,10.3854,2.1322,2.6551,2.5278,2.2674,2.6497,1.1089,1.1885,0.5034,1.0108,0.8769,1.2924,0.5389,0.8979,1.4777,0.6075,1.2959,0.5116,0.9865,0.6534,0.5486,1.1202,1.0916,1.3311,1.0923,1.4494,0.8144,1.0989,1.2982,0.5330,0.6638,0.8426,0.7558,0.8832,True,1.3260,0.901990,0.073600,179.9777,89.9942
399,left_only,1.343300,0.002559,-0.259990,0.937787,-1.395230,-0.204881,0.545470,0.000000,-0.200000,0.000000,0.400000,0.000000,0.000000,0.000000,33.5353,39.3850,13.5761,16.6007,13.9359,13.5133,14.2002,30.0000,30.0000,15.0000,15.0000,10.0000,10.0000,10.0000,6.1518,11.8834,5.2656,5.1792,3.5027,4.4498,2.8247,8.0000,8.0000,4.0000,4.0000,3.0000,3.0000,3.0000,1.1178,1.3128,0.9051,1.1067,1.3936,1.3513,1.4200,1.0000,1.0000,1.0000,1.0000,1.0000,1.0000,1.0000,0.7690,1.4854,1.3164,1.2948,1.1676,1.4833,0.9416,1.0000,1.0000,1.0000,1.0000,1.0000,1.0000,1.0000,False,,0.083625,1.002843,9.5176,19.2151
400,left_only,0.352650,2.261507,1.490944,2.153550,-1.911246,-0.139627,-0.273675,0.000000,-0.200000,0.000000,0.400000,0.000000,0.000000,0.000000,37.4400,36.4874,20.0005,19.3278,10.9603,6.3995,11.3546,30.0000,30.0000,15.0000,15.0000,10.0000,10.0000,10.0000,11.0965,9.1454,5.5825,5.9962,2.5776,3.6699,3.1199,8.0000,8.0000,4.0000,4.0000,3.0000,3.0000,3.0000,1.2480,1.2162,1.3334,1.2885,1.0960,0.6399,1.1355,1.0000,1.0000,1.0000,1.0000,1.0000,1.0000,1.0000,1.3871,1.1432,1.3956,1.4991,0.8592,1.2233,1.0400,1.0000,1.0000,1.0000,1.0000,1.0000,1.0000,1.0000,True,1.4180,0.889105,0.094893,179.7655,86.9514
401,right_only,0.000000,0.200000,0.000000,0.400000,0.000000,0.000000,0.000000,-0.997083,-2.493303,-1.615664,-0.186064,0.887345,-0.331101,-0.174278,30.0000,30.0000,15.0000,15.0000,10.0000,10.0000,10.0000,30.7000,28.1470,20.3239,14.1475,5.8283,14.9220,13.4498,8.0000,8.0000,4.0000,4.0000,3.0000,3.0000,3.0000,9.2803,10.0506,2.5128,5.0637,2.1232,2.9669,2.0339,1.0000,1.0000,1.0000,1.0000,1.0000,1.0000,1.0000,1.0233,0.9382,1.3549,0.9432,0.5828,1.4922,1.3450,1.0000,1.0000,1.0000,1.0000,1.0000,1.0000,1.0000,1.1600,1.2563,0.6282,1.2659,0.7077,0.9890,0.6780,True,2.2560,1.198689,0.086161,102.4232,80.0661
402,left_only,0.410327,0.549630,-1.224308,-0.498912,1.140693,-0.188844,0.046431,0.000000,-0.200000,0.000000,0.400000,0.000000,0.000000,0.000000,24.9673,38.2410,10.8973,21.6125,8.2134,6.0385,7.4031,30.0000,30.0000,15.0000,15.0000,10.0000,10.0000,10.0000,4.5915,7.7499,3.0010,5.5442,3.0514,2.2001,2.8538,8.0000,8.0000,4.0000,4.0000,3.0000,3.0000,3.0000,0.8322,1.2747,0.7265,1.4408,0.8213,0.6039,0.7403,1.0000,1.0000,1.0000,1.0000,1.0000,1.0000,1.0000,0.5739,0.9687,0.7503,1.3860,1.0171,0.7334,0.9513,1.0000,1.0000,1.0000,1.0000,1.0000,1.0000,1.0000,False,,0.092897,0.997694,9.0106,16.3891
403,both,-2.216867,0.295597,-0.955278,-0.502715,-1.923390,0.405193,0.423679,1.198394,-2.429119,1.849266,0.546187,-1.919437,0.281854,-1.118489,27.1456,39.5794,16.7578,15.2710,8.5363,5.7506,14.9097,16.5835,41.8101,8.4064,13.3670,5.5400,14.9897,14.1439,5.3982,6.0425,2.9437,5.6318,3.7911,2.8720,4.3663,8.6784,5.7428,3.1071,3.7982,2.4683,1.5639,3.4688,0.9049,1.3193,1.1172,1.0181,0.8536,0.5751,1.4910,0.5528,1.3937,0.5604,0.8911,0.5540,1.4990,1.4144,0.6748,0.7553,0.7359,1.4079,1.2637,0.9573,1.4554,1.0848,0.7178,0.7768,0.9495,0.8228,0.5213,1.1563,True,1.5900,0.840562,0.072735,179.9717,89.7951
404,both,-0.250755,3.038295,0.043762,0.473648,-0.063661,-0.282407,0.318872,0.486855,-2.819915,-1.204767,2.634018,0.161863,0.029449,0.564917,32.3368,17.0874,19.5594,21.3425,5.5328,6.2125,12.0198,28.1658,42.6865,15.8667,12.8733,14.0871,8.8863,10.0915,8.8358,7.0601,4.1570,4.8134,3.0134,1.9206,1.7683,4.9320,9.8992,4.8012,5.1770,2.4756,2.8082,2.0050,1.0779,0.5696,1.3040,1.4228,0.5533,0.6212,1.2020,0.9389,1.4229,1.0578,0.8582,1.4087,0.8886,1.0091,1.1045,0.8825,1.0392,1.2033,1.0045,0.6402,0.5894,0.6165,1.2374,1.2003,1.2942,0.8252,0.9361,0.6683,True,1.2720,0.919357,0.117174,179.9943,84.5125
405,left_only,1.402818,-0.054628,1.019905,1.962713,-2.101438,-0.124576,-1.160458,0.000000,-0.200000,0.000000,0.400000,0.000000,0.000000,0.000000,31.6982,44.8481,13.9483,22.3501,6.2623,8.9245,14.0197,30.0000,30.0000,15.0000,15.0000,10.0000,10.0000,10.0000,11.0136,6.5887,4.7144,5.5446,3.8006,3.3854,1.9577,8.0000,8.0000,4.0000,4.0000,3.0000,3.0000,3.0000,1.0566,1.4949,0.9299,1.4900,0.6262,0.8925,1.4020,1.0000,1.0000,1.0000,1.0000,1.0000,1.0000,1.0000,1.3767,0.8236,1.1786,1.3862,1.2669,1.1285,0.6526,1.0000,1.0000,1.0000,1.0000,1.0000,1.0000,1.0000,False,,0.074703,1.004040,9.0138,17.3035
406,both,-2.796157,1.943272,0.176563,0.033091,-1.323646,-0.099819,-0.011377,-1.301880,-1.936038,-2.353795,2.624888,0.758727,-0.327355,-0.193359,27.5015,33.0186,16.6330,17.1783,11.9790,6.0335,8.0492,26.4575,36.5786,8.5732,12.6417,8.9132,12.1575,6.9922,4.1388,7.6371,3.7177,4.9373,2.0014,3.3945,2.4201,11.5793,11.9821,5.2756,3.1988,3.4916,1.7494,4.1138,0.9167,1.1006,1.1089,1.1452,1.1979,0.6034,0.8049,0.8819,1.2193,0.5715,0.8428,0.8913,1.2157,0.6992,0.5173,0.9546,0.9294,1.2343,0.6671,1.1315,0.8067,1.4474,1.4978,1.3189,0.7997,1.1639,0.5831,1.3713,True,2.3540,1.150039,0.074197,107.1374,89.3683
407,left_only,-0.709674,0.286940,-0.803548,2.357068,2.002506,0.018235,-0.050009,0.000000,-0.200000,0.000000,0.400000,0.000000,0.000000,0.000000,37.5220,39.7857,18.9727,13.2664,11.4193,13.5736,6.5176,30.0000,30.0000,15.0000,15.0000,10.0000,10.0000,10.0000,7.1051,4.4530,3.6355,5.0891,2.0911,3.1257,1.6098,8.0000,8.0000,4.0000,4.0000,3.0000,3.0000,3.0000,1.2507,1.3262,1.2648,0.8844,1.1419,1.3574,0.6518,1.0000,1.0000,1.0000,1.0000,1.0000,1.0000,1.0000,0.8881,0.5566,0.9089,1.2723,0.6970,1.0419,0.5366,1.0000,1.0000,1.0000,1.0000,1.0000,1.0000,1.0000,True,1.9580,0.831848,0.084713,179.9663,88.3491
408,both,1.087932,2.719618,0.313400,1.964900,-2.411443,0.319319,0.546764,-2.574954,0.307005,-2.882252,1.645750,-1.760691,0.202813,-1.091168,17.4330,28.9888,22.4101,11.6477,11.1253,10.1860,13.4212,26.4202,24.1236,19.6430,21.4558,11.3110,11.2363,8.9000,6.3087,8.4396,5.8025,3.3303,2.8182,4.1664,2.4975,4.0999,5.3915,2.5898,2.4635,3.4621,1.9090,1.7569,0.5811,0.9663,1.4940,0.7765,1.1125,1.0186,1.3421,0.8807,0.8041,1.3095,1.4304,1.1311,1.1236,0.8900,0.7886,1.0549,1.4506,0.8326,0.9394,1.3888,0.8325,0.5125,0.6739,0.6474,0.6159,1.1540,0.6363,0.5856,True,1.6280,0.903115,0.189167,146.3774,74.5502
409,both,-1.338041,0.561306,-1.832971,-0.346492,-1.534255,0.034086,0.655563,0.876578,-0.559641,0.551969,2.798490,0.243684,0.123355,-0.224484,24.8215,24.9514,9.7248,19.4490,5.5537,11.7469,13.6446,30.4748,36.2824,18.3386,8.4954,7.2261,5.1297,10.0981,7.9794,4.5616,3.7137,3.3729,4.4566,3.5738,3.6641,11.0064,8.8764,4.0008,5.7039,2.0167,1.7238,4.2519,0.8274,0.8317,0.6483,1.2966,0.5554,1.1747,1.3645,1.0158,1.2094,1.2226,0.5664,0.7226,0.5130,1.0098,0.9974,0.5702,0.9284,0.8432,1.4855,1.1913,1.2214,1.3758,1.1096,1.0002,1.4260,0.6722,0.5746,1.4173,False,,0.176955,0.961549,13.8985,29.3877
410,both,1.112102,2.201636,-1.265298,3.055125,1.398395,0.160852,-0.703805,-0.723350,-0.290662,1.867676,1.368706,0.261293,0.182858,0.071752,27.5304,17.5626,9.3907,18.9041,5.2466,5.5231,14.0464,21.0640,36.6417,9.0451,15.1088,6.6996,5.4653,6.4324,9.6320,4.0337,3.2482,5.0533,2.7528,2.9064,2.8764,10.9547,5.4092,3.1135,2.5524,3.7066,2.8363,4.3309,0.9177,0.5854,0.6260,1.2603,0.5247,0.5523,1.4046,0.7021,1.2214,0.6030,1.0073,0.6700,0.5465,0.6432,1.2040,0.5042,0.8120,1.2633,0.9176,0.9688,0.9588,1.3693,0.6761,0.7784,0.6381,1.2355,0.9454,1.4436,True,1.2300,0.861242,0.083814,179.6897,88.5259
411,both,-0.011031,1.628651,1.063097,-0.783043,2.465803,0.422197,-0.568605,-0.180728,-2.636760,0.094165,2.233360,2.663373,-0.148724,0.491503,36.4928,21.6345,16.9355,17.3313,12.6408,14.9995,5.4023,26.2950,24.5899,20.0135,17.3332,8.5090,14.1416,9.9851,5.6184,5.1606,2.6177,3.8170,4.1356,2.8462,3.5054,5.5062,7.8658,4.6988,3.4685,4.0314,3.0994,2.9033,1.2164,0.7211,1.1290,1.1554,1.2641,1.4999,0.5402,0.8765,0.8197,1.3342,1.1555,0.8509,1.4142,0.9985,0.7023,0.6451,0.6544,0.9542,1.3785,0.9487,1.1685,0.6883,0.9832,1.1747,0.8671,1.3438,1.0331,0.9678,True,1.2880,0.900647,0.074930,179.6967,89.0615
412,both,0.904531,1.369829,-0.310295,-0.521651,-0.922047,-0.095230,-0.811219,-0.371353,-2.856277,-1.741679,1.367310,-1.200655,0.129193,0.483903,24.0387,17.6216,14.8418,8.8935,10.1524,12.2622,11.2033,19.6760,42.6542,11.0056,20.6117,10.0330,9.6173,11.1951,7.5861,11.5669,2.4070,5.5200,3.9004,2.7592,1.9586,5.7203,7.4270,5.7539,2.9530,4.2648,4.4826,1.6557,0.8013,0.5874,0.9895,0.5929,1.0152,1.2262,1.1203,0.6559,1.4218,0.7337,1.3741,1.0033,0.9617,1.1195,0.9483,1.4459,0.6017,1.3800,1.3001,0.9197,0.6529,0.7150,0.9284,1.4385,0.7383,1.4216,1.4942,0.5519,True,1.2920,0.955056,0.072369,179.9976,88.6543
413,right_only,0.000000,0.200000,0.000000,0.400000,0.000000,0.000000,0.000000,-0.637204,-2.750523,0.515120,3.136811,2.416034,0.392985,-0.728091,30.0000,30.0000,15.0000,15.0000,10.0000,10.0000,10.0000,31.2696,22.0449,20.9914,10.3673,6.5396,5.1216,6.8195,8.0000,8.0000,4.0000,4.0000,3.0000,3.0000,3.0000,5.5181,4.6199,5.4710,5.1200,2.2634,3.8498,2.7665,1.0000,1.0000,1.0000,1.0000,1.0000,1.0000,1.0000,1.0423,0.7348,1.3994,0.6912,0.6540,0.5122,0.6819,1.0000,1.0000,1.0000,1.0000,1.0000,1.0000,1.0000,0.6898,0.5775,1.3677,1.2800,0.7545,1.2833,0.9222,True,1.9060,0.929466,0.084582,154.4922,88.0724
414,left_only,0.512701,0.840969,0.541589,0.626052,-1.928987,0.079210,0.637110,0.000000,-0.200000,0.000000,0.400000,0.000000,0.000000,0.000000,37.5932,25.6887,15.2807,18.9567,5.5450,5.7189,8.7622,30.0000,30.0000,15.0000,15.0000,10.0000,10.0000,10.0000,5.7878,6.9972,2.3750,4.3680,3.5152,3.8755,3.4516,8.0000,8.0000,4.0000,4.0000,3.0000,3.0000,3.0000,1.2531,0.8563,1.0187,1.2638,0.5545,0.5719,0.8762,1.0000,1.0000,1.0000,1.0000,1.0000,1.0000,1.0000,0.7235,0.8746,0.5938,1.0920,1.1717,1.2918,1.1505,1.0000,1.0000,1.0000,1.0000,1.0000,1.0000,1.0000,False,,0.055546,1.001712,9.9880,18.4448
415,left_only,-1.273044,3.154029,1.458302,1.229324,-1.818542,0.137802,0.232970,0.000000,-0.200000,0.000000,0.400000,0.000000,0.000000,0.000000,35.4999,38.4337,21.2257,21.7358,11.3019,14.6596,14.1142,30.0000,30.0000,15.0000,15.0000,10.0000,10.0000,10.0000,4.0209,9.1009,2.7139,3.1808,2.3925,2.9494,1.5326,8.0000,8.0000,4.0000,4.0000,3.0000,3.0000,3.0000,1.1833,1.2811,1.4150,1.4491,1.1302,1.4660,1.4114,1.0000,1.0000,1.0000,1.0000,1.0000,1.0000,1.0000,0.5026,1.1376,0.6785,0.7952,0.7975,0.9831,0.5109,1.0000,1.0000,1.0000,1.0000,1.0000,1.0000,1.0000,True,1.5540,0.990668,0.125040,103.6072,87.2876
416,both,-2.029399,-0.269923,1.028667,2.722758,2.737263,-0.047585,-0.609242,0.878118,-2.972261,2.513935,2.002279,0.152664,-0.373098,-1.223782,31.3360,27.4155,20.1400,17.1346,9.3190,7.2601,9.8042,35.7299,36.2013,15.4213,20.6397,7.2778,9.0169,12.9623,5.3040,9.3361,4.4229,5.2403,2.8486,2.3359,4.0092,5.0637,10.4649,3.4104,2.5020,1.7374,4.0291,3.8358,1.0445,0.9139,1.3427,1.1423,0.9319,0.7260,0.9804,1.1910,1.2067,1.0281,1.3760,0.7278,0.9017,1.2962,0.6630,1.1670,1.1057,1.3101,0.9495,0.7786,1.3364,0.6330,1.3081,0.8526,0.6255,0.5791,1.3430,1.2786,True,1.1700,0.949576,0.072593,179.1959,89.9839
417,both,-1.783325,0.059849,-1.258181,-0.070361,1.212401,-0.263104,-0.721110,-2.988017,-1.143870,0.896514,1.748916,0.525131,0.431119,-0.069244,40.8041,34.3803,8.7624,19.6513,10.8439,11.5353,6.8023,34.2987,42.5719,14.3335,13.3622,7.3142,7.1806,12.3611,7.4999,11.0447,2.8617,2.0005,2.2725,2.9626,3.9638,4.6429,5.9417,5.5436,4.3077,1.6398,3.6128,3.0200,1.3601,1.1460,0.5842,1.3101,1.0844,1.1535,0.6802,1.1433,1.4191,0.9556,0.8908,0.7314,0.7181,1.2361,0.9375,1.3806,0.7154,0.5001,0.7575,0.9875,1.3213,0.5804,0.7427,1.3859,1.0769,0.5466,1.2043,1.0067,False,,0.093702,0.998057,8.9439,13.3684
418,right_only,0.000000,0.200000,0.000000,0.400000,0.000000,0.000000,0.000000,0.884797,-0.820400,-2.984788,-0.100298,-1.264129,0.187065,0.023658,30.0000,30.0000,15.0000,15.0000,10.0000,10.0000,10.0000,37.4234,30.3860,12.4108,9.0549,7.0262,9.0078,10.5145,8.0000,8.0000,4.0000,4.0000,3.0000,3.0000,3.0000,11.5091,5.9178,4.6643,2.6102,3.6413,1.5340,3.4678,1.0000,1.0000,1.0000,1.0000,1.0000,1.0000,1.0000,1.2474,1.0129,0.8274,0.6037,0.7026,0.9008,1.0515,1.0000,1.0000,1.0000,1.0000,1.0000,1.0000,1.0000,1.4386,0.7397,1.1661,0.6525,1.2138,0.5113,1.1559,False,,0.108851,0.995016,8.7567,21.3287
419,right_only,0.000000,0.200000,0.000000,0.400000,0.000000,0.000000,0.000000,-2.371245,-2.718374,0.159006,0.600450,-0.035282,-0.176778,1.151806,30.0000,30.0000,15.0000,15.0000,10.0000,10.0000,10.0000,23.7197,31.2614,20.3153,17.4627,8.2278,10.5244,5.8299,8.0000,8.0000,4.0000,4.0000,3.0000,3.0000,3.0000,8.3655,7.4511,5.0317,5.3916,2.0988,1.7446,2.6717,1.0000,1.0000,1.0000,1.0000,1.0000,1.0000,1.0000,0.7907,1.0420,1.3544,1.1642,0.8228,1.0524,0.5830,1.0000,1.0000,1.0000,1.0000,1.0000,1.0000,1.0000,1.0457,0.9314,1.2579,1.3479,0.6996,0.5815,0.8906,True,1.6560,0.866147,0.090816,179.7897,89.4150
420,left_only,-0.624152,1.044311,0.903942,1.138340,2.384966,-0.083813,-1.060465,0.000000,-0.200000,0.000000,0.400000,0.000000,0.000000,0.000000,24.0581,33.1768,11.3404,11.5348,8.3957,12.4614,14.4013,30.0000,30.0000,15.0000,15.0000,10.0000,10.0000,10.0000,6.8030,5.5639,3.6825,3.4074,4.4701,2.8916,3.5379,8.0000,8.0000,4.0000,4.0000,3.0000,3.0000,3.0000,0.8019,1.1059,0.7560,0.7690,0.8396,1.2461,1.4401,1.0000,1.0000,1.0000,1.0000,1.0000,1.0000,1.0000,0.8504,0.6955,0.9206,0.8518,1.4900,0.9639,1.1793,1.0000,1.0000,1.0000,1.0000,1.0000,1.0000,1.0000,True,1.6720,0.846444,0.095392,179.8430,89.3464
421,both,1.163942,1.997853,-1.246024,1.558604,-0.695192,-0.071826,1.217484,-1.827836,-1.627425,-2.103554,-0.212612,0.726070,0.232190,0.346608,24.8785,16.7885,14.5540,15.0640,12.7065,11.4029,13.7126,26.7799,37.1348,21.1799,21.2884,6.5709,7.0410,12.5493,10.2639,6.9270,4.5289,4.9891,4.3706,2.7671,3.4448,9.0481,11.2409,3.2552,5.3921,3.5513,2.0864,1.8795,0.8293,0.5596,0.9703,1.0043,1.2707,1.1403,1.3713,0.8927,1.2378,1.4120,1.4192,0.6571,0.7041,1.2549,1.2830,0.8659,1.1322,1.2473,1.4569,0.9224,1.1483,1.1310,1.4051,0.8138,1.3480,1.1838,0.6955,0.6265,True,1.7280,0.922078,0.113388,179.5858,85.1496
422,right_only,0.000000,0.200000,0.000000,0.400000,0.000000,0.000000,0.000000,0.169828,-2.801016,1.493846,1.350803,-0.003246,-0.207636,1.228968,30.0000,30.0000,15.0000,15.0000,10.0000,10.0000,10.0000,36.6650,38.3419,19.0307,16.2602,14.3970,10.8382,10.2005,8.0000,8.0000,4.0000,4.0000,3.0000,3.0000,3.0000,6.1897,6.2539,4.9475,3.3391,3.6861,4.3581,2.8179,1.0000,1.0000,1.0000,1.0000,1.0000,1.0000,1.0000,1.2222,1.2781,1.2687,1.0840,1.4397,1.0838,1.0200,1.0000,1.0000,1.0000,1.0000,1.0000,1.0000,1.0000,0.7737,0.7817,1.2369,0.8348,1.2287,1.4527,0.9393,True,1.2720,0.859814,0.099614,179.9784,87.8422
423,right_only,0.000000,0.200000,0.000000,0.400000,0.000000,0.000000,0.000000,-2.681596,-0.880454,-2.956004,2.300325,0.277762,-0.009498,0.176383,30.0000,30.0000,15.0000,15.0000,10.0000,10.0000,10.0000,30.4923,24.7133,11.7226,13.7295,13.9491,6.3537,8.2476,8.0000,8.0000,4.0000,4.0000,3.0000,3.0000,3.0000,5.5384,7.4171,2.5340,5.0432,1.8104,3.4958,2.3031,1.0000,1.0000,1.0000,1.0000,1.0000,1.0000,1.0000,1.0164,0.8238,0.7815,0.9153,1.3949,0.6354,0.8248,1.0000,1.0000,1.0000,1.0000,1.0000,1.0000,1.0000,0.6923,0.9271,0.6335,1.2608,0.6035,1.1653,0.7677,False,,0.103173,0.998884,9.1956,14.7100
424,right_only,0.000000,0.200000,0.000000,0.400000,0.000000,0.000000,0.000000,-0.915985,-2.644046,1.130368,2.966380,-1.472747,0.419167,-0.443805,30.0000,30.0000,15.0000,15.0000,10.0000,10.0000,10.0000,31.7354,36.0477,10.4890,14.1715,5.6783,11.9705,9.1662,8.0000,8.0000,4.0000,4.0000,3.0000,3.0000,3.0000,11.1332,6.1919,5.6944,2.5642,3.3209,2.4234,2.0453,1.0000,1.0000,1.0000,1.0000,1.0000,1.0000,1.0000,1.0578,1.2016,0.6993,0.9448,0.5678,1.1971,0.9166,1.0000,1.0000,1.0000,1.0000,1.0000,1.0000,1.0000,1.3916,0.7740,1.4236,0.6410,1.1070,0.8078,0.6818,True,1.2880,0.847003,0.097073,163.2533,85.6949
425,both,-2.697556,2.098329,-1.337938,1.415724,2.631452,-0.170235,-1.181242,-2.467306,-2.948963,-0.383182,2.125407,-1.042480,-0.327595,0.357548,24.0354,32.2551,21.5068,11.8702,10.1249,13.0681,11.9172,26.4640,39.8563,11.0430,9.8360,8.4516,7.5383,11.6318,10.0118,10.1806,4.1597,4.1442,3.6567,3.5929,3.5102,5.8481,9.2519,4.0529,2.6098,2.2752,3.0652,3.6993,0.8012,1.0752,1.4338,0.7913,1.0125,1.3068,1.1917,0.8821,1.3285,0.7362,0.6557,0.8452,0.7538,1.1632,1.2515,1.2726,1.0399,1.0361,1.2189,1.1976,1.1701,0.7310,1.1565,1.0132,0.6525,0.7584,1.0217,1.2331,True,1.3080,0.875633,0.072890,179.9628,88.4675
426,both,-1.264235,0.500107,-0.986907,-0.557166,-2.865139,0.437645,-1.025119,-2.551781,-0.107756,0.752075,0.850980,0.988375,0.402361,-1.017582,22.3113,40.8090,19.2096,22.4139,8.1391,14.4489,8.4369,40.5264,25.2936,13.5934,12.5979,14.1148,6.3079,10.7427,9.7207,11.0619,2.6831,2.8226,3.2429,4.0315,1.7368,5.1849,11.4288,5.1917,2.9353,2.3933,2.6445,2.7163,0.7437,1.3603,1.2806,1.4943,0.8139,1.4449,0.8437,1.3509,0.8431,0.9062,0.8399,1.4115,0.6308,1.0743,1.2151,1.3827,0.6708,0.7056,1.0810,1.3438,0.5789,0.6481,1.4286,1.2979,0.7338,0.7978,0.8815,0.9054,False,,0.481342,0.905679,10.5928,33.6303
427,left_only,0.709685,1.753936,-0.233527,2.021307,-0.372698,-0.343878,-0.996977,0.000000,-0.200000,0.000000,0.400000,0.000000,0.000000,0.000000,24.7787,33.0861,9.5226,15.7520,7.6961,11.9541,5.2826,30.0000,30.0000,15.0000,15.0000,10.0000,10.0000,10.0000,7.7522,4.4181,3.3220,2.0623,2.9073,3.8010,1.8007,8.0000,8.0000,4.0000,4.0000,3.0000,3.0000,3.0000,0.8260,1.1029,0.6348,1.0501,0.7696,1.1954,0.5283,1.0000,1.0000,1.0000,1.0000,1.0000,1.0000,1.0000,0.9690,0.5523,0.8305,0.5156,0.9691,1.2670,0.6002,1.0000,1.0000,1.0000,1.0000,1.0000,1.0000,1.0000,True,1.3960,0.892009,0.099768,179.8042,86.8110
428,left_only,0.322899,1.828258,0.201112,1.525866,-1.075233,0.194564,0.710351,0.000000,-0.200000,0.000000,0.400000,0.000000,0.000000,0.000000,38.3467,23.0838,17.3086,9.7214,9.9542,5.0263,6.9359,30.0000,30.0000,15.0000,15.0000,10.0000,10.0000,10.0000,9.0539,10.9949,2.1961,4.2342,3.4103,4.2972,3.4654,8.0000,8.0000,4.0000,4.0000,3.0000,3.0000,3.0000,1.2782,0.7695,1.1539,0.6481,0.9954,0.5026,0.6936,1.0000,1.0000,1.0000,1.0000,1.0000,1.0000,1.0000,1.1317,1.3744,0.5490,1.0586,1.1368,1.4324,1.1551,1.0000,1.0000,1.0000,1.0000,1.0000,1.0000,1.0000,True,1.4020,0.872771,0.092069,179.5634,87.5086
429,left_only,-2.654716,0.174693,0.944783,-0.059491,2.337039,0.389136,1.139586,0.000000,-0.200000,0.000000,0.400000,0.000000,0.000000,0.000000,23.7886,36.5085,17.4452,8.0341,7.6557,7.0677,8.7081,30.0000,30.0000,15.0000,15.0000,10.0000,10.0000,10.0000,11.6244,10.7648,3.1737,4.1201,2.0768,2.3323,1.6950,8.0000,8.0000,4.0000,4.0000,3.0000,3.0000,3.0000,0.7930,1.2169,1.1630,0.5356,0.7656,0.7068,0.8708,1.0000,1.0000,1.0000,1.0000,1.0000,1.0000,1.0000,1.4531,1.3456,0.7934,1.0300,0.6923,0.7774,0.5650,1.0000,1.0000,1.0000,1.0000,1.0000,1.0000,1.0000,False,,0.132285,0.998347,10.6989,17.0612
430,left_only,-0.113323,2.103161,2.094304,2.649509,-2.088058,0.224813,-0.927843,0.000000,-0.200000,0.000000,0.400000,0.000000,0.000000,0.000000,26.2114,30.4661,8.2420,9.8515,7.7112,6.2754,14.3410,30.0000,30.0000,15.0000,15.0000,10.0000,10.0000,10.0000,6.3066,8.0094,5.9861,4.2666,2.7345,4.2894,2.1675,8.0000,8.0000,4.0000,4.0000,3.0000,3.0000,3.0000,0.8737,1.0155,0.5495,0.6568,0.7711,0.6275,1.4341,1.0000,1.0000,1.0000,1.0000,1.0000,1.0000,1.0000,0.7883,1.0012,1.4965,1.0666,0.9115,1.4298,0.7225,1.0000,1.0000,1.0000,1.0000,1.0000,1.0000,1.0000,True,1.4160,0.890336,0.090164,179.9780,87.8739
431,left_only,-2.294552,1.643677,-0.237199,2.341552,-2.768022,0.108896,0.535125,0.000000,-0.200000,0.000000,0.400000,0.000000,0.000000,0.000000,44.1575,19.3729,11.1936,21.4866,11.3063,5.3805,5.7734,30.0000,30.0000,15.0000,15.0000,10.0000,10.0000,10.0000,10.2835,8.5398,4.2617,5.5195,2.2233,1.9813,3.3414,8.0000,8.0000,4.0000,4.0000,3.0000,3.0000,3.0000,1.4719,0.6458,0.7462,1.4324,1.1306,0.5380,0.5773,1.0000,1.0000,1.0000,1.0000,1.0000,1.0000,1.0000,1.2854,1.0675,1.0654,1.3799,0.7411,0.6604,1.1138,1.0000,1.0000,1.0000,1.0000,1.0000,1.0000,1.0000,True,2.0440,0.868184,0.102080,179.9792,86.2568
432,right_only,0.000000,0.200000,0.000000,0.400000,0.000000,0.000000,0.000000,1.016213,-2.397353,0.852939,-0.320675,-1.759806,0.371397,-0.970369,30.0000,30.0000,15.0000,15.0000,10.0000,10.0000,10.0000,15.7304,38.2482,12.9376,13.4499,12.9986,6.7994,11.5033,8.0000,8.0000,4.0000,4.0000,3.0000,3.0000,3.0000,6.5082,4.8341,4.7500,3.2747,4.0998,4.2571,4.0472,1.0000,1.0000,1.0000,1.0000,1.0000,1.0000,1.0000,0.5243,1.2749,0.8625,0.8967,1.2999,0.6799,1.1503,1.0000,1.0000,1.0000,1.0000,1.0000,1.0000,1.0000,0.8135,0.6043,1.1875,0.8187,1.3666,1.4190,1.3491,True,1.3280,0.819887,0.113066,179.9866,85.0541
433,left_only,-1.621723,0.514282,2.402180,0.920671,1.066581,0.302627,-0.564676,0.000000,-0.200000,0.000000,0.400000,0.000000,0.000000,0.000000,18.5729,33.7448,16.3529,11.5530,10.8471,12.9036,8.5001,30.0000,30.0000,15.0000,15.0000,10.0000,10.0000,10.0000,5.9385,9.8000,5.1435,5.8172,1.9428,4.1678,3.7953,8.0000,8.0000,4.0000,4.0000,3.0000,3.0000,3.0000,0.6191,1.1248,1.0902,0.7702,1.0847,1.2904,0.8500,1.0000,1.0000,1.0000,1.0000,1.0000,1.0000,1.0000,0.7423,1.2250,1.2859,1.4543,0.6476,1.3893,1.2651,1.0000,1.0000,1.0000,1.0000,1.0000,1.0000,1.0000,False,,0.089359,0.997472,12.2014,15.4100
434,left_only,0.165949,0.803343,-2.534166,1.146184,-1.363968,-0.194416,1.084932,0.000000,-0.200000,0.000000,0.400000,0.000000,0.000000,0.000000,19.5891,43.0270,15.0571,20.0742,7.8359,11.3392,10.5659,30.0000,30.0000,15.0000,15.0000,10.0000,10.0000,10.0000,11.3933,5.4344,2.8183,5.7959,1.7939,3.4040,1.6817,8.0000,8.0000,4.0000,4.0000,3.0000,3.0000,3.0000,0.6530,1.4342,1.0038,1.3383,0.7836,1.1339,1.0566,1.0000,1.0000,1.0000,1.0000,1.0000,1.0000,1.0000,1.4242,0.6793,0.7046,1.4490,0.5980,1.1347,0.5606,1.0000,1.0000,1.0000,1.0000,1.0000,1.0000,1.0000,True,2.3400,0.760922,0.127512,179.9469,83.2098
435,both,-2.777373,1.877222,0.466256,1.416598,-0.281764,0.224182,1.250159,-1.841070,-2.177398,-1.178309,2.202301,-0.745431,0.163482,-0.137446,33.2341,39.8705,15.2109,14.6276,7.6697,10.1590,7.6241,22.9316,27.1968,22.0163,20.1783,6.4967,11.1375,12.9186,10.7486,7.1109,2.5164,2.9599,3.1037,4.2489,2.4017,10.1441,7.9108,4.9273,4.3343,2.1043,1.6682,2.6085,1.1078,1.3290,1.0141,0.9752,0.7670,1.0159,0.7624,0.7644,0.9066,1.4678,1.3452,0.6497,1.1138,1.2919,1.3436,0.8889,0.6291,0.7400,1.0346,1.4163,0.8006,1.2680,0.9888,1.2318,1.0836,0.7014,0.5561,0.8695,True,1.7740,0.888617,0.072727,179.9835,89.9976
436,left_only,-2.848267,1.113151,2.039744,2.536935,-2.813734,-0.398180,0.431462,0.000000,-0.200000,0.000000,0.400000,0.000000,0.000000,0.000000,30.0000,19.4808,19.5829,10.7474,5.7815,12.4951,11.0813,30.0000,30.0000,15.0000,15.0000,10.0000,10.0000,10.0000,7.1555,9.5418,5.6455,2.1367,3.3830,2.1545,2.9224,8.0000,8.0000,4.0000,4.0000,3.0000,3.0000,3.0000,1.0000,0.6494,1.3055,0.7165,0.5781,1.2495,1.1081,1.0000,1.0000,1.0000,1.0000,1.0000,1.0000,1.0000,0.8944,1.1927,1.4114,0.5342,1.1277,0.7182,0.9741,1.0000,1.0000,1.0000,1.0000,1.0000,1.0000,1.0000,True,2.6000,1.118154,0.081476,103.7066,85.7748
437,both,-1.143049,1.094123,-1.580681,2.364944,-0.823961,0.358157,-0.369143,0.815050,-1.341917,-0.823505,1.957653,1.781131,-0.016011,-0.189432,32.3226,32.5549,13.8822,18.8649,8.9972,9.5300,11.0532,21.1227,41.7342,14.1476,16.6154,6.1253,6.0797,5.6735,11.8948,6.0855,2.9278,2.7075,3.5683,2.8473,2.6658,6.9388,7.7831,2.9783,3.3987,1.5188,2.5533,1.8575,1.0774,1.0852,0.9255,1.2577,0.8997,0.9530,1.1053,0.7041,1.3911,0.9432,1.1077,0.6125,0.6080,0.5674,1.4868,0.7607,0.7320,0.6769,1.1894,0.9491,0.8886,0.8673,0.9729,0.7446,0.8497,0.5063,0.8511,0.6192,True,1.3880,0.849589,0.077850,174.0338,88.9244
438,both,-2.535309,-0.362967,1.288478,2.896202,0.570102,-0.373513,1.243710,1.455006,-1.630074,-2.398381,2.026653,2.788057,0.257797,0.315475,33.3250,44.3375,8.5968,9.7433,13.3081,6.4511,8.8330,43.2438,32.7404,21.9181,12.7501,5.0229,12.8127,13.2738,6.2520,5.9476,2.1029,4.2650,2.7037,3.1548,2.4135,4.4696,9.0030,4.6441,2.5829,3.1576,2.2296,1.5494,1.1108,1.4779,0.5731,0.6496,1.3308,0.6451,0.8833,1.4415,1.0913,1.4612,0.8500,0.5023,1.2813,1.3274,0.7815,0.7434,0.5257,1.0663,0.9012,1.0516,0.8045,0.5587,1.1254,1.1610,0.6457,1.0525,0.7432,0.5165,True,2.1960,1.144923,0.117277,78.4189,69.8921
439,left_only,0.943151,1.478608,1.772234,2.035548,2.713742,-0.057393,-0.184021,0.000000,-0.200000,0.000000,0.400000,0.000000,0.000000,0.000000,23.4527,33.7544,14.7917,18.4314,8.5651,6.3084,13.6244,30.0000,30.0000,15.0000,15.0000,10.0000,10.0000,10.0000,10.6244,6.8080,4.7614,3.9696,3.7829,2.6704,3.1069,8.0000,8.0000,4.0000,4.0000,3.0000,3.0000,3.0000,0.7818,1.1251,0.9861,1.2288,0.8565,0.6308,1.3624,1.0000,1.0000,1.0000,1.0000,1.0000,1.0000,1.0000,1.3280,0.8510,1.1904,0.9924,1.2610,0.8901,1.0356,1.0000,1.0000,1.0000,1.0000,1.0000,1.0000,1.0000,True,1.3680,0.857506,0.074423,179.8728,89.9821
440,right_only,0.000000,0.200000,0.000000,0.400000,0.000000,0.000000,0.000000,-2.867686,-2.738840,1.422611,0.625865,-2.547793,-0.307436,-0.224541,30.0000,30.0000,15.0000,15.0000,10.0000,10.0000,10.0000,36.5374,25.9046,18.6778,20.3709,8.4114,13.0038,6.2688,8.0000,8.0000,4.0000,4.0000,3.0000,3.0000,3.0000,7.3223,4.7805,2.2101,2.2581,1.8143,4.0072,3.1310,1.0000,1.0000,1.0000,1.0000,1.0000,1.0000,1.0000,1.2179,0.8635,1.2452,1.3581,0.8411,1.3004,0.6269,1.0000,1.0000,1.0000,1.0000,1.0000,1.0000,1.0000,0.9153,0.5976,0.5525,0.5645,0.6048,1.3357,1.0437,True,1.6020,0.822336,0.122811,174.3842,83.8131
441,right_only,0.000000,0.200000,0.000000,0.400000,0.000000,0.000000,0.000000,1.322198,-1.366359,0.554793,-0.188081,0.363747,-0.106095,1.095846,30.0000,30.0000,15.0000,15.0000,10.0000,10.0000,10.0000,43.0176,20.9550,16.8020,17.0726,10.6254,6.2433,11.5402,8.0000,8.0000,4.0000,4.0000,3.0000,3.0000,3.0000,10.3927,6.7618,4.0582,2.4653,4.2921,1.8286,2.1251,1.0000,1.0000,1.0000,1.0000,1.0000,1.0000,1.0000,1.4339,0.6985,1.1201,1.1382,1.0625,0.6243,1.1540,1.0000,1.0000,1.0000,1.0000,1.0000,1.0000,1.0000,1.2991,0.8452,1.0146,0.6163,1.4307,0.6095,0.7084,True,1.7280,0.844881,0.079493,179.7517,89.7606
442,both,-1.734166,2.741487,1.312719,-0.921030,-1.952685,0.231390,-0.244260,-3.016534,0.243606,-2.152509,1.158227,-1.319699,0.219659,0.702884,26.9166,34.7535,21.1361,19.7221,9.1490,9.4148,13.8688,20.5273,24.0935,14.5037,10.9216,14.9241,6.6345,13.4994,4.2750,4.1825,2.8232,5.3105,1.9596,2.3558,3.3872,7.7608,5.0330,2.4739,4.0012,2.5606,2.2038,4.3768,0.8972,1.1584,1.4091,1.3148,0.9149,0.9415,1.3869,0.6842,0.8031,0.9669,0.7281,1.4924,0.6634,1.3499,0.5344,0.5228,0.7058,1.3276,0.6532,0.7853,1.1291,0.9701,0.6291,0.6185,1.0003,0.8535,0.7346,1.4589,False,,0.065888,0.995502,11.2505,20.0913
443,right_only,0.000000,0.200000,0.000000,0.400000,0.000000,0.000000,0.000000,-0.957481,0.110905,-2.080122,-0.192285,0.683119,-0.212865,-0.800258,30.0000,30.0000,15.0000,15.0000,10.0000,10.0000,10.0000,17.8406,17.2881,18.7975,11.7324,14.7842,6.8312,8.5445,8.0000,8.0000,4.0000,4.0000,3.0000,3.0000,3.0000,6.9993,8.0012,5.4825,5.3391,1.5299,2.7278,3.9838,1.0000,1.0000,1.0000,1.0000,1.0000,1.0000,1.0000,0.5947,0.5763,1.2532,0.7822,1.4784,0.6831,0.8544,1.0000,1.0000,1.0000,1.0000,1.0000,1.0000,1.0000,0.8749,1.0002,1.3706,1.3348,0.5100,0.9093,1.3279,True,3.0760,1.207898,0.085326,99.5815,77.4900
444,right_only,0.000000,0.200000,0.000000,0.400000,0.000000,0.000000,0.000000,-3.139068,-1.382842,-1.538773,0.754734,-0.329045,-0.100127,0.995553,30.0000,30.0000,15.0000,15.0000,10.0000,10.0000,10.0000,31.0939,42.1124,18.4011,12.7668,9.9356,8.8986,13.2857,8.0000,8.0000,4.0000,4.0000,3.0000,3.0000,3.0000,5.5008,11.4913,4.3217,4.4470,3.0504,3.1635,3.5030,1.0000,1.0000,1.0000,1.0000,1.0000,1.0000,1.0000,1.0365,1.4037,1.2267,0.8511,0.9936,0.8899,1.3286,1.0000,1.0000,1.0000,1.0000,1.0000,1.0000,1.0000,0.6876,1.4364,1.0804,1.1118,1.0168,1.0545,1.1677,False,,0.094824,0.995441,8.0921,15.8204
445,both,-0.054784,0.429476,0.642436,0.514607,0.659295,0.044247,-0.813613,0.320597,-1.672489,0.116674,1.828015,1.010541,0.230259,-0.744851,18.3117,35.0754,11.0398,9.2191,6.3124,8.1280,14.9179,37.8461,15.3902,13.5993,11.2100,12.0401,5.1606,9.6490,5.2581,6.3883,5.6829,5.8532,2.1865,4.1414,1.9168,9.5738,4.3736,5.5896,3.4448,1.9958,2.1764,2.5167,0.6104,1.1692,0.7360,0.6146,0.6312,0.8128,1.4918,1.2615,0.5130,0.9066,0.7473,1.2040,0.5161,0.9649,0.6573,0.7985,1.4207,1.4633,0.7288,1.3805,0.6389,1.1967,0.5467,1.3974,0.8612,0.6653,0.7255,0.8389,True,1.2520,0.843054,0.091483,179.8947,87.7216
446,left_only,-2.205653,1.549988,0.928723,0.840066,-0.550295,0.260572,-0.505418,0.000000,-0.200000,0.000000,0.400000,0.000000,0.000000,0.000000,33.6831,41.7876,10.8227,16.7985,14.4797,10.2980,14.7690,30.0000,30.0000,15.0000,15.0000,10.0000,10.0000,10.0000,6.4804,8.5144,3.2441,2.0149,4.4919,2.2202,4.4193,8.0000,8.0000,4.0000,4.0000,3.0000,3.0000,3.0000,1.1228,1.3929,0.7215,1.1199,1.4480,1.0298,1.4769,1.0000,1.0000,1.0000,1.0000,1.0000,1.0000,1.0000,0.8100,1.0643,0.8110,0.5037,1.4973,0.7401,1.4731,1.0000,1.0000,1.0000,1.0000,1.0000,1.0000,1.0000,False,,0.047194,0.998211,13.6532,15.8052
447,right_only,0.000000,0.200000,0.000000,0.400000,0.000000,0.000000,0.000000,-0.064215,0.016869,2.474040,1.395135,3.008222,0.247280,0.060489,30.0000,30.0000,15.0000,15.0000,10.0000,10.0000,10.0000,34.6483,20.8281,7.6655,11.3518,9.3497,7.2805,10.1404,8.0000,8.0000,4.0000,4.0000,3.0000,3.0000,3.0000,9.2636,9.2464,5.5751,5.8653,4.1721,3.3605,2.1173,1.0000,1.0000,1.0000,1.0000,1.0000,1.0000,1.0000,1.1549,0.6943,0.5110,0.7568,0.9350,0.7281,1.0140,1.0000,1.0000,1.0000,1.0000,1.0000,1.0000,1.0000,1.1579,1.1558,1.3938,1.4663,1.3907,1.1202,0.7058,False,,0.061816,0.991064,14.2261,14.6711
448,right_only,0.000000,0.200000,0.000000,0.400000,0.000000,0.000000,0.000000,1.303655,-2.739028,-2.151407,0.361561,0.553968,0.167862,-1.236237,30.0000,30.0000,15.0000,15.0000,10.0000,10.0000,10.0000,38.3407,20.2506,11.9473,12.3313,8.3245,12.6037,5.4094,8.0000,8.0000,4.0000,4.0000,3.0000,3.0000,3.0000,5.5721,4.1786,5.1132,5.9349,3.4786,3.2704,4.2242,1.0000,1.0000,1.0000,1.0000,1.0000,1.0000,1.0000,1.2780,0.6750,0.7965,0.8221,0.8324,1.2604,0.5409,1.0000,1.0000,1.0000,1.0000,1.0000,1.0000,1.0000,0.6965,0.5223,1.2783,1.4837,1.1595,1.0901,1.4081,True,1.3000,0.879984,0.072693,179.7226,89.2608
449,right_only,0.000000,0.200000,0.000000,0.400000,0.000000,0.000000,0.000000,-1.939167,-3.148772,-0.118471,0.125240,-0.151770,-0.040423,-0.460167,30.0000,30.0000,15.0000,15.0000,10.0000,10.0000,10.0000,29.5897,26.4046,9.1959,20.5009,12.0127,5.4131,6.1579,8.0000,8.0000,4.0000,4.0000,3.0000,3.0000,3.0000,4.7721,4.4939,2.2362,2.6284,4.0436,3.9847,3.8494,1.0000,1.0000,1.0000,1.0000,1.0000,1.0000,1.0000,0.9863,0.8802,0.6131,1.3667,1.2013,0.5413,0.6158,1.0000,1.0000,1.0000,1.0000,1.0000,1.0000,1.0000,0.5965,0.5617,0.5591,0.6571,1.3479,1.3282,1.2831,True,1.6520,0.867145,0.101186,179.8308,88.5174
450,left_only,-0.244732,2.354806,1.527188,2.722862,1.208296,0.218725,0.772366,0.000000,-0.200000,0.000000,0.400000,0.000000,0.000000,0.000000,31.6906,21.3909,8.7681,13.7857,5.9169,6.6930,5.2384,30.0000,30.0000,15.0000,15.0000,10.0000,10.0000,10.0000,6.4017,11.7600,3.5157,2.9636,2.7103,2.4040,3.5216,8.0000,8.0000,4.0000,4.0000,3.0000,3.0000,3.0000,1.0564,0.7130,0.5845,0.9190,0.5917,0.6693,0.5238,1.0000,1.0000,1.0000,1.0000,1.0000,1.0000,1.0000,0.8002,1.4700,0.8789,0.7409,0.9034,0.8013,1.1739,1.0000,1.0000,1.0000,1.0000,1.0000,1.0000,1.0000,True,1.3140,0.882942,0.093300,179.6421,87.4927
451,left_only,-0.151662,-0.276644,0.239202,-0.800495,0.891612,0.403123,1.035019,0.000000,-0.200000,0.000000,0.400000,0.000000,0.000000,0.000000,21.1714,37.2794,19.3960,20.4655,7.5960,9.5083,7.2150,30.0000,30.0000,15.0000,15.0000,10.0000,10.0000,10.0000,4.1945,9.2721,3.7259,2.9925,4.0413,2.9870,4.4840,8.0000,8.0000,4.0000,4.0000,3.0000,3.0000,3.0000,0.7057,1.2426,1.2931,1.3644,0.7596,0.9508,0.7215,1.0000,1.0000,1.0000,1.0000,1.0000,1.0000,1.0000,0.5243,1.1590,0.9315,0.7481,1.3471,0.9957,1.4947,1.0000,1.0000,1.0000,1.0000,1.0000,1.0000,1.0000,False,,0.120526,0.998410,8.2406,16.6415
452,right_only,0.000000,0.200000,0.000000,0.400000,0.000000,0.000000,0.000000,0.596715,-0.114382,1.374794,-0.512530,-2.375433,0.383948,-0.918979,30.0000,30.0000,15.0000,15.0000,10.0000,10.0000,10.0000,26.7368,33.2973,10.6785,10.8793,9.6624,8.6090,11.7658,8.0000,8.0000,4.0000,4.0000,3.0000,3.0000,3.0000,4.6006,7.9101,2.6970,4.4269,1.8486,2.0929,3.9117,1.0000,1.0000,1.0000,1.0000,1.0000,1.0000,1.0000,0.8912,1.1099,0.7119,0.7253,0.9662,0.8609,1.1766,1.0000,1.0000,1.0000,1.0000,1.0000,1.0000,1.0000,0.5751,0.9888,0.6743,1.1067,0.6162,0.6976,1.3039,False,,0.086385,0.943026,10.3306,22.0646
453,left_only,-2.032364,2.406107,-1.111735,0.020664,-1.286868,0.352362,-0.261199,0.000000,-0.200000,0.000000,0.400000,0.000000,0.000000,0.000000,22.3128,31.0992,13.2846,19.3530,14.9045,10.2657,9.5175,30.0000,30.0000,15.0000,15.0000,10.0000,10.0000,10.0000,6.7443,11.7867,3.9331,2.7120,4.4076,4.3826,2.8072,8.0000,8.0000,4.0000,4.0000,3.0000,3.0000,3.0000,0.7438,1.0366,0.8856,1.2902,1.4904,1.0266,0.9517,1.0000,1.0000,1.0000,1.0000,1.0000,1.0000,1.0000,0.8430,1.4733,0.9833,0.6780,1.4692,1.4609,0.9357,1.0000,1.0000,1.0000,1.0000,1.0000,1.0000,1.0000,True,1.6020,0.906634,0.082034,179.4127,86.3868
454,both,-1.500044,2.192054,2.040000,1.108938,-1.104517,-0.183711,-0.440439,-2.584065,-0.456815,-2.414878,0.695039,2.059274,-0.088702,-0.521305,43.4476,18.7963,20.7728,8.4312,9.1353,11.3172,8.7004,16.6400,29.9932,15.9535,11.4850,11.7759,5.7677,7.0869,8.2769,5.6320,4.2761,2.5382,3.8883,3.2514,2.9458,9.9004,5.1778,2.9822,4.6034,3.6865,1.6545,1.8798,1.4483,0.6265,1.3849,0.5621,0.9135,1.1317,0.8700,0.5547,0.9998,1.0636,0.7657,1.1776,0.5768,0.7087,1.0346,0.7040,1.0690,0.6346,1.2961,1.0838,0.9819,1.2375,0.6472,0.7455,1.1509,1.2288,0.5515,0.6266,True,1.4800,1.148709,0.110236,86.2442,81.1828
455,both,-1.038784,1.860765,-0.087060,1.722399,1.344519,0.415828,-0.381303,-2.371777,-2.401762,-2.169908,0.678235,2.275987,-0.141470,-0.891990,30.6790,44.7583,10.3227,19.1681,13.2336,9.0134,11.1955,31.9943,21.9645,9.4119,17.4543,6.3411,12.8198,7.7175,7.4590,6.0986,3.7045,2.3812,3.6209,3.9876,2.4222,10.5481,6.9480,3.4754,5.0023,3.0308,2.1029,4.0512,1.0226,1.4919,0.6882,1.2779,1.3234,0.9013,1.1196,1.0665,0.7321,0.6275,1.1636,0.6341,1.2820,0.7718,0.9324,0.7623,0.9261,0.5953,1.2070,1.3292,0.8074,1.3185,0.8685,0.8688,1.2506,1.0103,0.7010,1.3504,True,2.8380,1.046704,0.082012,109.5976,81.8521
456,both,-1.537878,0.008496,-0.301274,1.420462,0.502940,0.310437,0.105173,-2.086324,-2.410901,-2.438234,2.089367,-2.139777,0.097877,0.246246,38.5651,17.2389,10.5437,21.1434,10.7224,9.5769,12.4768,17.8978,39.1103,22.2635,11.9546,8.2561,7.7898,6.5483,11.2202,6.1041,5.6059,2.4348,4.4330,1.9946,2.2987,10.2996,4.4858,5.8711,5.7093,1.8553,3.0886,4.4786,1.2855,0.5746,0.7029,1.4096,1.0722,0.9577,1.2477,0.5966,1.3037,1.4842,0.7970,0.8256,0.7790,0.6548,1.4025,0.7630,1.4015,0.6087,1.4777,0.6649,0.7662,1.2874,0.5607,1.4678,1.4273,0.6184,1.0295,1.4929,True,1.5720,0.847296,0.079518,179.3533,86.8011
457,left_only,0.875837,2.323205,-2.532646,-0.667601,1.563538,-0.114289,0.427817,0.000000,-0.200000,0.000000,0.400000,0.000000,0.000000,0.000000,37.1754,27.6655,9.6507,13.3004,13.7105,8.3109,5.6265,30.0000,30.0000,15.0000,15.0000,10.0000,10.0000,10.0000,11.6731,9.4454,4.1634,5.3164,2.7335,4.4553,4.0727,8.0000,8.0000,4.0000,4.0000,3.0000,3.0000,3.0000,1.2392,0.9222,0.6434,0.8867,1.3710,0.8311,0.5626,1.0000,1.0000,1.0000,1.0000,1.0000,1.0000,1.0000,1.4591,1.1807,1.0409,1.3291,0.9112,1.4851,1.3576,1.0000,1.0000,1.0000,1.0000,1.0000,1.0000,1.0000,True,1.3700,0.854843,0.084067,179.8805,88.2717
458,right_only,0.000000,0.200000,0.000000,0.400000,0.000000,0.000000,0.000000,-1.818634,-1.997439,-1.446537,1.773078,0.932552,0.020818,1.183235,30.0000,30.0000,15.0000,15.0000,10.0000,10.0000,10.0000,29.1683,38.5117,17.3714,15.2728,5.4210,11.5750,11.4260,8.0000,8.0000,4.0000,4.0000,3.0000,3.0000,3.0000,4.9990,10.3673,3.8680,3.2966,3.9719,2.5301,3.3656,1.0000,1.0000,1.0000,1.0000,1.0000,1.0000,1.0000,0.9723,1.2837,1.1581,1.0182,0.5421,1.1575,1.1426,1.0000,1.0000,1.0000,1.0000,1.0000,1.0000,1.0000,0.6249,1.2959,0.9670,0.8241,1.3240,0.8434,1.1219,False,,0.085052,1.001592,9.3142,17.4419
459,left_only,-0.229621,-0.180393,-0.262533,-0.029924,-1.860473,0.143340,-1.241019,0.000000,-0.200000,0.000000,0.400000,0.000000,0.000000,0.000000,44.0724,26.8617,11.9821,21.2996,9.8667,11.1433,11.9585,30.0000,30.0000,15.0000,15.0000,10.0000,10.0000,10.0000,10.9713,5.0379,2.3266,5.9748,1.5267,3.6246,3.3332,8.0000,8.0000,4.0000,4.0000,3.0000,3.0000,3.0000,1.4691,0.8954,0.7988,1.4200,0.9867,1.1143,1.1959,1.0000,1.0000,1.0000,1.0000,1.0000,1.0000,1.0000,1.3714,0.6297,0.5817,1.4937,0.5089,1.2082,1.1111,1.0000,1.0000,1.0000,1.0000,1.0000,1.0000,1.0000,False,,0.070286,1.000451,8.9383,13.5545
460,both,-0.537485,2.590430,2.967322,-0.756362,0.529696,0.200519,-0.492914,1.065377,-1.672567,-2.077407,2.578704,2.681252,-0.370449,0.639269,21.4504,15.2017,11.4092,20.3236,6.4118,6.3067,12.3905,28.7431,38.9132,11.4869,10.0378,8.8178,8.3338,6.8547,7.2509,5.1879,2.9200,5.1784,3.3698,3.7828,1.7933,11.6316,7.8648,4.4323,2.4844,3.3301,3.1660,4.2958,0.7150,0.5067,0.7606,1.3549,0.6412,0.6307,1.2390,0.9581,1.2971,0.7658,0.6692,0.8818,0.8334,0.6855,0.9064,0.6485,0.7300,1.2946,1.1233,1.2609,0.5978,1.4539,0.9831,1.1081,0.6211,1.1100,1.0553,1.4319,True,1.7340,1.041036,0.073408,179.9604,89.1184
461,left_only,-1.197988,2.576195,-0.935294,1.441024,2.329350,0.115691,0.536343,0.000000,-0.200000,0.000000,0.400000,0.000000,0.000000,0.000000,41.2795,42.7627,10.6241,10.4376,10.5048,14.9552,9.9015,30.0000,30.0000,15.0000,15.0000,10.0000,10.0000,10.0000,6.6472,8.2981,2.2576,2.7088,1.9468,1.5837,3.6666,8.0000,8.0000,4.0000,4.0000,3.0000,3.0000,3.0000,1.3760,1.4254,0.7083,0.6958,1.0505,1.4955,0.9902,1.0000,1.0000,1.0000,1.0000,1.0000,1.0000,1.0000,0.8309,1.0373,0.5644,0.6772,0.6489,0.5279,1.2222,1.0000,1.0000,1.0000,1.0000,1.0000,1.0000,1.0000,True,1.4200,0.914297,0.097312,179.9801,85.9745
462,both,-1.607015,0.257067,0.244422,0.385825,-0.746218,-0.170633,-1.259882,0.102029,-2.981590,-1.767463,-0.163991,-0.841324,-0.314317,-0.388742,22.2979,16.8365,20.5584,12.0837,5.9528,10.2153,6.2328,44.3956,26.5751,17.2297,9.7848,11.4140,7.5266,11.1329,10.1847,4.4926,3.8585,5.7753,1.9769,2.1041,3.3014,4.7093,8.1998,2.9496,4.7268,3.7430,4.0444,4.4772,0.7433,0.5612,1.3706,0.8056,0.5953,1.0215,0.6233,1.4799,0.8858,1.1486,0.6523,1.1414,0.7527,1.1133,1.2731,0.5616,0.9646,1.4438,0.6590,0.7014,1.1005,0.5887,1.0250,0.7374,1.1817,1.2477,1.3481,1.4924,True,1.5980,0.871554,0.127879,179.8115,83.5774
463,both,-0.976439,2.154847,-2.555538,2.788009,0.536681,-0.072756,-0.166846,0.430160,-0.249483,1.570814,1.158715,-0.612195,0.412124,0.340867,31.3096,32.9496,16.9480,18.1961,10.5318,13.7536,13.5971,23.6226,40.9737,21.5912,13.8889,6.9264,9.2033,9.5617,7.5381,5.3483,4.3066,4.4830,3.0701,4.1717,1.7791,8.1566,6.1948,3.2505,4.6224,3.3654,3.4863,2.6319,1.0437,1.0983,1.1299,1.2131,1.0532,1.3754,1.3597,0.7874,1.3658,1.4394,0.9259,0.6926,0.9203,0.9562,0.9423,0.6685,1.0767,1.1207,1.0234,1.3906,0.5930,1.0196,0.7744,0.8126,1.1556,1.1218,1.1621,0.8773,True,1.3460,0.860350,0.114449,179.9925,84.8798
464,right_only,0.000000,0.200000,0.000000,0.400000,0.000000,0.000000,0.000000,-1.555288,-2.071184,2.383171,0.682362,0.741323,0.021130,0.955603,30.0000,30.0000,15.0000,15.0000,10.0000,10.0000,10.0000,26.0735,28.0243,20.1419,9.9144,10.9429,8.9991,14.8579,8.0000,8.0000,4.0000,4.0000,3.0000,3.0000,3.0000,9.7711,4.0845,5.3579,4.8127,3.1829,2.2084,1.9480,1.0000,1.0000,1.0000,1.0000,1.0000,1.0000,1.0000,0.8691,0.9341,1.3428,0.6610,1.0943,0.8999,1.4858,1.0000,1.0000,1.0000,1.0000,1.0000,1.0000,1.0000,1.2214,0.5106,1.3395,1.2032,1.0610,0.7361,0.6493,False,,0.081061,0.999031,10.2355,18.0074
465,both,-0.180238,1.282974,2.225387,0.133603,0.662115,-0.232320,0.346245,-2.912297,-1.919346,-2.030873,1.552507,-0.925646,0.251168,-0.978930,31.6864,32.8103,7.8316,8.0398,8.0824,11.0908,14.6263,40.1489,22.8756,19.5946,22.4482,14.1009,8.0407,13.4616,4.7263,9.6253,4.7709,4.6779,3.0484,4.4005,3.0053,4.7621,9.4217,3.3686,4.6347,2.7367,1.5271,2.1938,1.0562,1.0937,0.5221,0.5360,0.8082,1.1091,1.4626,1.3383,0.7625,1.3063,1.4965,1.4101,0.8041,1.3462,0.5908,1.2032,1.1927,1.1695,1.0161,1.4668,1.0018,0.5953,1.1777,0.8421,1.1587,0.9122,0.5090,0.7313,False,,0.073522,0.995041,11.4456,15.6198
466,both,-2.940361,1.235080,2.103204,2.097927,1.534134,0.284160,-0.325273,-0.756619,-1.478055,-2.368108,1.520327,1.398236,0.102645,0.624753,18.5667,37.8423,10.6221,20.6524,7.4493,9.9199,9.8727,40.8564,28.5750,19.9689,14.1959,9.4024,6.5724,6.2498,6.1508,6.8937,2.7424,4.2804,4.2391,2.4498,3.0242,8.8920,10.6187,2.5416,5.6404,2.5766,2.7758,4.1834,0.6189,1.2614,0.7081,1.3768,0.7449,0.9920,0.9873,1.3619,0.9525,1.3313,0.9464,0.9402,0.6572,0.6250,0.7689,0.8617,0.6856,1.0701,1.4130,0.8166,1.0081,1.1115,1.3273,0.6354,1.4101,0.8589,0.9253,1.3945,True,2.3620,0.873128,0.096170,179.8309,88.5257
467,left_only,1.081556,1.603967,-1.090743,-0.239890,-1.445699,0.259580,-0.445539,0.000000,-0.200000,0.000000,0.400000,0.000000,0.000000,0.000000,35.8368,20.8560,14.6776,12.7816,10.0361,10.6995,14.9093,30.0000,30.0000,15.0000,15.0000,10.0000,10.0000,10.0000,11.1992,9.5669,2.6150,5.6761,4.1778,4.1601,2.9371,8.0000,8.0000,4.0000,4.0000,3.0000,3.0000,3.0000,1.1946,0.6952,0.9785,0.8521,1.0036,1.0699,1.4909,1.0000,1.0000,1.0000,1.0000,1.0000,1.0000,1.0000,1.3999,1.1959,0.6537,1.4190,1.3926,1.3867,0.9790,1.0000,1.0000,1.0000,1.0000,1.0000,1.0000,1.0000,True,1.5620,0.900821,0.104773,179.5664,82.4248
468,left_only,-2.335971,2.471644,-0.457120,0.473067,-0.759096,0.054640,-0.422862,0.000000,-0.200000,0.000000,0.400000,0.000000,0.000000,0.000000,35.6976,34.4317,15.1329,8.3096,14.3654,9.1170,9.4945,30.0000,30.0000,15.0000,15.0000,10.0000,10.0000,10.0000,7.6483,6.9202,4.6984,2.0557,4.1205,1.8073,4.4991,8.0000,8.0000,4.0000,4.0000,3.0000,3.0000,3.0000,1.1899,1.1477,1.0089,0.5540,1.4365,0.9117,0.9495,1.0000,1.0000,1.0000,1.0000,1.0000,1.0000,1.0000,0.9560,0.8650,1.1746,0.5139,1.3735,0.6024,1.4997,1.0000,1.0000,1.0000,1.0000,1.0000,1.0000,1.0000,True,1.7860,0.902954,0.088692,179.6476,82.4798
469,both,-0.181731,-0.129588,0.529018,0.418301,2.479529,0.236311,0.017817,-1.115749,0.364384,0.774068,1.172530,-0.457842,-0.162261,0.521765,32.6366,40.4455,15.8034,16.2350,9.7736,12.6262,9.1499,21.2095,16.7450,19.3707,19.6201,5.2293,14.4780,9.4590,10.8155,6.6164,4.7705,5.5719,3.8072,2.5278,3.6190,11.2422,10.3054,5.6026,5.3335,4.4220,3.3873,2.1818,1.0879,1.3482,1.0536,1.0823,0.9774,1.2626,0.9150,0.7070,0.5582,1.2914,1.3080,0.5229,1.4478,0.9459,1.3519,0.8270,1.1926,1.3930,1.2691,0.8426,1.2063,1.4053,1.2882,1.4007,1.3334,1.4740,1.1291,0.7273,False,,0.086137,0.999585,10.9927,16.2061
470,both,-1.305158,2.462104,-1.769984,2.890249,-1.827593,0.347777,-0.041341,0.819321,0.222358,-0.616424,1.926977,-1.444107,0.278227,0.812611,23.8574,15.7242,13.9681,10.0500,13.1855,7.6110,14.4369,26.3176,16.7630,22.4758,20.0740,7.2149,12.2563,5.0069,11.7745,11.2707,4.3985,3.0697,3.9218,3.6048,4.4315,8.4625,6.9027,3.5253,2.9781,2.3245,2.8640,2.2444,0.7952,0.5241,0.9312,0.6700,1.3186,0.7611,1.4437,0.8773,0.5588,1.4984,1.3383,0.7215,1.2256,0.5007,1.4718,1.4088,1.0996,0.7674,1.3073,1.2016,1.4772,1.0578,0.8628,0.8813,0.7445,0.7748,0.9547,0.7481,True,1.3300,0.857328,0.135090,178.0158,82.2966
471,right_only,0.000000,0.200000,0.000000,0.400000,0.000000,0.000000,0.000000,-0.943068,-1.217626,1.022002,1.846612,-1.356142,-0.426250,0.845012,30.0000,30.0000,15.0000,15.0000,10.0000,10.0000,10.0000,41.1694,44.3667,21.8957,17.0072,13.9427,9.4801,12.8734,8.0000,8.0000,4.0000,4.0000,3.0000,3.0000,3.0000,11.6427,10.3702,3.6631,3.5110,2.3746,2.6012,3.9617,1.0000,1.0000,1.0000,1.0000,1.0000,1.0000,1.0000,1.3723,1.4789,1.4597,1.1338,1.3943,0.9480,1.2873,1.0000,1.0000,1.0000,1.0000,1.0000,1.0000,1.0000,1.4553,1.2963,0.9158,0.8778,0.7915,0.8671,1.3206,True,1.7700,0.826804,0.105716,179.5094,87.7136
472,right_only,0.000000,0.200000,0.000000,0.400000,0.000000,0.000000,0.000000,0.164067,-2.455457,1.024404,0.616903,0.462770,-0.119908,0.054939,30.0000,30.0000,15.0000,15.0000,10.0000,10.0000,10.0000,36.8941,36.9339,18.7977,13.3656,11.9050,7.3871,9.7743,8.0000,8.0000,4.0000,4.0000,3.0000,3.0000,3.0000,8.6649,9.4919,5.6480,3.2191,4.0359,2.4334,3.1557,1.0000,1.0000,1.0000,1.0000,1.0000,1.0000,1.0000,1.2298,1.2311,1.2532,0.8910,1.1905,0.7387,0.9774,1.0000,1.0000,1.0000,1.0000,1.0000,1.0000,1.0000,1.0831,1.1865,1.4120,0.8048,1.3453,0.8111,1.0519,True,1.4300,0.865841,0.093062,179.9816,87.4887
473,both,0.760350,2.353506,2.232471,2.415459,-1.418240,0.455966,1.109976,-1.113878,-3.221548,-1.289174,2.503310,2.727014,0.306797,-0.262272,16.6961,30.5275,13.1457,9.3446,6.0585,6.5304,7.0582,37.3150,36.5788,17.8537,14.9461,10.6685,9.6149,8.9496,10.0303,7.0536,3.7478,4.3935,4.3804,3.7694,3.4371,6.1661,6.8417,3.7141,4.3175,2.9996,1.8238,2.5199,0.5565,1.0176,0.8764,0.6230,0.6059,0.6530,0.7058,1.2438,1.2193,1.1902,0.9964,1.0668,0.9615,0.8950,1.2538,0.8817,0.9369,1.0984,1.4601,1.2565,1.1457,0.7708,0.8552,0.9285,1.0794,0.9999,0.6079,0.8400,True,1.5980,0.974110,0.130090,143.6602,82.8864
474,both,-1.368129,2.292180,-0.772502,-0.917142,-2.524221,-0.002776,-0.791221,-0.810328,-1.229504,2.282593,1.757545,-2.571205,-0.110324,0.745381,22.8169,42.7492,15.4352,8.8867,7.4167,14.0630,14.9146,28.1759,29.8751,10.8025,13.5483,5.6302,13.5859,5.2333,10.9041,6.5654,5.0753,2.8889,2.6536,3.5915,4.4067,9.4682,6.1858,3.9044,3.1262,2.7002,3.1403,3.4227,0.7606,1.4250,1.0290,0.5924,0.7417,1.4063,1.4915,0.9392,0.9958,0.7202,0.9032,0.5630,1.3586,0.5233,1.3630,0.8207,1.2688,0.7222,0.8845,1.1972,1.4689,1.1835,0.7732,0.9761,0.7816,0.9001,1.0468,1.1409,True,1.3920,0.816577,0.077468,179.9835,87.1754
475,both,1.288748,0.875719,0.656142,2.774112,-1.338265,0.337671,1.162190,0.851695,-1.245927,1.084395,1.036802,0.690193,0.438889,-0.632154,38.7764,30.1870,10.1531,17.1530,12.9243,10.6876,13.3743,16.5269,27.1194,19.2048,18.6572,13.5162,12.3939,14.4709,6.9269,11.3101,4.5933,5.2126,2.3190,2.8384,4.2289,7.9861,8.9943,5.3908,4.8068,1.8062,2.6010,3.1578,1.2925,1.0062,0.6769,1.1435,1.2924,1.0688,1.3374,0.5509,0.9040,1.2803,1.2438,1.3516,1.2394,1.4471,0.8659,1.4138,1.1483,1.3032,0.7730,0.9461,1.4096,0.9983,1.1243,1.3477,1.2017,0.6021,0.8670,1.0526,True,1.2100,1.073690,0.072628,179.7650,89.9790
476,right_only,0.000000,0.200000,0.000000,0.400000,0.000000,0.000000,0.000000,0.414720,-1.345315,1.398704,2.509327,-1.222861,0.107391,0.145060,30.0000,30.0000,15.0000,15.0000,10.0000,10.0000,10.0000,21.8195,29.6963,15.7285,19.7601,9.6099,5.8092,9.8730,8.0000,8.0000,4.0000,4.0000,3.0000,3.0000,3.0000,10.7036,8.5700,3.2755,5.6839,1.9670,2.4806,2.8114,1.0000,1.0000,1.0000,1.0000,1.0000,1.0000,1.0000,0.7273,0.9899,1.0486,1.3173,0.9610,0.5809,0.9873,1.0000,1.0000,1.0000,1.0000,1.0000,1.0000,1.0000,1.3380,1.0713,0.8189,1.4210,0.6557,0.8269,0.9371,True,1.2760,0.826555,0.078997,179.9440,88.7697
477,right_only,0.000000,0.200000,0.000000,0.400000,0.000000,0.000000,0.000000,0.335876,-0.240877,-2.677962,2.321108,1.400244,0.365053,1.017125,30.0000,30.0000,15.0000,15.0000,10.0000,10.0000,10.0000,38.3258,20.7061,12.2081,21.5448,10.9817,10.3876,14.1571,8.0000,8.0000,4.0000,4.0000,3.0000,3.0000,3.0000,10.9936,9.8200,5.5290,2.4553,3.7726,4.3969,1.6469,1.0000,1.0000,1.0000,1.0000,1.0000,1.0000,1.0000,1.2775,0.6902,0.8139,1.4363,1.0982,1.0388,1.4157,1.0000,1.0000,1.0000,1.0000,1.0000,1.0000,1.0000,1.3742,1.2275,1.3823,0.6138,1.2575,1.4656,0.5490,False,,0.068213,1.000861,9.4268,18.5391
478,left_only,-2.089455,2.621201,0.288667,-0.592266,-1.466562,-0.162745,-0.454501,0.000000,-0.200000,0.000000,0.400000,0.000000,0.000000,0.000000,41.3302,34.8611,18.5238,7.7036,9.2751,8.1782,13.5193,30.0000,30.0000,15.0000,15.0000,10.0000,10.0000,10.0000,11.6310,7.3867,5.8922,2.0574,2.4772,3.8248,2.5803,8.0000,8.0000,4.0000,4.0000,3.0000,3.0000,3.0000,1.3777,1.1620,1.2349,0.5136,0.9275,0.8178,1.3519,1.0000,1.0000,1.0000,1.0000,1.0000,1.0000,1.0000,1.4539,0.9233,1.4731,0.5144,0.8257,1.2749,0.8601,1.0000,1.0000,1.0000,1.0000,1.0000,1.0000,1.0000,False,,0.089246,0.998446,14.7339,18.3948
479,both,1.197733,0.445797,1.851430,-0.116970,-1.874676,-0.050182,1.130149,-0.382507,-0.999576,-2.954816,-0.716179,-2.364460,0.295669,-0.668396,24.8651,33.2986,16.2593,13.6579,5.0430,9.4960,12.3888,27.4147,40.2565,15.6108,16.6705,7.0251,5.7706,11.9233,5.8819,9.6669,2.0606,5.6320,4.3501,1.5074,2.8735,8.9654,10.6586,5.3787,4.5241,3.1151,4.2420,3.9038,0.8288,1.1100,1.0840,0.9105,0.5043,0.9496,1.2389,0.9138,1.3419,1.0407,1.1114,0.7025,0.5771,1.1923,0.7352,1.2084,0.5152,1.4080,1.4500,0.5025,0.9578,1.1207,1.3323,1.3447,1.1310,1.0384,1.4140,1.3013,True,1.7960,0.903754,0.072904,179.9135,88.8901
480,left_only,1.016222,3.384279,-0.372122,2.010940,0.953271,-0.301418,0.346833,0.000000,-0.200000,0.000000,0.400000,0.000000,0.000000,0.000000,27.8427,28.5191,10.2021,18.6711,11.9794,10.3229,6.5672,30.0000,30.0000,15.0000,15.0000,10.0000,10.0000,10.0000,8.4549,4.8011,3.3575,3.4894,4.1503,2.7467,3.2954,8.0000,8.0000,4.0000,4.0000,3.0000,3.0000,3.0000,0.9281,0.9506,0.6801,1.2447,1.1979,1.0323,0.6567,1.0000,1.0000,1.0000,1.0000,1.0000,1.0000,1.0000,1.0569,0.6001,0.8394,0.8724,1.3834,0.9156,1.0985,1.0000,1.0000,1.0000,1.0000,1.0000,1.0000,1.0000,True,1.2700,0.826742,0.085538,179.8645,87.9495
481,both,0.980209,1.229371,2.350599,-0.386415,-0.908503,-0.374877,0.154761,1.368798,-0.916722,0.539849,0.198795,2.613175,-0.026330,-0.591815,44.6310,27.6937,13.0725,8.0244,6.7829,13.0919,9.8270,35.6865,40.8979,12.5452,14.3948,11.3591,8.1422,6.7878,11.6390,4.6711,4.4638,4.8799,3.3635,3.0896,3.2349,11.7294,5.5578,2.9309,4.4747,1.7321,1.6021,1.6920,1.4877,0.9231,0.8715,0.5350,0.6783,1.3092,0.9827,1.1895,1.3633,0.8363,0.9597,1.1359,0.8142,0.6788,1.4549,0.5839,1.1159,1.2200,1.1212,1.0299,1.0783,1.4662,0.6947,0.7327,1.1187,0.5774,0.5340,0.5640,False,,0.186847,0.968171,13.4078,29.7950
482,both,-2.559428,1.242364,2.041908,0.462344,-0.547419,0.092732,-0.502553,-1.102747,-1.939742,-1.071520,0.654064,-2.685962,0.357291,1.212461,40.8749,15.1723,18.7633,16.0965,5.9417,14.3286,12.7622,32.1637,22.7752,19.1460,20.6287,14.1760,14.3298,14.0558,5.1624,11.7123,2.5048,3.8187,1.9769,1.9506,4.4034,9.1115,6.7397,5.7023,2.4900,2.0064,2.8015,2.3510,1.3625,0.5057,1.2509,1.0731,0.5942,1.4329,1.2762,1.0721,0.7592,1.2764,1.3752,1.4176,1.4330,1.4056,0.6453,1.4640,0.6262,0.9547,0.6590,0.6502,1.4678,1.1389,0.8425,1.4256,0.6225,0.6688,0.9338,0.7837,True,1.6540,0.877679,0.122382,177.5690,83.8846
483,both,-0.239898,3.042041,0.124148,1.337486,-0.572750,0.192001,-1.014251,-2.911142,-0.975741,0.022761,0.732389,-0.826202,-0.414578,0.458613,27.6440,28.3580,20.9017,18.5632,7.1944,11.5717,6.3226,41.4550,24.3774,16.9857,13.1804,11.9710,8.4846,5.0132,5.5525,9.7132,2.5036,3.1208,4.1942,3.7149,4.2884,4.7515,10.1681,2.3360,4.3977,4.0733,3.7233,2.7403,0.9215,0.9453,1.3934,1.2375,0.7194,1.1572,0.6323,1.3818,0.8126,1.1324,0.8787,1.1971,0.8485,0.5013,0.6941,1.2141,0.6259,0.7802,1.3981,1.2383,1.4295,0.5939,1.2710,0.5840,1.0994,1.3578,1.2411,0.9134,True,2.0800,0.946969,0.092954,179.9334,87.4225
484,both,-2.157474,3.107192,0.551486,0.724385,2.416252,-0.263609,-0.146604,-2.628279,-2.927953,-0.749959,1.939597,-0.797971,0.175378,0.775184,41.3273,16.3416,19.1060,9.7071,11.9826,8.7166,12.0779,35.5548,33.6490,18.4581,19.4090,14.1142,5.8052,10.7155,5.7106,9.1599,2.5021,2.6790,3.3434,2.5103,3.6113,9.9902,5.7355,3.0545,3.0679,3.2170,2.5985,3.4983,1.3776,0.5447,1.2737,0.6471,1.1983,0.8717,1.2078,1.1852,1.1216,1.2305,1.2939,1.4114,0.5805,1.0715,0.7138,1.1450,0.6255,0.6697,1.1145,0.8368,1.2038,1.2488,0.7169,0.7636,0.7670,1.0723,0.8662,1.1661,True,1.3820,0.995127,0.072710,179.9813,89.9945
485,left_only,-0.265771,2.103883,-1.229359,2.219244,0.814845,-0.341649,-0.761561,0.000000,-0.200000,0.000000,0.400000,0.000000,0.000000,0.000000,24.0290,43.0812,12.3952,7.7982,6.4163,5.3217,9.0284,30.0000,30.0000,15.0000,15.0000,10.0000,10.0000,10.0000,10.3772,7.6035,5.3560,2.1901,2.9092,3.8612,3.5242,8.0000,8.0000,4.0000,4.0000,3.0000,3.0000,3.0000,0.8010,1.4360,0.8263,0.5199,0.6416,0.5322,0.9028,1.0000,1.0000,1.0000,1.0000,1.0000,1.0000,1.0000,1.2972,0.9504,1.3390,0.5475,0.9697,1.2871,1.1747,1.0000,1.0000,1.0000,1.0000,1.0000,1.0000,1.0000,True,1.3340,0.875245,0.107375,179.8931,85.7008
486,both,0.876808,0.655095,0.179824,1.845509,-2.039498,0.292121,-0.478866,-2.700523,-0.505649,0.987452,2.699597,2.388350,-0.204864,0.359061,44.9737,22.3142,14.5932,21.1525,6.0308,14.2825,9.8816,43.6837,44.0496,17.1875,16.9993,10.5247,11.0755,11.1212,11.1443,8.9710,4.6857,5.0919,1.7014,3.3833,4.2718,4.3393,4.7110,4.4777,3.2569,2.4043,2.0803,3.9032,1.4991,0.7438,0.9729,1.4102,0.6031,1.4282,0.9882,1.4561,1.4683,1.1458,1.1333,1.0525,1.1076,1.1121,1.3930,1.1214,1.1714,1.2730,0.5671,1.1278,1.4239,0.5424,0.5889,1.1194,0.8142,0.8014,0.6934,1.3011,False,,0.029728,0.992876,12.1586,15.5526
487,right_only,0.000000,0.200000,0.000000,0.400000,0.000000,0.000000,0.000000,1.401987,-1.027075,2.350531,2.700442,-1.494741,-0.320489,-0.732570,30.0000,30.0000,15.0000,15.0000,10.0000,10.0000,10.0000,17.8863,32.4864,11.7398,21.1938,11.1341,8.5961,14.8464,8.0000,8.0000,4.0000,4.0000,3.0000,3.0000,3.0000,11.6256,10.2289,5.1667,5.9091,3.3014,4.1401,1.6945,1.0000,1.0000,1.0000,1.0000,1.0000,1.0000,1.0000,0.5962,1.0829,0.7827,1.4129,1.1134,0.8596,1.4846,1.0000,1.0000,1.0000,1.0000,1.0000,1.0000,1.0000,1.4532,1.2786,1.2917,1.4773,1.1005,1.3800,0.5648,True,1.2480,0.828976,0.084750,140.2987,83.6174
488,left_only,-0.530366,1.519512,-2.446106,-0.590888,-2.884208,-0.190536,-1.134081,0.000000,-0.200000,0.000000,0.400000,0.000000,0.000000,0.000000,27.6948,39.3824,16.7074,17.6068,5.3151,13.3953,6.4619,30.0000,30.0000,15.0000,15.0000,10.0000,10.0000,10.0000,6.4212,8.1344,5.7200,5.9926,3.8480,3.6879,3.0830,8.0000,8.0000,4.0000,4.0000,3.0000,3.0000,3.0000,0.9232,1.3127,1.1138,1.1738,0.5315,1.3395,0.6462,1.0000,1.0000,1.0000,1.0000,1.0000,1.0000,1.0000,0.8027,1.0168,1.4300,1.4981,1.2827,1.2293,1.0277,1.0000,1.0000,1.0000,1.0000,1.0000,1.0000,1.0000,False,,0.065911,0.993616,10.5674,17.3148
489,both,-0.004895,0.165923,-1.133658,3.116575,2.632582,-0.163751,-0.657737,-2.058970,-1.567213,-1.741243,1.728291,-2.319038,-0.366599,-0.566587,38.3233,24.6987,14.5623,17.3493,12.8854,8.0711,12.3097,19.0951,34.6339,10.4755,11.6545,10.2282,12.4199,12.2149,6.2885,9.1557,3.8035,5.7065,4.4463,3.8224,4.2464,10.9557,8.4742,5.7054,5.5516,4.0472,2.1886,3.0943,1.2774,0.8233,0.9708,1.1566,1.2885,0.8071,1.2310,0.6365,1.1545,0.6984,0.7770,1.0228,1.2420,1.2215,0.7861,1.1445,0.9509,1.4266,1.4821,1.2741,1.4155,1.3695,1.0593,1.4263,1.3879,1.3491,0.7295,1.0314,True,1.2720,0.596927,0.094556,179.9872,87.0151
490,both,0.327674,3.309668,-2.593960,0.400983,-1.038063,-0.195606,0.806258,-2.927714,-2.041337,1.025252,0.729835,-1.920194,0.102539,0.057430,44.4552,37.4558,22.2926,10.2953,12.6159,10.5164,12.1251,37.1320,31.7287,12.2584,20.7142,11.4244,12.2022,11.5211,7.7404,5.6991,2.1829,5.3532,3.9444,1.9876,3.4355,9.7703,5.1605,5.6904,3.1432,4.0097,4.1802,3.4537,1.4818,1.2485,1.4862,0.6864,1.2616,1.0516,1.2125,1.2377,1.0576,0.8172,1.3809,1.1424,1.2202,1.1521,0.9676,0.7124,0.5457,1.3383,1.3148,0.6625,1.1452,1.2213,0.6451,1.4226,0.7858,1.3366,1.3934,1.1512,True,1.4960,0.861340,0.122506,179.9822,83.7372
491,left_only,-0.322003,0.032202,-0.186626,1.576091,-2.538433,-0.359398,1.253442,0.000000,-0.200000,0.000000,0.400000,0.000000,0.000000,0.000000,24.9670,25.4920,11.2729,17.1903,9.7308,12.9043,10.1249,30.0000,30.0000,15.0000,15.0000,10.0000,10.0000,10.0000,4.1233,7.8615,2.2207,5.3071,1.8410,2.1509,2.8799,8.0000,8.0000,4.0000,4.0000,3.0000,3.0000,3.0000,0.8322,0.8497,0.7515,1.1460,0.9731,1.2904,1.0125,1.0000,1.0000,1.0000,1.0000,1.0000,1.0000,1.0000,0.5154,0.9827,0.5552,1.3268,0.6137,0.7170,0.9600,1.0000,1.0000,1.0000,1.0000,1.0000,1.0000,1.0000,False,,0.084082,1.001430,8.5574,14.7704
492,left_only,-2.220683,1.658252,-0.047840,2.983918,-2.500968,0.070977,0.559815,0.000000,-0.200000,0.000000,0.400000,0.000000,0.000000,0.000000,18.8288,34.0939,20.4636,19.3133,14.3517,12.2059,8.9399,30.0000,30.0000,15.0000,15.0000,10.0000,10.0000,10.0000,11.3636,5.8029,4.3348,5.0626,4.1168,4.2496,1.7549,8.0000,8.0000,4.0000,4.0000,3.0000,3.0000,3.0000,0.6276,1.1365,1.3642,1.2876,1.4352,1.2206,0.8940,1.0000,1.0000,1.0000,1.0000,1.0000,1.0000,1.0000,1.4205,0.7254,1.0837,1.2657,1.3723,1.4165,0.5850,1.0000,1.0000,1.0000,1.0000,1.0000,1.0000,1.0000,True,2.0500,0.815782,0.123219,179.8282,83.7780
493,right_only,0.000000,0.200000,0.000000,0.400000,0.000000,0.000000,0.000000,0.279739,-2.628486,1.407607,1.943849,-1.705410,0.307868,-0.097056,30.0000,30.0000,15.0000,15.0000,10.0000,10.0000,10.0000,31.3157,44.1421,17.3494,16.3284,5.1676,6.9921,5.2657,8.0000,8.0000,4.0000,4.0000,3.0000,3.0000,3.0000,6.6665,6.7561,4.1213,4.7591,2.0380,3.3050,4.2509,1.0000,1.0000,1.0000,1.0000,1.0000,1.0000,1.0000,1.0439,1.4714,1.1566,1.0886,0.5168,0.6992,0.5266,1.0000,1.0000,1.0000,1.0000,1.0000,1.0000,1.0000,0.8333,0.8445,1.0303,1.1898,0.6793,1.1017,1.4170,True,1.2480,0.827955,0.079125,179.9626,88.8361
494,both,-2.268613,2.111353,-2.401510,1.243640,1.261266,-0.431011,-0.422490,0.995177,-2.547686,1.088699,1.578544,-1.807159,0.223579,0.081486,18.3608,43.4811,14.8794,18.6762,7.1770,6.3718,12.4131,30.2181,38.1932,15.6724,21.5780,13.1806,8.5819,9.6492,9.3906,6.1929,4.9851,4.0200,2.5458,3.8607,3.3503,11.6587,11.1616,2.7647,3.0972,2.5933,4.1395,4.2823,0.6120,1.4494,0.9920,1.2451,0.7177,0.6372,1.2413,1.0073,1.2731,1.0448,1.4385,1.3181,0.8582,0.9649,1.1738,0.7741,1.2463,1.0050,0.8486,1.2869,1.1168,1.4573,1.3952,0.6912,0.7743,0.8644,1.3798,1.4274,True,1.1580,0.884890,0.085765,179.9801,88.2632
495,left_only,0.639023,0.662178,2.369658,-0.814201,-0.574652,-0.113194,0.089509,0.000000,-0.200000,0.000000,0.400000,0.000000,0.000000,0.000000,31.8192,21.7621,10.5683,19.5535,5.7620,9.9329,6.9165,30.0000,30.0000,15.0000,15.0000,10.0000,10.0000,10.0000,6.5565,6.2184,4.8341,3.8241,2.3983,3.9941,1.7574,8.0000,8.0000,4.0000,4.0000,3.0000,3.0000,3.0000,1.0606,0.7254,0.7046,1.3036,0.5762,0.9933,0.6916,1.0000,1.0000,1.0000,1.0000,1.0000,1.0000,1.0000,0.8196,0.7773,1.2085,0.9560,0.7994,1.3314,0.5858,1.0000,1.0000,1.0000,1.0000,1.0000,1.0000,1.0000,False,,0.064798,0.994770,11.4671,15.4016
496,both,0.469559,0.558622,2.545169,-0.927041,0.196381,0.113095,0.196343,0.698722,-2.976020,-0.653797,2.617233,2.369115,-0.001531,0.147236,37.9173,38.3883,20.8212,20.1579,9.1442,11.4975,9.8324,33.1977,36.9663,15.2593,7.5847,10.7688,5.0661,14.2641,4.9437,10.5734,4.4071,2.2320,3.5306,2.3493,1.7078,6.1384,10.9681,2.0484,2.3889,2.8542,3.7758,4.3277,1.2639,1.2796,1.3881,1.3439,0.9144,1.1498,0.9832,1.1066,1.2322,1.0173,0.5056,1.0769,0.5066,1.4264,0.6180,1.3217,1.1018,0.5580,1.1769,0.7831,0.5693,0.7673,1.3710,0.5121,0.5972,0.9514,1.2586,1.4426,True,1.7980,0.986680,0.247360,99.4297,53.3174
497,both,-0.685643,0.963642,-2.407376,1.460720,-0.820948,0.378448,-0.050650,0.465255,-0.193764,-2.452766,0.870695,2.397812,-0.069879,0.165492,41.1931,21.9778,20.9187,13.4554,10.9303,8.2804,10.2712,21.2878,28.2148,11.2025,9.5649,10.9757,12.4387,11.8527,4.3943,4.5221,3.6589,3.3398,3.3474,1.6137,2.0030,6.2094,10.8356,4.4473,4.4587,2.1385,2.2266,2.9243,1.3731,0.7326,1.3946,0.8970,1.0930,0.8280,1.0271,0.7096,0.9405,0.7468,0.6377,1.0976,1.2439,1.1853,0.5493,0.5653,0.9147,0.8350,1.1158,0.5379,0.6677,0.7762,1.3544,1.1118,1.1147,0.7128,0.7422,0.9748,True,2.8320,0.842606,0.135059,179.0814,86.3989
498,left_only,-2.019863,2.220934,-0.910496,-0.322586,-2.136704,-0.344814,-0.153035,0.000000,-0.200000,0.000000,0.400000,0.000000,0.000000,0.000000,15.0912,31.2712,11.9745,15.7872,14.3543,13.6905,10.7643,30.0000,30.0000,15.0000,15.0000,10.0000,10.0000,10.0000,7.3446,9.5869,5.6926,3.9582,1.7979,3.7983,1.5314,8.0000,8.0000,4.0000,4.0000,3.0000,3.0000,3.0000,0.5030,1.0424,0.7983,1.0525,1.4354,1.3690,1.0764,1.0000,1.0000,1.0000,1.0000,1.0000,1.0000,1.0000,0.9181,1.1984,1.4231,0.9895,0.5993,1.2661,0.5105,1.0000,1.0000,1.0000,1.0000,1.0000,1.0000,1.0000,True,1.8420,0.889281,0.085403,179.7867,89.0743
499,right_only,0.000000,0.200000,0.000000,0.400000,0.000000,0.000000,0.000000,0.461447,-3.079015,-2.405484,2.278450,1.221645,0.057260,0.814286,30.0000,30.0000,15.0000,15.0000,10.0000,10.0000,10.0000,40.5411,28.7254,22.4445,12.8637,6.7151,13.4598,9.1557,8.0000,8.0000,4.0000,4.0000,3.0000,3.0000,3.0000,10.9960,4.4893,2.4442,2.1611,3.3060,3.9956,2.7080,1.0000,1.0000,1.0000,1.0000,1.0000,1.0000,1.0000,1.3514,0.9575,1.4963,0.8576,0.6715,1.3460,0.9156,1.0000,1.0000,1.0000,1.0000,1.0000,1.0000,1.0000,1.3745,0.5612,0.6111,0.5403,1.1020,1.3319,0.9027,True,1.3500,0.849057,0.089184,179.9529,88.8423
500,both,-2.712825,1.031712,-0.686579,1.707539,0.746393,-0.367203,-0.202751,-0.113757,-2.421505,-0.701855,1.584560,-0.429465,-0.433954,-0.704555,38.2824,22.4551,19.7657,14.5036,9.7292,12.7052,8.8329,23.9656,20.9828,19.9566,8.9282,14.0213,5.2691,10.2225,5.9078,4.8403,4.6876,3.8798,3.9282,2.8730,2.7444,4.4666,10.2369,2.8460,4.2637,4.2493,3.4478,2.0350,1.2761,0.7485,1.3177,0.9669,0.9729,1.2705,0.8833,0.7989,0.6994,1.3304,0.5952,1.4021,0.5269,1.0223,0.7385,0.6050,1.1719,0.9699,1.3094,0.9577,0.9148,0.5583,1.2796,0.7115,1.0659,1.4164,1.1493,0.6783,True,1.3060,0.935835,0.072833,179.9706,89.9926
501,left_only,0.612352,1.288793,-2.585288,1.060339,1.669912,-0.064789,0.656407,0.000000,-0.200000,0.000000,0.400000,0.000000,0.000000,0.000000,36.1658,28.7074,12.3492,18.3981,8.6892,6.7009,8.2086,30.0000,30.0000,15.0000,15.0000,10.0000,10.0000,10.0000,11.0147,6.2671,2.9398,2.5337,1.6655,4.4301,3.1103,8.0000,8.0000,4.0000,4.0000,3.0000,3.0000,3.0000,1.2055,0.9569,0.8233,1.2265,0.8689,0.6701,0.8209,1.0000,1.0000,1.0000,1.0000,1.0000,1.0000,1.0000,1.3768,0.7834,0.7350,0.6334,0.5552,1.4767,1.0368,1.0000,1.0000,1.0000,1.0000,1.0000,1.0000,1.0000,True,1.4600,0.842181,0.072689,179.7501,89.1787
502,both,0.296625,2.541840,-0.662363,2.349482,2.528149,0.223630,0.537802,-1.104179,-0.219810,-2.506292,2.146194,-0.664917,0.061026,0.998128,33.1506,15.7674,18.3391,21.4354,11.4201,13.6142,13.2530,25.4049,38.1089,20.6247,16.2036,6.1327,8.0375,13.5702,10.8903,6.7528,3.8967,5.3921,4.2312,1.9405,2.0446,6.7804,4.8225,3.2083,5.2268,2.9804,2.0147,2.4379,1.1050,0.5256,1.2226,1.4290,1.1420,1.3614,1.3253,0.8468,1.2703,1.3750,1.0802,0.6133,0.8037,1.3570,1.3613,0.8441,0.9742,1.3480,1.4104,0.6468,0.6815,0.8476,0.6028,0.8021,1.3067,0.9935,0.6716,0.8126,True,1.3580,0.918920,0.088220,179.7557,87.3865
503,right_only,0.000000,0.200000,0.000000,0.400000,0.000000,0.000000,0.000000,1.351368,-1.767201,-0.506132,-0.317823,-0.995767,0.291085,0.726945,30.0000,30.0000,15.0000,15.0000,10.0000,10.0000,10.0000,28.0650,41.8096,13.2039,20.4649,5.3157,8.4723,13.5507,8.0000,8.0000,4.0000,4.0000,3.0000,3.0000,3.0000,11.2105,10.0514,4.6795,5.2620,3.6227,2.2627,2.8987,1.0000,1.0000,1.0000,1.0000,1.0000,1.0000,1.0000,0.9355,1.3937,0.8803,1.3643,0.5316,0.8472,1.3551,1.0000,1.0000,1.0000,1.0000,1.0000,1.0000,1.0000,1.4013,1.2564,1.1699,1.3155,1.2076,0.7542,0.9662,True,1.4560,0.824910,0.096363,179.9856,87.0431
504,right_only,0.000000,0.200000,0.000000,0.400000,0.000000,0.000000,0.000000,-0.028079,-1.178106,2.008503,1.006978,-1.724793,-0.264012,0.878984,30.0000,30.0000,15.0000,15.0000,10.0000,10.0000,10.0000,15.2616,41.0739,8.3338,13.3749,13.0018,9.0762,13.2235,8.0000,8.0000,4.0000,4.0000,3.0000,3.0000,3.0000,4.8024,8.0923,4.3299,5.5635,1.7809,2.5158,3.4780,1.0000,1.0000,1.0000,1.0000,1.0000,1.0000,1.0000,0.5087,1.3691,0.5556,0.8917,1.3002,0.9076,1.3223,1.0000,1.0000,1.0000,1.0000,1.0000,1.0000,1.0000,0.6003,1.0115,1.0825,1.3909,0.5936,0.8386,1.1593,True,1.4460,0.834612,0.072745,179.9956,89.3486
505,right_only,0.000000,0.200000,0.000000,0.400000,0.000000,0.000000,0.000000,1.475471,-0.193523,1.789627,1.185964,0.500363,0.331687,0.938849,30.0000,30.0000,15.0000,15.0000,10.0000,10.0000,10.0000,39.0682,39.5571,20.6944,9.2067,7.9264,14.7611,10.4478,8.0000,8.0000,4.0000,4.0000,3.0000,3.0000,3.0000,5.4117,8.0244,4.5831,5.3129,3.9365,1.6477,2.8606,1.0000,1.0000,1.0000,1.0000,1.0000,1.0000,1.0000,1.3023,1.3186,1.3796,0.6138,0.7926,1.4761,1.0448,1.0000,1.0000,1.0000,1.0000,1.0000,1.0000,1.0000,0.6765,1.0031,1.1458,1.3282,1.3122,0.5492,0.9535,True,1.8160,0.941693,0.136882,139.4125,82.3293
506,right_only,0.000000,0.200000,0.000000,0.400000,0.000000,0.000000,0.000000,-3.043120,-0.042770,-2.023952,1.630733,0.536762,0.116115,0.161078,30.0000,30.0000,15.0000,15.0000,10.0000,10.0000,10.0000,36.4677,33.7833,8.8545,13.0015,10.4659,8.2520,12.6033,8.0000,8.0000,4.0000,4.0000,3.0000,3.0000,3.0000,6.5432,10.6295,2.5869,5.0776,2.0504,3.0840,2.4616,1.0000,1.0000,1.0000,1.0000,1.0000,1.0000,1.0000,1.2156,1.1261,0.5903,0.8668,1.0466,0.8252,1.2603,1.0000,1.0000,1.0000,1.0000,1.0000,1.0000,1.0000,0.8179,1.3287,0.6467,1.2694,0.6835,1.0280,0.8205,False,,0.091625,1.000317,9.8400,13.3937
507,both,-0.138155,0.424159,1.849973,1.418901,2.503893,0.195888,0.272785,0.765337,-2.569600,0.577650,0.662368,1.534236,-0.439866,-0.183611,34.5511,28.8192,11.0696,14.4652,13.4974,7.0684,8.6717,27.5531,23.1884,16.0323,9.6750,12.9895,9.9121,10.6646,11.9227,11.3025,2.1359,4.1213,1.6962,4.2717,2.8246,10.7264,5.4812,2.7007,3.6832,3.8584,1.6756,3.8855,1.1517,0.9606,0.7380,0.9643,1.3497,0.7068,0.8672,0.9184,0.7729,1.0688,0.6450,1.2990,0.9912,1.0665,1.4903,1.4128,0.5340,1.0303,0.5654,1.4239,0.9415,1.3408,0.6851,0.6752,0.9208,1.2861,0.5585,1.2952,True,1.3180,0.861934,0.072726,179.8378,89.9988
508,both,-0.781436,1.743466,0.540068,-0.718029,-1.571320,0.236150,-0.222839,-0.499965,0.171603,-2.747639,0.907180,-0.669061,-0.364034,1.145018,43.8438,24.3446,21.7008,8.0276,14.8090,13.3593,7.1433,22.4942,37.2378,12.9990,15.1104,6.9545,6.9411,11.5045,8.7964,10.3864,3.2772,3.4150,3.3869,1.9413,1.8546,4.8670,9.3427,3.6028,4.6851,2.6452,4.0382,1.6667,1.4615,0.8115,1.4467,0.5352,1.4809,1.3359,0.7143,0.7498,1.2413,0.8666,1.0074,0.6955,0.6941,1.1505,1.0995,1.2983,0.8193,0.8538,1.1290,0.6471,0.6182,0.6084,1.1678,0.9007,1.1713,0.8817,1.3461,0.5556,False,,0.050585,1.000493,11.9177,18.5496
509,right_only,0.000000,0.200000,0.000000,0.400000,0.000000,0.000000,0.000000,1.067430,-2.384461,-2.768786,1.372730,-1.457720,-0.037737,0.767878,30.0000,30.0000,15.0000,15.0000,10.0000,10.0000,10.0000,38.7464,33.0116,22.1681,14.4563,5.3939,13.1943,7.2129,8.0000,8.0000,4.0000,4.0000,3.0000,3.0000,3.0000,5.4099,4.5601,3.3116,3.3046,2.4083,3.2796,3.7546,1.0000,1.0000,1.0000,1.0000,1.0000,1.0000,1.0000,1.2915,1.1004,1.4779,0.9638,0.5394,1.3194,0.7213,1.0000,1.0000,1.0000,1.0000,1.0000,1.0000,1.0000,0.6762,0.5700,0.8279,0.8262,0.8028,1.0932,1.2515,True,1.3280,0.856100,0.132758,178.8725,82.5403
510,left_only,1.276881,-0.024491,-1.807335,1.486050,-2.444739,-0.119543,0.316363,0.000000,-0.200000,0.000000,0.400000,0.000000,0.000000,0.000000,38.4164,21.5280,17.5198,17.1880,13.5962,8.1375,12.5009,30.0000,30.0000,15.0000,15.0000,10.0000,10.0000,10.0000,10.0160,5.9136,4.4846,4.7006,2.3233,2.8554,2.8073,8.0000,8.0000,4.0000,4.0000,3.0000,3.0000,3.0000,1.2805,0.7176,1.1680,1.1459,1.3596,0.8137,1.2501,1.0000,1.0000,1.0000,1.0000,1.0000,1.0000,1.0000,1.2520,0.7392,1.1212,1.1752,0.7744,0.9518,0.9358,1.0000,1.0000,1.0000,1.0000,1.0000,1.0000,1.0000,False,,0.070816,0.999332,9.6051,21.8814
511,right_only,0.000000,0.200000,0.000000,0.400000,0.000000,0.000000,0.000000,0.503230,-3.397387,-0.169179,-0.188672,0.975810,0.166841,0.002861,30.0000,30.0000,15.0000,15.0000,10.0000,10.0000,10.0000,31.2609,24.4517,12.1998,18.6768,6.3173,12.7150,11.5501,8.0000,8.0000,4.0000,4.0000,3.0000,3.0000,3.0000,11.0758,6.0812,4.0247,2.1560,4.2375,3.5262,3.3686,1.0000,1.0000,1.0000,1.0000,1.0000,1.0000,1.0000,1.0420,0.8151,0.8133,1.2451,0.6317,1.2715,1.1550,1.0000,1.0000,1.0000,1.0000,1.0000,1.0000,1.0000,1.3845,0.7601,1.0062,0.5390,1.4125,1.1754,1.1229,True,1.3020,0.866809,0.093893,179.9549,89.5681
512,left_only,0.310966,0.694763,0.763888,2.357808,-2.489904,0.424406,0.995392,0.000000,-0.200000,0.000000,0.400000,0.000000,0.000000,0.000000,43.8906,39.2505,11.9147,16.2233,6.2016,12.5417,6.5364,30.0000,30.0000,15.0000,15.0000,10.0000,10.0000,10.0000,10.9346,5.9245,2.6416,2.2836,3.6341,2.0586,2.0930,8.0000,8.0000,4.0000,4.0000,3.0000,3.0000,3.0000,1.4630,1.3083,0.7943,1.0816,0.6202,1.2542,0.6536,1.0000,1.0000,1.0000,1.0000,1.0000,1.0000,1.0000,1.3668,0.7406,0.6604,0.5709,1.2114,0.6862,0.6977,1.0000,1.0000,1.0000,1.0000,1.0000,1.0000,1.0000,True,1.6560,0.775168,0.076617,179.9997,88.8689
513,left_only,-2.340729,0.775906,2.676669,1.059748,-1.507343,-0.304889,-1.221990,0.000000,-0.200000,0.000000,0.400000,0.000000,0.000000,0.000000,25.9498,18.3018,7.9052,9.0447,8.1852,12.5086,5.6699,30.0000,30.0000,15.0000,15.0000,10.0000,10.0000,10.0000,9.4294,8.9643,5.5280,2.7359,3.8828,4.0946,4.4295,8.0000,8.0000,4.0000,4.0000,3.0000,3.0000,3.0000,0.8650,0.6101,0.5270,0.6030,0.8185,1.2509,0.5670,1.0000,1.0000,1.0000,1.0000,1.0000,1.0000,1.0000,1.1787,1.1205,1.3820,0.6840,1.2943,1.3649,1.4765,1.0000,1.0000,1.0000,1.0000,1.0000,1.0000,1.0000,True,2.5080,1.116855,0.093783,94.6342,79.9035
514,both,0.668267,0.087844,2.710222,2.415917,-1.787007,-0.309692,1.108492,-2.406660,-0.462549,-0.712180,2.039316,-2.220936,0.208179,0.030255,42.0113,20.6520,9.1403,10.4433,5.7858,14.8015,6.2286,34.1481,23.6464,16.4688,20.4969,8.6448,12.3647,9.1583,5.6068,10.4775,2.9870,2.8892,3.5169,2.6963,4.0064,8.3446,9.8696,2.2421,3.8198,1.7856,3.6750,3.3234,1.4004,0.6884,0.6094,0.6962,0.5786,1.4802,0.6229,1.1383,0.7882,1.0979,1.3665,0.8645,1.2365,0.9158,0.7009,1.3097,0.7468,0.7223,1.1723,0.8988,1.3355,1.0431,1.2337,0.5605,0.9549,0.5952,1.2250,1.1078,True,1.6220,0.877892,0.095268,179.9791,84.9104
515,right_only,0.000000,0.200000,0.000000,0.400000,0.000000,0.000000,0.000000,-1.600161,-3.111656,2.239300,0.350965,-1.163830,-0.369070,0.196477,30.0000,30.0000,15.0000,15.0000,10.0000,10.0000,10.0000,22.9696,40.2856,17.7415,7.5587,10.6567,7.3183,5.1537,8.0000,8.0000,4.0000,4.0000,3.0000,3.0000,3.0000,8.9549,5.6393,5.5985,4.2935,2.1276,4.4374,3.1393,1.0000,1.0000,1.0000,1.0000,1.0000,1.0000,1.0000,0.7657,1.3429,1.1828,0.5039,1.0657,0.7318,0.5154,1.0000,1.0000,1.0000,1.0000,1.0000,1.0000,1.0000,1.1194,0.7049,1.3996,1.0734,0.7092,1.4791,1.0464,True,1.3400,0.931745,0.091575,179.6771,88.7693
516,both,-2.360626,1.575175,2.779509,0.801988,-0.560010,-0.035958,-0.558537,-2.377999,-1.211653,2.060115,2.088564,-2.195961,-0.091715,-1.256548,24.2382,35.0813,11.8535,20.1084,9.7738,11.6917,13.8387,16.6165,43.2431,12.4059,18.5831,8.3003,14.5330,5.3647,9.4625,11.1786,5.2323,4.2683,2.3917,2.3944,4.1260,6.8266,10.9397,3.0962,3.1025,4.1963,3.9917,1.8173,0.8079,1.1694,0.7902,1.3406,0.9774,1.1692,1.3839,0.5539,1.4414,0.8271,1.2389,0.8300,1.4533,0.5365,1.1828,1.3973,1.3081,1.0671,0.7972,0.7981,1.3753,0.8533,1.3675,0.7741,0.7756,1.3988,1.3306,0.6058,True,1.5480,0.874664,0.072742,179.9026,89.9918
517,left_only,-0.407353,0.464434,-1.440166,1.591619,-2.296531,-0.027954,-0.620213,0.000000,-0.200000,0.000000,0.400000,0.000000,0.000000,0.000000,40.6177,31.6348,10.7266,21.3970,13.2290,7.6529,14.6105,30.0000,30.0000,15.0000,15.0000,10.0000,10.0000,10.0000,6.1419,6.3411,3.5439,2.6592,3.5610,3.1720,4.1834,8.0000,8.0000,4.0000,4.0000,3.0000,3.0000,3.0000,1.3539,1.0545,0.7151,1.4265,1.3229,0.7653,1.4611,1.0000,1.0000,1.0000,1.0000,1.0000,1.0000,1.0000,0.7677,0.7926,0.8860,0.6648,1.1870,1.0573,1.3945,1.0000,1.0000,1.0000,1.0000,1.0000,1.0000,1.0000,False,,0.071436,1.000952,10.2604,17.6591
518,right_only,0.000000,0.200000,0.000000,0.400000,0.000000,0.000000,0.000000,-2.005478,-2.756527,-0.976605,-0.346571,2.699830,0.201138,0.752327,30.0000,30.0000,15.0000,15.0000,10.0000,10.0000,10.0000,37.4413,22.2846,9.6098,13.9415,13.2902,8.3052,5.0956,8.0000,8.0000,4.0000,4.0000,3.0000,3.0000,3.0000,9.2805,5.6005,4.1713,2.0595,3.0265,2.6808,4.1412,1.0000,1.0000,1.0000,1.0000,1.0000,1.0000,1.0000,1.2480,0.7428,0.6407,0.9294,1.3290,0.8305,0.5096,1.0000,1.0000,1.0000,1.0000,1.0000,1.0000,1.0000,1.1601,0.7001,1.0428,0.5149,1.0088,0.8936,1.3804,False,,0.079407,0.991997,9.6291,16.0705
519,both,0.259743,-0.243814,1.816592,2.317770,0.811239,0.397099,0.770264,-2.108987,-1.957757,-1.025935,1.135269,2.743391,0.106928,-0.475135,43.2455,36.0081,11.4912,21.0977,8.4421,10.1621,9.7922,43.4410,38.3189,12.6910,12.8645,9.6953,11.7380,10.6104,11.3890,6.1253,3.3332,4.6406,4.1598,1.8447,2.1297,10.2090,4.4333,5.2762,2.2322,4.1429,1.6298,1.8835,1.4415,1.2003,0.7661,1.4065,0.8442,1.0162,0.9792,1.4480,1.2773,0.8461,0.8576,0.9695,1.1738,1.0610,1.4236,0.7657,0.8333,1.1602,1.3866,0.6149,0.7099,1.2761,0.5542,1.3190,0.5581,1.3810,0.5433,0.6278,False,,0.101488,0.996041,9.2056,13.6004
520,right_only,0.000000,0.200000,0.000000,0.400000,0.000000,0.000000,0.000000,-2.291332,-2.556868,-0.732009,1.757141,2.391396,0.022665,0.082524,30.0000,30.0000,15.0000,15.0000,10.0000,10.0000,10.0000,24.5792,39.0204,9.1573,12.0165,5.9698,7.1418,10.8660,8.0000,8.0000,4.0000,4.0000,3.0000,3.0000,3.0000,5.0077,4.8049,5.3036,2.4732,3.3242,2.5560,4.1891,1.0000,1.0000,1.0000,1.0000,1.0000,1.0000,1.0000,0.8193,1.3007,0.6105,0.8011,0.5970,0.7142,1.0866,1.0000,1.0000,1.0000,1.0000,1.0000,1.0000,1.0000,0.6260,0.6006,1.3259,0.6183,1.1081,0.8520,1.3964,True,2.4480,1.139353,0.088006,99.4975,80.7367
521,left_only,0.192561,-0.155354,2.417304,0.759402,-1.292210,0.159823,0.553654,0.000000,-0.200000,0.000000,0.400000,0.000000,0.000000,0.000000,24.0975,25.5497,9.8450,16.4017,14.5691,9.1662,14.9621,30.0000,30.0000,15.0000,15.0000,10.0000,10.0000,10.0000,5.4113,10.3688,5.7124,4.7522,1.8280,2.4796,1.7570,8.0000,8.0000,4.0000,4.0000,3.0000,3.0000,3.0000,0.8033,0.8517,0.6563,1.0934,1.4569,0.9166,1.4962,1.0000,1.0000,1.0000,1.0000,1.0000,1.0000,1.0000,0.6764,1.2961,1.4281,1.1881,0.6093,0.8265,0.5857,1.0000,1.0000,1.0000,1.0000,1.0000,1.0000,1.0000,False,,0.065562,0.995349,9.8669,14.3069
522,right_only,0.000000,0.200000,0.000000,0.400000,0.000000,0.000000,0.000000,-0.305766,0.373002,-0.885141,-0.277037,-1.202632,0.065492,0.175163,30.0000,30.0000,15.0000,15.0000,10.0000,10.0000,10.0000,21.8946,37.5211,8.8202,16.8456,9.2570,6.2718,11.3438,8.0000,8.0000,4.0000,4.0000,3.0000,3.0000,3.0000,9.3844,7.5202,5.1920,4.0373,2.3573,4.3608,4.3321,1.0000,1.0000,1.0000,1.0000,1.0000,1.0000,1.0000,0.7298,1.2507,0.5880,1.1230,0.9257,0.6272,1.1344,1.0000,1.0000,1.0000,1.0000,1.0000,1.0000,1.0000,1.1730,0.9400,1.2980,1.0093,0.7858,1.4536,1.4440,False,,0.077091,0.997712,8.8321,16.2732
523,right_only,0.000000,0.200000,0.000000,0.400000,0.000000,0.000000,0.000000,-2.689623,0.176187,1.386985,-0.509560,0.241314,-0.430170,0.225697,30.0000,30.0000,15.0000,15.0000,10.0000,10.0000,10.0000,42.9956,26.0463,15.1294,10.9134,10.4095,13.0257,7.1526,8.0000,8.0000,4.0000,4.0000,3.0000,3.0000,3.0000,8.4279,6.8371,4.9915,4.8082,3.5964,2.6334,3.2978,1.0000,1.0000,1.0000,1.0000,1.0000,1.0000,1.0000,1.4332,0.8682,1.0086,0.7276,1.0409,1.3026,0.7153,1.0000,1.0000,1.0000,1.0000,1.0000,1.0000,1.0000,1.0535,0.8546,1.2479,1.2020,1.1988,0.8778,1.0993,False,,0.081200,0.995615,9.9969,13.0903
524,left_only,-0.073389,2.193477,0.601703,2.629904,-1.576920,-0.410879,1.174759,0.000000,-0.200000,0.000000,0.400000,0.000000,0.000000,0.000000,16.8220,42.0887,16.6843,21.2811,10.6495,13.2101,12.2129,30.0000,30.0000,15.0000,15.0000,10.0000,10.0000,10.0000,8.2009,6.9066,2.0114,3.0036,4.3553,2.3264,3.7556,8.0000,8.0000,4.0000,4.0000,3.0000,3.0000,3.0000,0.5607,1.4030,1.1123,1.4187,1.0650,1.3210,1.2213,1.0000,1.0000,1.0000,1.0000,1.0000,1.0000,1.0000,1.0251,0.8633,0.5029,0.7509,1.4518,0.7755,1.2519,1.0000,1.0000,1.0000,1.0000,1.0000,1.0000,1.0000,True,1.4820,0.943109,0.085410,179.9809,88.4607
525,right_only,0.000000,0.200000,0.000000,0.400000,0.000000,0.000000,0.000000,-0.744976,-2.233816,2.609500,-0.755996,0.602764,-0.035596,-1.075623,30.0000,30.0000,15.0000,15.0000,10.0000,10.0000,10.0000,21.4229,35.8273,9.1249,19.5154,11.2506,6.0086,7.8681,8.0000,8.0000,4.0000,4.0000,3.0000,3.0000,3.0000,5.0974,10.3808,4.1318,2.0113,3.1287,2.9484,3.4292,1.0000,1.0000,1.0000,1.0000,1.0000,1.0000,1.0000,0.7141,1.1942,0.6083,1.3010,1.1251,0.6009,0.7868,1.0000,1.0000,1.0000,1.0000,1.0000,1.0000,1.0000,0.6372,1.2976,1.0330,0.5028,1.0429,0.9828,1.1431,False,,0.080172,0.997336,10.5500,17.4894
526,both,-2.975885,-0.246091,-0.679083,1.893662,0.829375,-0.205106,-0.721188,0.077522,-3.297514,0.146962,0.801527,-1.372860,0.018776,-0.718394,31.9296,19.4692,13.5854,15.1564,5.3170,11.1072,12.5032,37.2354,16.1397,15.7322,14.2529,11.2486,12.3110,8.2499,11.6486,5.6250,2.8348,3.2193,4.1723,2.7206,2.4054,9.0913,8.1946,2.5359,5.5269,3.7638,4.2650,3.6612,1.0643,0.6490,0.9057,1.0104,0.5317,1.1107,1.2503,1.2412,0.5380,1.0488,0.9502,1.1249,1.2311,0.8250,1.4561,0.7031,0.7087,0.8048,1.3908,0.9069,0.8018,1.1364,1.0243,0.6340,1.3817,1.2546,1.4217,1.2204,True,1.3020,0.890935,0.113156,179.9550,84.7973
527,both,-1.986961,1.247389,-0.466456,-0.802055,-0.645243,-0.142848,-1.260034,0.849951,-2.856155,-0.169601,2.290720,0.731813,-0.305850,0.300256,37.7279,40.6429,12.2798,8.0088,11.0795,7.2577,12.8090,38.9792,35.8110,22.1691,11.1515,8.3313,13.2149,5.6289,9.4391,10.1855,5.8701,4.3382,4.2129,3.4257,2.0452,9.0656,8.2838,2.6753,2.6605,3.9306,1.5463,3.7405,1.2576,1.3548,0.8187,0.5339,1.1079,0.7258,1.2809,1.2993,1.1937,1.4779,0.7434,0.8331,1.3215,0.5629,1.1799,1.2732,1.4675,1.0845,1.4043,1.1419,0.6817,1.1332,1.0355,0.6688,0.6651,1.3102,0.5154,1.2468,True,1.4760,0.872437,0.072692,179.3921,89.9959
528,both,0.310863,2.075790,-0.338035,-0.833036,1.608234,-0.346221,-0.556800,1.319348,-2.258965,-1.563361,3.070020,-2.255031,-0.313861,-0.156674,38.6302,41.5308,18.8345,22.1426,5.1685,11.1951,6.1635,44.2817,24.2428,7.5171,22.1519,9.1398,9.3093,12.1261,11.2829,11.4825,3.2121,5.3108,3.3908,1.8015,3.3083,8.8351,6.4159,2.3999,5.3095,2.9501,3.5174,4.0815,1.2877,1.3844,1.2556,1.4762,0.5168,1.1195,0.6163,1.4761,0.8081,0.5011,1.4768,0.9140,0.9309,1.2126,1.4104,1.4353,0.8030,1.3277,1.1303,0.6005,1.1028,1.1044,0.8020,0.6000,1.3274,0.9834,1.1725,1.3605,True,1.1720,0.907767,0.109230,179.9289,85.4523
529,both,-3.056528,2.868476,1.602679,2.960374,-1.664517,-0.164259,0.410156,1.220485,0.352290,-0.647097,1.277019,-1.767626,0.179427,0.856921,38.9595,25.3753,21.9490,9.3052,9.9397,10.5460,10.3651,25.6652,16.5340,19.2882,14.9579,10.3879,9.6896,7.6535,10.0631,8.8769,2.3085,2.7194,3.0967,3.5836,3.0425,6.2110,4.5080,4.8304,3.0875,2.3957,4.4805,2.6574,1.2986,0.8458,1.4633,0.6203,0.9940,1.0546,1.0365,0.8555,0.5511,1.2859,0.9972,1.0388,0.9690,0.7653,1.2579,1.1096,0.5771,0.6799,1.0322,1.1945,1.0142,0.7764,0.5635,1.2076,0.7719,0.7986,1.4935,0.8858,True,1.4420,0.889889,0.100655,179.9132,84.6996
530,both,-0.734616,1.080868,-1.014616,-0.925836,1.914145,-0.024833,0.558521,1.375273,-3.389298,0.817475,-0.460014,-0.112121,0.320773,-1.088400,44.6884,32.4251,13.4249,7.7927,10.8682,9.9489,7.1532,41.6568,43.2398,10.3377,13.3560,11.8682,5.4502,12.1694,7.9236,4.1023,5.9979,3.3285,2.9407,3.8543,3.6383,4.0391,11.3127,4.8727,4.2620,2.7867,4.4641,3.7095,1.4896,1.0808,0.8950,0.5195,1.0868,0.9949,0.7153,1.3886,1.4413,0.6892,0.8904,1.1868,0.5450,1.2169,0.9904,0.5128,1.4995,0.8321,0.9802,1.2848,1.2128,0.5049,1.4141,1.2182,1.0655,0.9289,1.4880,1.2365,True,1.2000,0.843410,0.072908,179.9184,89.0480
531,left_only,0.662350,2.739955,-2.535969,-0.724153,-1.867418,0.143576,0.314831,0.000000,-0.200000,0.000000,0.400000,0.000000,0.000000,0.000000,24.7549,44.1900,8.8966,19.1508,9.8088,9.1883,5.2556,30.0000,30.0000,15.0000,15.0000,10.0000,10.0000,10.0000,9.8224,10.1726,3.2758,4.0679,3.3193,2.6029,3.3467,8.0000,8.0000,4.0000,4.0000,3.0000,3.0000,3.0000,0.8252,1.4730,0.5931,1.2767,0.9809,0.9188,0.5256,1.0000,1.0000,1.0000,1.0000,1.0000,1.0000,1.0000,1.2278,1.2716,0.8190,1.0170,1.1064,0.8676,1.1156,1.0000,1.0000,1.0000,1.0000,1.0000,1.0000,1.0000,True,1.4600,0.847694,0.102812,179.9993,86.2818
532,both,-1.095262,2.939104,1.413970,-0.493635,1.595714,-0.150307,1.106344,-0.298121,-3.295755,1.153837,-0.410067,2.303061,0.414706,0.495950,30.9862,33.0619,13.9328,8.7537,14.2884,8.2919,8.1285,44.0336,42.0365,18.8918,8.8489,12.0213,14.8725,8.7329,5.5306,11.9393,5.7703,3.3977,2.2800,3.9161,2.7678,11.0526,7.2651,5.8853,4.6144,1.7895,2.9371,1.6492,1.0329,1.1021,0.9289,0.5836,1.4288,0.8292,0.8128,1.4678,1.4012,1.2595,0.5899,1.2021,1.4873,0.8733,0.6913,1.4924,1.4426,0.8494,0.7600,1.3054,0.9226,1.3816,0.9081,1.4713,1.1536,0.5965,0.9790,0.5497,True,1.3880,0.918403,0.119734,179.4791,87.2759
533,right_only,0.000000,0.200000,0.000000,0.400000,0.000000,0.000000,0.000000,-1.279193,0.060141,-1.693413,2.975845,-2.174443,0.152451,1.182841,30.0000,30.0000,15.0000,15.0000,10.0000,10.0000,10.0000,34.6246,41.9701,22.3655,17.1277,12.8226,5.3199,9.2731,8.0000,8.0000,4.0000,4.0000,3.0000,3.0000,3.0000,6.3061,10.5935,4.7103,4.4577,4.2947,1.7666,4.3615,1.0000,1.0000,1.0000,1.0000,1.0000,1.0000,1.0000,1.1542,1.3990,1.4910,1.1418,1.2823,0.5320,0.9273,1.0000,1.0000,1.0000,1.0000,1.0000,1.0000,1.0000,0.7883,1.3242,1.1776,1.1144,1.4316,0.5889,1.4538,True,1.6560,0.818170,0.102225,179.9990,86.4430
534,both,-2.665398,0.931726,0.913652,0.460297,0.921409,0.254762,0.834405,-2.295291,-2.711750,-2.713379,1.077218,-1.957806,-0.167798,0.864703,43.4598,39.6623,7.5097,16.0204,6.6666,8.7575,9.2792,21.5069,19.5932,20.9830,7.5277,12.4109,5.8723,11.1800,11.5435,9.0699,3.0706,4.5712,4.3556,1.6775,3.9480,8.9672,10.9022,5.2904,4.7407,2.6416,1.9992,3.4070,1.4487,1.3221,0.5006,1.0680,0.6667,0.8757,0.9279,0.7169,0.6531,1.3989,0.5018,1.2411,0.5872,1.1180,1.4429,1.1337,0.7677,1.1428,1.4519,0.5592,1.3160,1.1209,1.3628,1.3226,1.1852,0.8805,0.6664,1.1357,True,2.0900,1.465162,0.078982,93.1854,80.8843
535,left_only,-0.799272,-0.085378,2.758036,0.348553,-2.997669,0.371564,0.195709,0.000000,-0.200000,0.000000,0.400000,0.000000,0.000000,0.000000,36.9918,19.5800,13.5691,17.1759,7.5096,12.0150,7.3361,30.0000,30.0000,15.0000,15.0000,10.0000,10.0000,10.0000,5.6730,4.0930,3.1276,2.9869,3.7931,3.2091,2.0335,8.0000,8.0000,4.0000,4.0000,3.0000,3.0000,3.0000,1.2331,0.6527,0.9046,1.1451,0.7510,1.2015,0.7336,1.0000,1.0000,1.0000,1.0000,1.0000,1.0000,1.0000,0.7091,0.5116,0.7819,0.7467,1.2644,1.0697,0.6778,1.0000,1.0000,1.0000,1.0000,1.0000,1.0000,1.0000,False,,0.092963,1.001706,9.3353,12.4840
536,right_only,0.000000,0.200000,0.000000,0.400000,0.000000,0.000000,0.000000,-0.464120,-2.547823,-0.597402,2.718299,1.392916,0.139768,-0.555032,30.0000,30.0000,15.0000,15.0000,10.0000,10.0000,10.0000,18.7375,37.5885,16.0184,16.8414,14.7511,8.4832,13.0075,8.0000,8.0000,4.0000,4.0000,3.0000,3.0000,3.0000,8.4717,5.8821,2.2116,4.4640,2.3928,3.5864,3.6022,1.0000,1.0000,1.0000,1.0000,1.0000,1.0000,1.0000,0.6246,1.2529,1.0679,1.1228,1.4751,0.8483,1.3007,1.0000,1.0000,1.0000,1.0000,1.0000,1.0000,1.0000,1.0590,0.7353,0.5529,1.1160,0.7976,1.1955,1.2007,True,1.7500,0.822157,0.076601,179.7943,89.3491
537,both,-0.994781,1.647581,0.892521,0.985338,2.043655,-0.392261,1.218738,-2.982446,-2.613396,1.006106,-0.599114,-1.239885,-0.320072,0.567872,32.3680,16.9344,14.4020,10.6275,14.6770,6.0792,10.9806,25.9697,21.8137,8.7542,9.0263,14.5943,12.8846,7.4496,7.8548,8.6247,5.8260,3.3651,3.7463,2.8424,3.4823,8.2332,9.7139,3.4102,3.7600,3.6551,2.1824,3.0790,1.0789,0.5645,0.9601,0.7085,1.4677,0.6079,1.0981,0.8657,0.7271,0.5836,0.6018,1.4594,1.2885,0.7450,0.9818,1.0781,1.4565,0.8413,1.2488,0.9475,1.1608,1.0291,1.2142,0.8525,0.9400,1.2184,0.7275,1.0263,True,1.4520,0.855962,0.128781,172.2542,83.0968
538,left_only,-2.150485,-0.368367,1.253795,1.971004,2.725363,-0.295061,0.608534,0.000000,-0.200000,0.000000,0.400000,0.000000,0.000000,0.000000,43.4390,34.3374,21.9471,22.4166,13.0162,14.9929,11.2582,30.0000,30.0000,15.0000,15.0000,10.0000,10.0000,10.0000,7.9764,11.3411,5.3238,2.4404,2.4082,2.2819,4.0658,8.0000,8.0000,4.0000,4.0000,3.0000,3.0000,3.0000,1.4480,1.1446,1.4631,1.4944,1.3016,1.4993,1.1258,1.0000,1.0000,1.0000,1.0000,1.0000,1.0000,1.0000,0.9971,1.4176,1.3310,0.6101,0.8027,0.7606,1.3553,1.0000,1.0000,1.0000,1.0000,1.0000,1.0000,1.0000,True,3.9240,0.846970,0.505618,67.8796,65.8985
539,right_only,0.000000,0.200000,0.000000,0.400000,0.000000,0.000000,0.000000,-2.041414,-2.250711,-0.068468,-0.635626,2.786683,-0.008267,-0.786298,30.0000,30.0000,15.0000,15.0000,10.0000,10.0000,10.0000,23.1246,38.9425,17.0101,14.4694,8.3160,14.0068,12.7256,8.0000,8.0000,4.0000,4.0000,3.0000,3.0000,3.0000,9.7449,7.5680,5.9246,4.8403,2.7709,4.3817,4.1872,1.0000,1.0000,1.0000,1.0000,1.0000,1.0000,1.0000,0.7708,1.2981,1.1340,0.9646,0.8316,1.4007,1.2726,1.0000,1.0000,1.0000,1.0000,1.0000,1.0000,1.0000,1.2181,0.9460,1.4812,1.2101,0.9236,1.4606,1.3957,True,2.1440,1.099511,0.086035,99.2919,80.8919
540,both,0.345236,2.519245,-0.258032,1.145358,-1.906687,0.088242,-0.330412,-1.503566,0.184303,-2.075678,2.477791,-1.128741,-0.435994,-1.167224,27.8753,28.6338,12.3038,17.5317,9.8534,5.7411,8.4807,31.0649,24.3784,7.5872,17.2071,7.8971,7.5010,14.7483,4.8157,4.5033,2.8332,4.8023,3.5880,4.0842,3.7693,5.3939,4.2595,5.7976,3.2240,2.6803,1.7428,2.7122,0.9292,0.9545,0.8203,1.1688,0.9853,0.5741,0.8481,1.0355,0.8126,0.5058,1.1471,0.7897,0.7501,1.4748,0.6020,0.5629,0.7083,1.2006,1.1960,1.3614,1.2564,0.6742,0.5324,1.4494,0.8060,0.8934,0.5809,0.9041,True,1.5340,0.883952,0.093203,179.9674,87.3344
541,both,1.439162,2.243395,0.026587,0.319858,-0.901587,0.102886,-0.623697,-2.424327,-0.768256,1.919894,2.773356,2.096571,0.028305,0.733631,42.7907,15.7009,13.6815,10.5619,14.9677,14.2957,13.0219,24.0153,26.7241,14.3224,7.9046,13.6397,8.3795,6.9928,6.3670,11.6168,2.1170,2.7522,3.3506,3.8790,4.1509,7.2736,9.6845,5.4837,2.8615,2.0178,4.3313,3.1527,1.4264,0.5234,0.9121,0.7041,1.4968,1.4296,1.3022,0.8005,0.8908,0.9548,0.5270,1.3640,0.8379,0.6993,0.7959,1.4521,0.5293,0.6880,1.1169,1.2930,1.3836,0.9092,1.2106,1.3709,0.7154,0.6726,1.4438,1.0509,True,1.4060,0.911992,0.074292,179.9469,89.1778
542,right_only,0.000000,0.200000,0.000000,0.400000,0.000000,0.000000,0.000000,-1.417214,-2.646573,2.633055,2.020231,-1.494981,-0.378085,-0.763823,30.0000,30.0000,15.0000,15.0000,10.0000,10.0000,10.0000,22.4323,18.3326,10.9448,9.2517,8.7773,9.8620,9.5528,8.0000,8.0000,4.0000,4.0000,3.0000,3.0000,3.0000,10.6337,6.0320,5.5484,5.6325,4.3794,2.0429,2.2373,1.0000,1.0000,1.0000,1.0000,1.0000,1.0000,1.0000,0.7477,0.6111,0.7297,0.6168,0.8777,0.9862,0.9553,1.0000,1.0000,1.0000,1.0000,1.0000,1.0000,1.0000,1.3292,0.7540,1.3871,1.4081,1.4598,0.6810,0.7458,True,1.4280,0.835136,0.128416,179.9919,82.9368
543,right_only,0.000000,0.200000,0.000000,0.400000,0.000000,0.000000,0.000000,-0.201750,-2.867430,-2.524527,-0.645630,0.741422,0.281827,-0.612430,30.0000,30.0000,15.0000,15.0000,10.0000,10.0000,10.0000,43.0060,38.7581,8.6619,13.6095,5.6801,14.1519,12.4280,8.0000,8.0000,4.0000,4.0000,3.0000,3.0000,3.0000,9.4924,9.4616,3.1407,5.7342,4.2683,3.7185,2.9068,1.0000,1.0000,1.0000,1.0000,1.0000,1.0000,1.0000,1.4335,1.2919,0.5775,0.9073,0.5680,1.4152,1.2428,1.0000,1.0000,1.0000,1.0000,1.0000,1.0000,1.0000,1.1865,1.1827,0.7852,1.4335,1.4228,1.2395,0.9689,True,2.1620,0.848494,0.077073,179.8743,88.5018
544,right_only,0.000000,0.200000,0.000000,0.400000,0.000000,0.000000,0.000000,-2.918085,-3.292983,-2.226778,1.510508,1.847052,0.414831,-0.824580,30.0000,30.0000,15.0000,15.0000,10.0000,10.0000,10.0000,23.2658,16.6230,22.3357,19.2137,9.8071,10.7557,10.6217,8.0000,8.0000,4.0000,4.0000,3.0000,3.0000,3.0000,6.0349,5.4831,3.1879,2.9886,3.1726,2.4246,3.6868,1.0000,1.0000,1.0000,1.0000,1.0000,1.0000,1.0000,0.7755,0.5541,1.4890,1.2809,0.9807,1.0756,1.0622,1.0000,1.0000,1.0000,1.0000,1.0000,1.0000,1.0000,0.7544,0.6854,0.7970,0.7472,1.0575,0.8082,1.2289,True,1.8880,1.304499,0.085761,97.7393,77.3000
545,right_only,0.000000,0.200000,0.000000,0.400000,0.000000,0.000000,0.000000,-0.465004,-1.388043,2.383836,0.381551,0.909154,-0.462453,0.601786,30.0000,30.0000,15.0000,15.0000,10.0000,10.0000,10.0000,30.0763,21.2515,7.5227,18.1042,11.6270,11.6541,9.3745,8.0000,8.0000,4.0000,4.0000,3.0000,3.0000,3.0000,9.1144,8.5707,2.9556,4.0751,3.0438,3.9709,2.8005,1.0000,1.0000,1.0000,1.0000,1.0000,1.0000,1.0000,1.0025,0.7084,0.5015,1.2069,1.1627,1.1654,0.9375,1.0000,1.0000,1.0000,1.0000,1.0000,1.0000,1.0000,1.1393,1.0713,0.7389,1.0188,1.0146,1.3236,0.9335,False,,0.084982,0.996955,10.4881,15.3131
546,both,-1.086038,3.341049,2.411610,0.050641,2.233288,-0.334881,0.897613,-2.276547,-1.791219,2.568836,-0.549188,2.087178,-0.004871,-0.988082,43.5747,31.4769,20.7096,20.5366,5.1463,7.6484,8.3692,17.1212,20.3212,9.6155,16.7958,5.8732,13.2305,13.0666,8.2789,4.5749,3.5559,5.2586,2.0196,3.6038,2.8810,4.6405,11.1056,5.8366,2.1739,4.3510,2.3384,3.4943,1.4525,1.0492,1.3806,1.3691,0.5146,0.7648,0.8369,0.5707,0.6774,0.6410,1.1197,0.5873,1.3230,1.3067,1.0349,0.5719,0.8890,1.3146,0.6732,1.2013,0.9603,0.5801,1.3882,1.4592,0.5435,1.4503,0.7795,1.1648,True,1.5700,0.967585,0.131189,97.6880,81.3085
547,left_only,-2.316618,2.709983,2.113649,3.090550,2.706993,-0.392332,0.401228,0.000000,-0.200000,0.000000,0.400000,0.000000,0.000000,0.000000,23.1914,18.7673,9.7319,21.5466,11.8365,5.5046,14.8423,30.0000,30.0000,15.0000,15.0000,10.0000,10.0000,10.0000,10.4625,6.4734,3.8835,4.9063,3.5281,2.8892,3.0372,8.0000,8.0000,4.0000,4.0000,3.0000,3.0000,3.0000,0.7730,0.6256,0.6488,1.4364,1.1836,0.5505,1.4842,1.0000,1.0000,1.0000,1.0000,1.0000,1.0000,1.0000,1.3078,0.8092,0.9709,1.2266,1.1760,0.9631,1.0124,1.0000,1.0000,1.0000,1.0000,1.0000,1.0000,1.0000,True,1.3880,0.892218,0.079142,179.5288,87.7716
548,left_only,-2.936492,1.512394,-0.730800,0.227261,-1.456975,0.137776,-0.179686,0.000000,-0.200000,0.000000,0.400000,0.000000,0.000000,0.000000,27.7741,19.7756,21.9280,10.8589,9.0611,6.9020,12.0314,30.0000,30.0000,15.0000,15.0000,10.0000,10.0000,10.0000,7.4890,7.3092,5.5004,5.0379,3.0596,2.9058,4.3797,8.0000,8.0000,4.0000,4.0000,3.0000,3.0000,3.0000,0.9258,0.6592,1.4619,0.7239,0.9061,0.6902,1.2031,1.0000,1.0000,1.0000,1.0000,1.0000,1.0000,1.0000,0.9361,0.9136,1.3751,1.2595,1.0199,0.9686,1.4599,1.0000,1.0000,1.0000,1.0000,1.0000,1.0000,1.0000,False,,0.052534,1.001903,14.1765,15.7295
549,both,1.364937,2.284034,1.650039,2.763254,2.544418,-0.386396,1.263241,0.171235,-1.159425,-0.667342,0.439290,1.882251,0.142852,-0.760209,33.2973,19.2350,14.9531,16.2519,11.3568,6.4526,5.9560,41.7582,30.0256,9.0077,15.5245,11.7541,8.1990,5.0925,6.0697,8.8562,5.7267,5.1165,3.7371,2.4907,1.8351,8.9729,4.3208,3.7312,5.2991,4.4965,2.6109,1.5604,1.1099,0.6412,0.9969,1.0835,1.1357,0.6453,0.5956,1.3919,1.0009,0.6005,1.0350,1.1754,0.8199,0.5092,0.7587,1.1070,1.4317,1.2791,1.2457,0.8302,0.6117,1.1216,0.5401,0.9328,1.3248,1.4988,0.8703,0.5201,True,1.3020,0.942099,0.072680,179.9125,89.9462
550,right_only,0.000000,0.200000,0.000000,0.400000,0.000000,0.000000,0.000000,-0.818426,-2.355679,2.052034,1.988508,-0.421098,0.242376,-0.403337,30.0000,30.0000,15.0000,15.0000,10.0000,10.0000,10.0000,30.6529,42.6836,10.5024,12.1959,13.8559,9.6188,8.1789,8.0000,8.0000,4.0000,4.0000,3.0000,3.0000,3.0000,4.2984,7.3516,4.0024,3.6253,2.3324,2.6074,3.4273,1.0000,1.0000,1.0000,1.0000,1.0000,1.0000,1.0000,1.0218,1.4228,0.7002,0.8131,1.3856,0.9619,0.8179,1.0000,1.0000,1.0000,1.0000,1.0000,1.0000,1.0000,0.5373,0.9190,1.0006,0.9063,0.7775,0.8691,1.1424,True,1.6700,0.827830,0.186878,142.5748,70.3917
551,right_only,0.000000,0.200000,0.000000,0.400000,0.000000,0.000000,0.000000,1.057927,-0.944225,0.653741,2.423693,-1.798778,-0.183985,-1.141499,30.0000,30.0000,15.0000,15.0000,10.0000,10.0000,10.0000,25.4891,44.9647,12.4397,20.3966,5.8578,9.5971,8.5146,8.0000,8.0000,4.0000,4.0000,3.0000,3.0000,3.0000,5.6127,6.9801,4.6051,3.9612,4.0330,4.2148,2.9457,1.0000,1.0000,1.0000,1.0000,1.0000,1.0000,1.0000,0.8496,1.4988,0.8293,1.3598,0.5858,0.9597,0.8515,1.0000,1.0000,1.0000,1.0000,1.0000,1.0000,1.0000,0.7016,0.8725,1.1513,0.9903,1.3443,1.4049,0.9819,True,1.2580,0.869940,0.083038,160.9090,86.0147
552,left_only,1.483931,-0.107762,-1.093157,0.771018,0.346361,0.042485,0.172661,0.000000,-0.200000,0.000000,0.400000,0.000000,0.000000,0.000000,41.8875,23.3270,19.7528,15.8700,9.9049,7.9941,8.0407,30.0000,30.0000,15.0000,15.0000,10.0000,10.0000,10.0000,7.1078,10.1081,3.9069,2.6153,3.7796,3.4901,4.3477,8.0000,8.0000,4.0000,4.0000,3.0000,3.0000,3.0000,1.3963,0.7776,1.3169,1.0580,0.9905,0.7994,0.8041,1.0000,1.0000,1.0000,1.0000,1.0000,1.0000,1.0000,0.8885,1.2635,0.9767,0.6538,1.2599,1.1634,1.4492,1.0000,1.0000,1.0000,1.0000,1.0000,1.0000,1.0000,False,,0.095261,0.998293,9.1183,20.4013
553,right_only,0.000000,0.200000,0.000000,0.400000,0.000000,0.000000,0.000000,-0.646460,-0.926284,-0.292197,1.861622,-0.237966,-0.334983,1.236175,30.0000,30.0000,15.0000,15.0000,10.0000,10.0000,10.0000,36.6109,33.2588,14.7213,18.1714,6.2677,8.2611,6.2470,8.0000,8.0000,4.0000,4.0000,3.0000,3.0000,3.0000,5.0082,4.1708,5.0236,2.9092,3.9960,4.2133,2.0057,1.0000,1.0000,1.0000,1.0000,1.0000,1.0000,1.0000,1.2204,1.1086,0.9814,1.2114,0.6268,0.8261,0.6247,1.0000,1.0000,1.0000,1.0000,1.0000,1.0000,1.0000,0.6260,0.5213,1.2559,0.7273,1.3320,1.4044,0.6686,False,,0.094566,0.996793,9.6949,18.4965
554,left_only,0.198750,1.359956,2.550510,1.050643,-0.827686,-0.190027,1.025198,0.000000,-0.200000,0.000000,0.400000,0.000000,0.000000,0.000000,21.7854,39.8314,10.4128,17.1510,9.5107,6.0461,6.2593,30.0000,30.0000,15.0000,15.0000,10.0000,10.0000,10.0000,6.2521,10.1332,4.9158,2.8205,2.9286,1.7910,3.6478,8.0000,8.0000,4.0000,4.0000,3.0000,3.0000,3.0000,0.7262,1.3277,0.6942,1.1434,0.9511,0.6046,0.6259,1.0000,1.0000,1.0000,1.0000,1.0000,1.0000,1.0000,0.7815,1.2667,1.2289,0.7051,0.9762,0.5970,1.2159,1.0000,1.0000,1.0000,1.0000,1.0000,1.0000,1.0000,True,1.7540,0.844247,0.102712,179.7117,89.0859
555,right_only,0.000000,0.200000,0.000000,0.400000,0.000000,0.000000,0.000000,0.596453,-0.022525,2.012180,0.445495,-1.283885,0.366845,-0.899142,30.0000,30.0000,15.0000,15.0000,10.0000,10.0000,10.0000,16.7803,24.4273,18.9045,17.9130,14.8706,8.5953,7.7585,8.0000,8.0000,4.0000,4.0000,3.0000,3.0000,3.0000,7.0257,10.2580,2.8572,5.7910,3.0376,3.8494,3.9818,1.0000,1.0000,1.0000,1.0000,1.0000,1.0000,1.0000,0.5593,0.8142,1.2603,1.1942,1.4871,0.8595,0.7758,1.0000,1.0000,1.0000,1.0000,1.0000,1.0000,1.0000,0.8782,1.2823,0.7143,1.4477,1.0125,1.2831,1.3273,False,,0.097608,0.938896,11.4769,20.8634
556,both,-0.884781,2.422384,-0.592183,2.399133,1.735681,0.061240,-0.715905,1.429751,0.179584,0.504383,3.113429,0.146107,-0.115177,-0.100322,16.3772,31.4737,17.4935,9.1428,7.5560,12.2118,12.9359,38.8177,23.4769,10.6979,15.7320,6.1531,7.7875,6.6624,11.8869,6.0258,5.3658,2.6884,1.8926,3.6876,2.8376,6.5604,10.1240,2.4830,4.4475,3.2543,3.1144,2.9527,0.5459,1.0491,1.1662,0.6095,0.7556,1.2212,1.2936,1.2939,0.7826,0.7132,1.0488,0.6153,0.7787,0.6662,1.4859,0.7532,1.3414,0.6721,0.6309,1.2292,0.9459,0.8200,1.2655,0.6207,1.1119,1.0848,1.0381,0.9842,True,1.3640,1.039579,0.102726,179.8472,84.4207
557,both,-0.013217,2.839844,-1.741252,2.412362,-2.655900,-0.016535,0.029122,-2.209371,-3.061036,-2.585255,-0.796224,0.553896,-0.318686,0.784110,41.9686,23.7722,9.9670,13.6442,13.8157,8.9982,6.0834,29.4790,21.5785,14.6736,10.9415,11.2220,12.5989,14.6943,11.8773,7.9974,3.3695,5.5745,4.2822,2.9904,2.4201,10.7406,4.6891,2.8461,4.1268,2.2728,1.5431,3.7644,1.3990,0.7924,0.6645,0.9096,1.3816,0.8998,0.6083,0.9826,0.7193,0.9782,0.7294,1.1222,1.2599,1.4694,1.4847,0.9997,0.8424,1.3936,1.4274,0.9968,0.8067,1.3426,0.5861,0.7115,1.0317,0.7576,0.5144,1.2548,True,1.3780,1.200255,0.080079,88.6788,86.0711
558,left_only,-1.454894,-0.130142,0.225102,3.085872,0.898382,-0.315641,0.036311,0.000000,-0.200000,0.000000,0.400000,0.000000,0.000000,0.000000,42.0517,16.6273,17.0684,18.3191,12.0401,6.5017,14.0728,30.0000,30.0000,15.0000,15.0000,10.0000,10.0000,10.0000,6.5782,4.4139,2.3329,3.8303,1.6199,3.8387,4.0975,8.0000,8.0000,4.0000,4.0000,3.0000,3.0000,3.0000,1.4017,0.5542,1.1379,1.2213,1.2040,0.6502,1.4073,1.0000,1.0000,1.0000,1.0000,1.0000,1.0000,1.0000,0.8223,0.5517,0.5832,0.9576,0.5400,1.2796,1.3658,1.0000,1.0000,1.0000,1.0000,1.0000,1.0000,1.0000,True,3.2200,1.108360,0.122113,101.9316,65.3947
559,right_only,0.000000,0.200000,0.000000,0.400000,0.000000,0.000000,0.000000,-3.077013,-0.338149,2.553441,-0.824579,1.425811,0.461662,0.754681,30.0000,30.0000,15.0000,15.0000,10.0000,10.0000,10.0000,30.1607,41.5447,18.1190,11.8868,7.2432,10.1254,8.7299,8.0000,8.0000,4.0000,4.0000,3.0000,3.0000,3.0000,6.6357,5.4234,5.3811,4.8201,2.4940,2.2130,1.8844,1.0000,1.0000,1.0000,1.0000,1.0000,1.0000,1.0000,1.0054,1.3848,1.2079,0.7925,0.7243,1.0125,0.8730,1.0000,1.0000,1.0000,1.0000,1.0000,1.0000,1.0000,0.8295,0.6779,1.3453,1.2050,0.8313,0.7377,0.6281,False,,0.101717,0.995949,11.3938,14.0884
560,left_only,-2.610064,1.984308,-2.043007,3.015678,-1.402182,-0.438631,0.902537,0.000000,-0.200000,0.000000,0.400000,0.000000,0.000000,0.000000,26.0276,25.2890,9.2793,17.4063,8.5879,13.2299,11.3062,30.0000,30.0000,15.0000,15.0000,10.0000,10.0000,10.0000,11.0393,8.9805,5.1171,4.7862,2.8878,3.5660,3.4909,8.0000,8.0000,4.0000,4.0000,3.0000,3.0000,3.0000,0.8676,0.8430,0.6186,1.1604,0.8588,1.3230,1.1306,1.0000,1.0000,1.0000,1.0000,1.0000,1.0000,1.0000,1.3799,1.1226,1.2793,1.1965,0.9626,1.1887,1.1636,1.0000,1.0000,1.0000,1.0000,1.0000,1.0000,1.0000,True,1.6160,0.911898,0.095676,179.9931,87.1188
561,right_only,0.000000,0.200000,0.000000,0.400000,0.000000,0.000000,0.000000,-3.108426,-0.759149,-1.523556,1.287728,-2.108726,-0.441204,-1.231596,30.0000,30.0000,15.0000,15.0000,10.0000,10.0000,10.0000,19.7458,15.5968,9.4860,15.8876,9.0027,14.8075,13.0869,8.0000,8.0000,4.0000,4.0000,3.0000,3.0000,3.0000,5.1742,7.3343,3.7239,3.4485,2.9868,3.5096,3.4227,1.0000,1.0000,1.0000,1.0000,1.0000,1.0000,1.0000,0.6582,0.5199,0.6324,1.0592,0.9003,1.4807,1.3087,1.0000,1.0000,1.0000,1.0000,1.0000,1.0000,1.0000,0.6468,0.9168,0.9310,0.8621,0.9956,1.1699,1.1409,False,,0.089282,0.996497,8.4116,17.1580
562,both,-1.458063,2.285073,-1.018618,2.500482,2.544783,-0.189869,0.723109,0.691236,-1.544914,-2.512473,2.296931,-0.402925,-0.270034,0.321692,28.1081,17.6272,22.2551,11.1699,10.1097,11.6729,6.1509,26.0626,30.5031,21.2996,19.7485,8.8648,13.8621,8.7816,9.9153,9.1863,3.9750,4.1133,4.3644,4.2327,1.8359,6.1695,8.8791,3.4236,4.4896,2.7291,3.8873,4.3629,0.9369,0.5876,1.4837,0.7447,1.0110,1.1673,0.6151,0.8688,1.0168,1.4200,1.3166,0.8865,1.3862,0.8782,1.2394,1.1483,0.9938,1.0283,1.4548,1.4109,0.6120,0.7712,1.1099,0.8559,1.1224,0.9097,1.2958,1.4543,True,1.2820,0.885488,0.096966,145.8766,86.8951
563,right_only,0.000000,0.200000,0.000000,0.400000,0.000000,0.000000,0.000000,-1.866844,-1.472162,1.097532,-0.295316,1.834419,0.076749,-0.889659,30.0000,30.0000,15.0000,15.0000,10.0000,10.0000,10.0000,41.0469,27.8010,10.1493,10.4309,12.8551,14.3572,8.7825,8.0000,8.0000,4.0000,4.0000,3.0000,3.0000,3.0000,4.6306,4.8066,4.6179,3.4830,2.7784,2.5111,2.8966,1.0000,1.0000,1.0000,1.0000,1.0000,1.0000,1.0000,1.3682,0.9267,0.6766,0.6954,1.2855,1.4357,0.8782,1.0000,1.0000,1.0000,1.0000,1.0000,1.0000,1.0000,0.5788,0.6008,1.1545,0.8708,0.9261,0.8370,0.9655,False,,0.093777,1.000474,9.4967,12.7599
564,both,-0.108882,1.665506,-1.728751,1.079022,-0.356869,0.042307,-0.988898,-2.416887,-1.395677,-1.448283,1.647901,-0.602952,-0.258320,0.397243,26.8172,19.7284,19.6321,13.9764,14.1507,6.9340,13.7635,36.0246,43.9761,20.1935,19.7570,12.2563,11.4608,13.8686,10.5273,4.8313,4.1267,4.6147,2.9864,2.6708,4.3315,8.9073,4.6023,4.3303,2.4113,4.3479,3.4400,3.1669,0.8939,0.6576,1.3088,0.9318,1.4151,0.6934,1.3764,1.2008,1.4659,1.3462,1.3171,1.2256,1.1461,1.3869,1.3159,0.6039,1.0317,1.1537,0.9955,0.8903,1.4438,1.1134,0.5753,1.0826,0.6028,1.4493,1.1467,1.0556,True,1.5320,0.871439,0.106303,179.9834,85.8891
565,both,-2.208262,1.569600,-0.717849,1.839345,0.471400,-0.000641,-0.628038,-0.663750,-1.654786,1.816678,2.743613,1.623275,-0.166833,-1.173253,42.7601,44.7604,9.4053,17.7842,9.2515,6.4852,14.9810,30.5008,16.1580,16.6728,20.3957,5.0279,6.5996,10.1799,11.4658,11.8609,2.5756,3.9677,4.1873,3.5255,2.8038,8.4877,6.7468,2.1117,4.9744,2.2288,3.4337,3.1774,1.4253,1.4920,0.6270,1.1856,0.9251,0.6485,1.4981,1.0167,0.5386,1.1115,1.3597,0.5028,0.6600,1.0180,1.4332,1.4826,0.6439,0.9919,1.3958,1.1752,0.9346,1.0610,0.8434,0.5279,1.2436,0.7429,1.1446,1.0591,True,1.2920,0.827265,0.096242,179.9819,87.0999
566,left_only,-1.110753,1.851294,1.280870,1.413369,0.201346,-0.059128,-0.177712,0.000000,-0.200000,0.000000,0.400000,0.000000,0.000000,0.000000,29.7290,28.5623,14.0854,10.6556,12.2484,6.3295,14.0871,30.0000,30.0000,15.0000,15.0000,10.0000,10.0000,10.0000,8.9988,4.3912,4.6360,3.4461,4.2893,4.3082,4.0378,8.0000,8.0000,4.0000,4.0000,3.0000,3.0000,3.0000,0.9910,0.9521,0.9390,0.7104,1.2248,0.6330,1.4087,1.0000,1.0000,1.0000,1.0000,1.0000,1.0000,1.0000,1.1248,0.5489,1.1590,0.8615,1.4298,1.4361,1.3459,1.0000,1.0000,1.0000,1.0000,1.0000,1.0000,1.0000,True,1.6700,0.853396,0.112728,179.7352,85.0085
567,right_only,0.000000,0.200000,0.000000,0.400000,0.000000,0.000000,0.000000,-0.465432,0.074492,0.674412,2.664283,-1.828094,0.373867,0.410440,30.0000,30.0000,15.0000,15.0000,10.0000,10.0000,10.0000,24.0982,44.9344,17.8033,21.1262,5.0559,10.5234,12.1253,8.0000,8.0000,4.0000,4.0000,3.0000,3.0000,3.0000,4.1099,10.1005,4.6058,3.0990,3.5668,1.8927,3.9721,1.0000,1.0000,1.0000,1.0000,1.0000,1.0000,1.0000,0.8033,1.4978,1.1869,1.4084,0.5056,1.0523,1.2125,1.0000,1.0000,1.0000,1.0000,1.0000,1.0000,1.0000,0.5137,1.2626,1.1514,0.7748,1.1889,0.6309,1.3240,True,1.6860,0.804524,0.082910,169.8974,88.7439
568,right_only,0.000000,0.200000,0.000000,0.400000,0.000000,0.000000,0.000000,0.939920,-1.564897,-0.132803,0.710485,-0.760876,0.344931,-0.495622,30.0000,30.0000,15.0000,15.0000,10.0000,10.0000,10.0000,27.0855,23.9975,17.3507,19.7133,6.6434,7.5474,6.0411,8.0000,8.0000,4.0000,4.0000,3.0000,3.0000,3.0000,5.2815,7.2551,5.1035,4.1665,1.6598,3.3753,3.8859,1.0000,1.0000,1.0000,1.0000,1.0000,1.0000,1.0000,0.9029,0.7999,1.1567,1.3142,0.6643,0.7547,0.6041,1.0000,1.0000,1.0000,1.0000,1.0000,1.0000,1.0000,0.6602,0.9069,1.2759,1.0416,0.5533,1.1251,1.2953,True,1.3720,0.851346,0.076925,173.2551,88.5491
569,left_only,-1.286767,0.546148,1.671527,-0.851267,1.687804,0.281440,0.985484,0.000000,-0.200000,0.000000,0.400000,0.000000,0.000000,0.000000,17.6844,18.2328,20.5913,14.6289,8.9234,10.7329,5.5858,30.0000,30.0000,15.0000,15.0000,10.0000,10.0000,10.0000,9.1497,11.5607,4.7029,3.8581,4.3826,3.5655,1.6709,8.0000,8.0000,4.0000,4.0000,3.0000,3.0000,3.0000,0.5895,0.6078,1.3728,0.9753,0.8923,1.0733,0.5586,1.0000,1.0000,1.0000,1.0000,1.0000,1.0000,1.0000,1.1437,1.4451,1.1757,0.9645,1.4609,1.1885,0.5570,1.0000,1.0000,1.0000,1.0000,1.0000,1.0000,1.0000,False,,0.111861,0.998014,11.0854,16.8846
570,left_only,0.015919,-0.154350,-0.918007,1.592773,-1.768052,-0.427175,0.299602,0.000000,-0.200000,0.000000,0.400000,0.000000,0.000000,0.000000,23.5757,30.9889,11.4172,17.7964,13.9570,5.8656,12.8632,30.0000,30.0000,15.0000,15.0000,10.0000,10.0000,10.0000,5.2488,6.6353,3.4295,2.8252,1.7257,3.8055,3.8809,8.0000,8.0000,4.0000,4.0000,3.0000,3.0000,3.0000,0.7859,1.0330,0.7611,1.1864,1.3957,0.5866,1.2863,1.0000,1.0000,1.0000,1.0000,1.0000,1.0000,1.0000,0.6561,0.8294,0.8574,0.7063,0.5752,1.2685,1.2936,1.0000,1.0000,1.0000,1.0000,1.0000,1.0000,1.0000,False,,0.089405,1.003615,8.3208,14.6372
571,both,1.555085,3.152804,-0.195578,-0.399107,-2.948368,0.029154,0.915839,-1.878173,-2.648002,-0.521134,2.740291,-0.148359,0.206009,-0.095183,26.1888,28.2274,19.0260,18.8161,9.3176,7.6762,6.3913,44.8296,43.8779,11.5327,9.6765,6.5330,13.9561,6.0235,4.0110,4.9061,2.6586,4.7598,3.9537,3.7108,3.6697,6.7212,8.2428,4.4538,4.3829,3.8592,3.2151,4.0531,0.8730,0.9409,1.2684,1.2544,0.9318,0.7676,0.6391,1.4943,1.4626,0.7688,0.6451,0.6533,1.3956,0.6023,0.5014,0.6133,0.6647,1.1899,1.3179,1.2369,1.2232,0.8401,1.0303,1.1135,1.0957,1.2864,1.0717,1.3510,True,1.4700,0.862643,0.192242,139.0539,74.0360
572,both,-2.741392,2.866889,0.685318,-0.029288,2.621801,0.406754,0.878144,1.153618,-1.955504,-1.718346,-0.194607,2.282857,0.302134,1.221583,40.4476,33.9710,9.6342,9.9727,9.7370,12.6780,6.7328,26.8065,15.3785,15.5685,18.9120,14.6882,13.9223,5.8699,11.3241,9.4703,3.2492,5.5430,3.2959,3.6995,2.6563,11.8442,5.1958,2.1645,4.9957,4.2177,4.3493,3.9749,1.3483,1.1324,0.6423,0.6648,0.9737,1.2678,0.6733,0.8936,0.5126,1.0379,1.2608,1.4688,1.3922,0.5870,1.4155,1.1838,0.8123,1.3858,1.0986,1.2332,0.8854,1.4805,0.6495,0.5411,1.2489,1.4059,1.4498,1.3250,True,1.3320,0.955024,0.076852,179.9592,87.8202
573,both,-2.174892,0.202131,-2.325649,1.453532,-0.203606,-0.361413,-0.089339,-0.467906,-0.667232,-0.661500,0.364796,1.084312,0.170407,-0.583111,15.5947,43.3707,18.8293,10.5166,10.6567,10.9495,6.2599,23.9250,16.7371,9.9742,22.0956,11.2359,13.3109,5.2152,5.5333,11.6537,4.0320,2.7658,3.8927,2.9117,3.4152,10.1237,7.8796,4.6612,3.4328,3.3626,1.6069,1.6368,0.5198,1.4457,1.2553,0.7011,1.0657,1.0949,0.6260,0.7975,0.5579,0.6649,1.4730,1.1236,1.3311,0.5215,0.6917,1.4567,1.0080,0.6914,1.2976,0.9706,1.1384,1.2655,0.9850,1.1653,0.8582,1.1209,0.5356,0.5456,True,2.4340,1.260303,0.100344,80.6536,69.9256
574,left_only,0.622519,0.090479,-2.580711,2.818445,-1.480537,0.076204,0.860849,0.000000,-0.200000,0.000000,0.400000,0.000000,0.000000,0.000000,37.3772,16.3988,15.9142,15.6270,8.5008,12.5356,14.6401,30.0000,30.0000,15.0000,15.0000,10.0000,10.0000,10.0000,5.1775,5.1618,4.9389,3.8177,3.8857,1.9232,1.6196,8.0000,8.0000,4.0000,4.0000,3.0000,3.0000,3.0000,1.2459,0.5466,1.0609,1.0418,0.8501,1.2536,1.4640,1.0000,1.0000,1.0000,1.0000,1.0000,1.0000,1.0000,0.6472,0.6452,1.2347,0.9544,1.2952,0.6411,0.5399,1.0000,1.0000,1.0000,1.0000,1.0000,1.0000,1.0000,True,1.5900,0.779057,0.072793,179.9876,88.9589
575,both,0.147270,3.380008,-2.122494,2.619715,-0.790731,-0.446970,0.025455,-1.826597,-0.778936,-1.378000,1.039422,-1.594744,0.303494,1.080596,27.1001,28.4664,22.2403,9.6317,13.0862,10.6728,13.8073,15.5975,23.3562,13.6259,15.7168,5.6857,12.9043,13.2550,6.3394,6.3693,3.3033,2.0665,2.0097,4.4838,2.2468,5.7053,10.3873,3.4457,3.6924,4.3092,4.1757,2.6253,0.9033,0.9489,1.4827,0.6421,1.3086,1.0673,1.3807,0.5199,0.7785,0.9084,1.0478,0.5686,1.2904,1.3255,0.7924,0.7962,0.8258,0.5166,0.6699,1.4946,0.7489,0.7132,1.2984,0.8614,0.9231,1.4364,1.3919,0.8751,True,1.4100,1.219996,0.090274,99.8533,85.4146
576,right_only,0.000000,0.200000,0.000000,0.400000,0.000000,0.000000,0.000000,-0.841000,-2.316940,-0.087488,1.866280,-2.216234,0.388353,0.555940,30.0000,30.0000,15.0000,15.0000,10.0000,10.0000,10.0000,17.9026,41.0697,18.6552,12.1969,10.2143,13.6013,14.6813,8.0000,8.0000,4.0000,4.0000,3.0000,3.0000,3.0000,6.2486,9.2045,5.4410,5.9527,1.7122,3.0109,4.1210,1.0000,1.0000,1.0000,1.0000,1.0000,1.0000,1.0000,0.5968,1.3690,1.2437,0.8131,1.0214,1.3601,1.4681,1.0000,1.0000,1.0000,1.0000,1.0000,1.0000,1.0000,0.7811,1.1506,1.3602,1.4882,0.5707,1.0036,1.3737,True,1.3120,0.838014,0.076221,172.9504,88.6026
577,both,-3.125125,1.272749,0.652407,1.224405,1.210771,-0.401892,0.724958,-1.806267,-0.284413,-0.631503,-0.772746,2.802149,0.259508,-0.386547,23.1008,32.6689,22.3094,11.8525,14.4827,8.3039,12.0410,42.6277,34.7562,10.3423,16.3814,6.8039,13.7444,5.4983,7.0539,4.6804,5.7448,2.6557,4.3341,1.8099,2.3008,8.2382,4.5078,4.7801,5.7432,3.9932,2.6152,2.2107,0.7700,1.0890,1.4873,0.7902,1.4483,0.8304,1.2041,1.4209,1.1585,0.6895,1.0921,0.6804,1.3744,0.5498,0.8817,0.5851,1.4362,0.6639,1.4447,0.6033,0.7669,1.0298,0.5635,1.1950,1.4358,1.3311,0.8717,0.7369,True,1.8880,1.183344,0.133737,85.5598,76.4645
578,both,-2.569961,2.922299,-2.200111,1.647065,-0.894539,0.458595,0.022411,-0.555195,0.069620,2.487841,1.460419,1.836009,0.124659,-0.184403,16.7195,36.5323,18.0039,9.2505,7.3007,12.3213,6.4971,37.3154,40.8526,7.9499,18.3983,8.1419,13.3864,5.7572,9.5275,9.7438,3.4134,3.0327,2.6191,2.5776,3.3211,8.4094,8.3894,3.3060,5.8812,1.8208,1.9092,3.4328,0.5573,1.2177,1.2003,0.6167,0.7301,1.2321,0.6497,1.2438,1.3618,0.5300,1.2266,0.8142,1.3386,0.5757,1.1909,1.2180,0.8533,0.7582,0.8730,0.8592,1.1070,1.0512,1.0487,0.8265,1.4703,0.6069,0.6364,1.1443,True,1.6220,0.955007,0.072640,179.7590,89.9967
579,left_only,-0.717651,0.619686,-0.934779,-0.301494,1.988321,0.064305,-0.648120,0.000000,-0.200000,0.000000,0.400000,0.000000,0.000000,0.000000,26.8026,42.2006,20.8026,8.5366,11.5410,6.5297,7.1088,30.0000,30.0000,15.0000,15.0000,10.0000,10.0000,10.0000,10.9137,11.1615,2.3308,5.4957,3.6855,3.8271,3.8754,8.0000,8.0000,4.0000,4.0000,3.0000,3.0000,3.0000,0.8934,1.4067,1.3868,0.5691,1.1541,0.6530,0.7109,1.0000,1.0000,1.0000,1.0000,1.0000,1.0000,1.0000,1.3642,1.3952,0.5827,1.3739,1.2285,1.2757,1.2918,1.0000,1.0000,1.0000,1.0000,1.0000,1.0000,1.0000,False,,0.081844,0.998571,10.9190,16.9491
580,right_only,0.000000,0.200000,0.000000,0.400000,0.000000,0.000000,0.000000,-0.750931,0.179311,-1.873961,1.135506,-0.915137,0.298249,-1.059940,30.0000,30.0000,15.0000,15.0000,10.0000,10.0000,10.0000,28.0104,38.2043,12.1851,11.1071,7.6255,12.1359,7.8678,8.0000,8.0000,4.0000,4.0000,3.0000,3.0000,3.0000,7.2215,8.3653,5.7630,5.1774,2.0558,4.1493,4.0343,1.0000,1.0000,1.0000,1.0000,1.0000,1.0000,1.0000,0.9337,1.2735,0.8123,0.7405,0.7625,1.2136,0.7868,1.0000,1.0000,1.0000,1.0000,1.0000,1.0000,1.0000,0.9027,1.0457,1.4408,1.2943,0.6853,1.3831,1.3448,False,,0.103532,0.999074,9.6551,16.5710
581,left_only,0.370007,1.573905,-2.264149,1.988517,-0.024349,-0.175958,-1.244757,0.000000,-0.200000,0.000000,0.400000,0.000000,0.000000,0.000000,21.9315,33.1707,9.1846,17.3313,13.1967,8.1818,5.8199,30.0000,30.0000,15.0000,15.0000,10.0000,10.0000,10.0000,5.1176,6.8633,5.2537,4.5371,4.1037,4.4833,2.1077,8.0000,8.0000,4.0000,4.0000,3.0000,3.0000,3.0000,0.7310,1.1057,0.6123,1.1554,1.3197,0.8182,0.5820,1.0000,1.0000,1.0000,1.0000,1.0000,1.0000,1.0000,0.6397,0.8579,1.3134,1.1343,1.3679,1.4944,0.7026,1.0000,1.0000,1.0000,1.0000,1.0000,1.0000,1.0000,True,1.3500,0.853457,0.110657,179.9948,85.3507
582,right_only,0.000000,0.200000,0.000000,0.400000,0.000000,0.000000,0.000000,0.132609,-1.636567,-0.211979,0.394651,-0.777130,0.163061,0.306839,30.0000,30.0000,15.0000,15.0000,10.0000,10.0000,10.0000,24.5551,18.5574,16.1736,18.5909,10.5862,5.0365,7.8232,8.0000,8.0000,4.0000,4.0000,3.0000,3.0000,3.0000,10.2286,9.9404,2.0416,3.8812,2.8120,3.4568,1.8749,1.0000,1.0000,1.0000,1.0000,1.0000,1.0000,1.0000,0.8185,0.6186,1.0782,1.2394,1.0586,0.5037,0.7823,1.0000,1.0000,1.0000,1.0000,1.0000,1.0000,1.0000,1.2786,1.2425,0.5104,0.9703,0.9373,1.1523,0.6250,True,1.3900,0.870247,0.087942,179.9874,88.0051
583,both,-0.213134,3.199350,-0.552180,0.443282,-2.847145,-0.409410,1.096194,1.454614,-3.378675,2.096854,-0.231545,0.483426,0.164780,-0.357991,30.8696,33.8263,10.4089,22.4138,7.0388,5.1034,14.4428,28.7293,41.3711,21.1699,12.2573,14.5955,13.6493,14.2763,7.4330,7.1890,3.1027,2.1033,2.2937,2.6799,3.0610,9.6506,5.5862,2.7809,5.6346,3.0211,4.1714,3.6616,1.0290,1.1275,0.6939,1.4943,0.7039,0.5103,1.4443,0.9576,1.3790,1.4113,0.8172,1.4596,1.3649,1.4276,0.9291,0.8986,0.7757,0.5258,0.7646,0.8933,1.0203,1.2063,0.6983,0.6952,1.4087,1.0070,1.3905,1.2205,True,1.3240,0.830864,0.152182,179.9169,80.2182
584,both,-2.139067,1.074392,2.827569,-0.869123,1.106003,0.442871,-1.005467,-1.858914,-1.332290,1.774147,1.141894,-2.406727,-0.344855,-0.315104,24.6762,21.5904,20.1019,7.9032,13.2934,14.2168,11.3011,23.2924,34.6813,14.3256,9.6846,5.0132,7.7044,10.4906,9.0028,5.1921,4.2733,3.5007,2.1871,3.2500,1.5036,8.2764,5.0486,4.4548,5.9957,3.2546,3.0829,3.3679,0.8225,0.7197,1.3401,0.5269,1.3293,1.4217,1.1301,0.7764,1.1560,0.9550,0.6456,0.5013,0.7704,1.0491,1.1254,0.6490,1.0683,0.8752,0.7290,1.0833,0.5012,1.0345,0.6311,1.1137,1.4989,1.0849,1.0276,1.1226,True,1.5980,0.872426,0.072726,179.9867,89.9986
585,left_only,1.003250,3.195878,-2.427340,-0.103376,-2.343199,0.251927,-1.154270,0.000000,-0.200000,0.000000,0.400000,0.000000,0.000000,0.000000,42.0790,15.6167,16.5382,11.6336,9.7056,9.4189,12.4889,30.0000,30.0000,15.0000,15.0000,10.0000,10.0000,10.0000,7.9731,7.3698,4.9211,5.7032,3.8818,3.7102,2.9632,8.0000,8.0000,4.0000,4.0000,3.0000,3.0000,3.0000,1.4026,0.5206,1.1025,0.7756,0.9706,0.9419,1.2489,1.0000,1.0000,1.0000,1.0000,1.0000,1.0000,1.0000,0.9966,0.9212,1.2303,1.4258,1.2939,1.2367,0.9877,1.0000,1.0000,1.0000,1.0000,1.0000,1.0000,1.0000,True,1.2660,0.880366,0.129229,179.9946,82.8871
586,both,1.100016,1.458265,2.614720,2.366069,-2.144501,-0.419032,0.611773,0.090302,-1.124104,2.525277,1.302515,-0.746097,0.060093,-1.197834,32.3779,42.0729,7.5650,20.1796,13.0193,6.0610,13.4683,42.9252,36.8799,18.5411,21.8390,5.0579,7.4449,11.5797,10.1084,7.9284,2.9809,3.1524,3.3368,2.2389,2.4761,7.5062,4.9024,5.1249,2.1883,3.1316,3.1874,3.4079,1.0793,1.4024,0.5043,1.3453,1.3019,0.6061,1.3468,1.4308,1.2293,1.2361,1.4559,0.5058,0.7445,1.1580,1.2635,0.9910,0.7452,0.7881,1.1123,0.7463,0.8254,0.9383,0.6128,1.2812,0.5471,1.0439,1.0625,1.1360,True,1.2620,0.896839,0.081855,179.8245,86.2634
587,left_only,-1.653400,-0.290788,2.380535,2.887616,-0.233745,-0.443408,0.205413,0.000000,-0.200000,0.000000,0.400000,0.000000,0.000000,0.000000,24.4779,20.4746,10.0343,10.1888,8.3084,7.8062,13.3642,30.0000,30.0000,15.0000,15.0000,10.0000,10.0000,10.0000,7.9625,7.4212,2.5833,5.5036,1.6645,2.2186,3.3644,8.0000,8.0000,4.0000,4.0000,3.0000,3.0000,3.0000,0.8159,0.6825,0.6690,0.6793,0.8308,0.7806,1.3364,1.0000,1.0000,1.0000,1.0000,1.0000,1.0000,1.0000,0.9953,0.9276,0.6458,1.3759,0.5548,0.7395,1.1215,1.0000,1.0000,1.0000,1.0000,1.0000,1.0000,1.0000,True,2.6820,1.148112,0.126599,84.9637,68.5031
588,both,0.167892,2.648372,-0.333648,0.482037,-1.347943,0.062988,-0.384466,-1.594676,-3.336153,2.366952,-0.699746,-1.189780,0.389813,0.597784,32.3442,34.8244,8.9559,19.6297,7.5011,14.5621,7.3137,23.8645,33.8016,16.7830,14.5617,11.5536,12.4358,11.1900,9.0029,8.3626,2.5724,3.4517,3.8439,2.1378,4.3886,8.4800,8.8530,3.6078,2.2835,1.9791,3.3201,4.2815,1.0781,1.1608,0.5971,1.3086,0.7501,1.4562,0.7314,0.7955,1.1267,1.1189,0.9708,1.1554,1.2436,1.1190,1.1254,1.0453,0.6431,0.8629,1.2813,0.7126,1.4629,1.0600,1.1066,0.9020,0.5709,0.6597,1.1067,1.4272,True,1.3160,0.876801,0.253633,121.9602,62.8857
589,both,-3.018762,1.676453,-1.230812,1.369986,1.308026,0.217794,0.571210,0.528730,-3.125532,-0.120694,0.131145,2.556518,0.261663,-0.996836,22.2974,28.6566,21.9436,9.1451,10.6797,8.4129,11.4634,25.4193,33.2934,11.5113,16.0345,5.0820,8.7445,13.2639,9.1897,5.9247,5.1432,2.3650,3.9544,2.1359,3.2687,7.7041,7.9941,4.4863,3.7368,4.1012,2.7100,4.3277,0.7432,0.9552,1.4629,0.6097,1.0680,0.8413,1.1463,0.8473,1.1098,0.7674,1.0690,0.5082,0.8745,1.3264,1.1487,0.7406,1.2858,0.5913,1.3181,0.7120,1.0896,0.9630,0.9993,1.1216,0.9342,1.3671,0.9033,1.4426,True,1.2540,0.855398,0.103613,179.9667,86.1997
590,both,0.990378,1.211712,-0.585909,1.844474,1.340567,-0.290578,-0.657745,-2.451151,-0.524585,1.040659,-0.169208,0.342399,0.244421,1.135453,20.3557,24.1299,12.7251,16.8747,6.3642,6.9343,12.8044,16.7950,41.4481,20.8147,7.5387,11.4120,5.9368,13.1014,8.3364,5.2831,3.5537,2.5380,2.5881,2.7006,1.8363,11.0365,8.9329,4.4526,3.4859,2.2484,2.9978,1.9012,0.6785,0.8043,0.8483,1.1250,0.6364,0.6934,1.2804,0.5598,1.3816,1.3876,0.5026,1.1412,0.5937,1.3101,1.0421,0.6604,0.8884,0.6345,0.8627,0.9002,0.6121,1.3796,1.1166,1.1132,0.8715,0.7495,0.9993,0.6337,True,1.7820,0.971974,0.072304,179.8396,88.1678
591,right_only,0.000000,0.200000,0.000000,0.400000,0.000000,0.000000,0.000000,0.026179,-1.623072,-2.003000,1.479738,1.831088,0.082139,0.075340,30.0000,30.0000,15.0000,15.0000,10.0000,10.0000,10.0000,40.4315,15.3227,16.7512,13.6454,6.9357,14.7958,9.0381,8.0000,8.0000,4.0000,4.0000,3.0000,3.0000,3.0000,6.6821,5.3521,5.9911,5.4242,1.7099,3.1973,1.9422,1.0000,1.0000,1.0000,1.0000,1.0000,1.0000,1.0000,1.3477,0.5108,1.1167,0.9097,0.6936,1.4796,0.9038,1.0000,1.0000,1.0000,1.0000,1.0000,1.0000,1.0000,0.8353,0.6690,1.4978,1.3561,0.5700,1.0658,0.6474,True,2.7560,1.517800,0.082944,87.2139,82.2961
592,both,0.231330,1.449835,-2.034095,1.350571,2.235492,-0.146895,-1.140954,1.311926,-2.863999,-0.316455,1.299517,-1.384376,-0.298388,-0.982627,17.0987,30.2438,20.1303,9.4014,12.0062,9.1262,5.3522,43.1952,21.1293,8.5604,10.3905,13.1492,11.7756,14.7083,8.2878,6.0161,4.4210,3.3973,3.4994,4.2555,2.2336,9.6786,7.3011,5.5697,5.8325,3.8750,3.1699,3.9773,0.5700,1.0081,1.3420,0.6268,1.2006,0.9126,0.5352,1.4398,0.7043,0.5707,0.6927,1.3149,1.1776,1.4708,1.0360,0.7520,1.1053,0.8493,1.1665,1.4185,0.7445,1.2098,0.9126,1.3924,1.4581,1.2917,1.0566,1.3258,True,1.2360,0.901871,0.116710,179.9917,84.5585
593,right_only,0.000000,0.200000,0.000000,0.400000,0.000000,0.000000,0.000000,-2.296700,0.003323,2.657500,1.797029,-1.621679,-0.328896,1.166913,30.0000,30.0000,15.0000,15.0000,10.0000,10.0000,10.0000,41.1406,37.4604,21.7368,15.0511,13.8775,6.6282,6.8281,8.0000,8.0000,4.0000,4.0000,3.0000,3.0000,3.0000,8.0987,6.6601,3.7301,5.1928,1.6602,3.6625,1.7647,1.0000,1.0000,1.0000,1.0000,1.0000,1.0000,1.0000,1.3714,1.2487,1.4491,1.0034,1.3877,0.6628,0.6828,1.0000,1.0000,1.0000,1.0000,1.0000,1.0000,1.0000,1.0123,0.8325,0.9325,1.2982,0.5534,1.2208,0.5882,False,,0.092062,0.998631,13.3324,15.3984
594,left_only,0.851730,0.383181,1.507104,1.494462,-0.788817,-0.215029,-1.124053,0.000000,-0.200000,0.000000,0.400000,0.000000,0.000000,0.000000,25.6014,21.0159,9.5387,18.5775,7.1251,7.2316,8.4048,30.0000,30.0000,15.0000,15.0000,10.0000,10.0000,10.0000,7.7012,8.1097,4.6582,4.3541,2.9451,2.6818,2.2974,8.0000,8.0000,4.0000,4.0000,3.0000,3.0000,3.0000,0.8534,0.7005,0.6359,1.2385,0.7125,0.7232,0.8405,1.0000,1.0000,1.0000,1.0000,1.0000,1.0000,1.0000,0.9627,1.0137,1.1645,1.0885,0.9817,0.8939,0.7658,1.0000,1.0000,1.0000,1.0000,1.0000,1.0000,1.0000,False,,0.070143,1.002160,10.4006,16.8784
595,both,0.203830,0.820155,2.157126,1.470851,0.641519,0.008131,1.088532,-1.154285,-1.786059,2.053392,1.548266,-0.162903,-0.220010,-0.647587,39.0430,23.3840,7.5861,7.7919,14.7840,10.5984,9.8902,21.0182,15.5253,19.8218,13.5538,10.4440,7.2246,13.4179,11.3430,6.8135,5.1800,4.8872,2.9313,3.8239,4.3973,9.7697,11.6269,3.9010,5.9063,3.0326,3.3643,3.5224,1.3014,0.7795,0.5057,0.5195,1.4784,1.0598,0.9890,0.7006,0.5175,1.3215,0.9036,1.0444,0.7225,1.3418,1.4179,0.8517,1.2950,1.2218,0.9771,1.2746,1.4658,1.2212,1.4534,0.9753,1.4766,1.0109,1.1214,1.1741,True,1.2560,0.892213,0.072598,179.9709,89.9987
596,both,-0.833176,1.747309,-1.393849,0.546559,1.033481,-0.426435,0.509049,-1.709217,-2.372461,0.922080,-0.062276,2.789297,0.453878,-0.106425,27.0425,17.3711,19.1733,9.9409,14.3305,14.9059,6.2241,28.6192,34.0460,21.3269,18.5691,10.4085,9.0268,9.6214,9.4640,7.7279,4.1646,2.7183,3.6706,1.9998,4.1559,6.7334,11.5695,3.0114,3.6374,3.8347,2.5930,4.1598,0.9014,0.5790,1.2782,0.6627,1.4330,1.4906,0.6224,0.9540,1.1349,1.4218,1.2379,1.0408,0.9027,0.9621,1.1830,0.9660,1.0411,0.6796,1.2235,0.6666,1.3853,0.8417,1.4462,0.7529,0.9093,1.2782,0.8643,1.3866,True,1.6360,0.860291,0.078676,179.9356,88.2874
597,left_only,-1.995128,-0.261516,0.905019,1.149087,2.364414,-0.071103,-0.925601,0.000000,-0.200000,0.000000,0.400000,0.000000,0.000000,0.000000,24.8924,26.7964,16.2470,11.6175,10.5031,14.0805,9.2373,30.0000,30.0000,15.0000,15.0000,10.0000,10.0000,10.0000,9.2126,5.8312,5.2053,3.0787,3.2394,2.4007,1.7022,8.0000,8.0000,4.0000,4.0000,3.0000,3.0000,3.0000,0.8297,0.8932,1.0831,0.7745,1.0503,1.4080,0.9237,1.0000,1.0000,1.0000,1.0000,1.0000,1.0000,1.0000,1.1516,0.7289,1.3013,0.7697,1.0798,0.8002,0.5674,1.0000,1.0000,1.0000,1.0000,1.0000,1.0000,1.0000,False,,0.087183,1.001245,10.8890,14.7319
598,left_only,-1.634389,0.421476,2.401460,0.149250,2.602678,-0.007080,-0.708495,0.000000,-0.200000,0.000000,0.400000,0.000000,0.000000,0.000000,26.7403,20.5029,20.0052,9.2995,13.7353,5.4592,7.9961,30.0000,30.0000,15.0000,15.0000,10.0000,10.0000,10.0000,5.1191,9.4821,4.0493,5.7574,2.5985,1.6222,3.7850,8.0000,8.0000,4.0000,4.0000,3.0000,3.0000,3.0000,0.8913,0.6834,1.3337,0.6200,1.3735,0.5459,0.7996,1.0000,1.0000,1.0000,1.0000,1.0000,1.0000,1.0000,0.6399,1.1853,1.0123,1.4393,0.8662,0.5407,1.2617,1.0000,1.0000,1.0000,1.0000,1.0000,1.0000,1.0000,False,,0.101010,0.999184,11.4469,14.9773
599,both,-0.410552,2.747705,-0.243794,2.098688,-2.024662,0.462062,-0.828937,0.768361,-2.596984,1.426820,2.606972,2.299452,-0.022460,-0.180815,40.0137,32.3847,16.8192,11.0410,9.4616,8.6945,11.6532,30.0125,27.0170,17.7674,9.7308,10.1940,6.3877,11.2920,5.5719,7.2460,5.3949,4.1858,4.1881,2.1976,2.8197,10.6420,4.1600,3.8277,3.9708,3.6608,1.7242,2.7181,1.3338,1.0795,1.1213,0.7361,0.9462,0.8694,1.1653,1.0004,0.9006,1.1845,0.6487,1.0194,0.6388,1.1292,0.6965,0.9058,1.3487,1.0464,1.3960,0.7325,0.9399,1.3302,0.5200,0.9569,0.9927,1.2203,0.5747,0.9060,True,1.2620,0.900633,0.072699,179.9913,89.1151
600,left_only,0.559617,1.631506,1.591628,0.553360,2.289705,-0.390956,-1.038442,0.000000,-0.200000,0.000000,0.400000,0.000000,0.000000,0.000000,30.8546,29.1247,17.0770,10.9358,7.2603,12.4911,7.9177,30.0000,30.0000,15.0000,15.0000,10.0000,10.0000,10.0000,9.8183,9.1257,2.3333,4.8445,4.1385,3.9499,1.5266,8.0000,8.0000,4.0000,4.0000,3.0000,3.0000,3.0000,1.0285,0.9708,1.1385,0.7291,0.7260,1.2491,0.7918,1.0000,1.0000,1.0000,1.0000,1.0000,1.0000,1.0000,1.2273,1.1407,0.5833,1.2111,1.3795,1.3166,0.5089,1.0000,1.0000,1.0000,1.0000,1.0000,1.0000,1.0000,True,1.4220,0.831447,0.118750,179.9774,84.3333
601,left_only,-0.597948,3.072415,0.734775,0.249047,-1.889423,0.171076,0.688985,0.000000,-0.200000,0.000000,0.400000,0.000000,0.000000,0.000000,42.3775,42.1715,12.5892,16.5582,6.0152,5.9446,5.7147,30.0000,30.0000,15.0000,15.0000,10.0000,10.0000,10.0000,11.4172,5.2195,3.9293,3.7323,2.4743,3.1132,1.5084,8.0000,8.0000,4.0000,4.0000,3.0000,3.0000,3.0000,1.4126,1.4057,0.8393,1.1039,0.6015,0.5945,0.5715,1.0000,1.0000,1.0000,1.0000,1.0000,1.0000,1.0000,1.4271,0.6524,0.9823,0.9331,0.8248,1.0377,0.5028,1.0000,1.0000,1.0000,1.0000,1.0000,1.0000,1.0000,True,1.5780,0.820746,0.095809,179.3804,86.0478
602,left_only,-1.349497,1.431921,1.894736,1.944979,1.884628,-0.114424,-0.912100,0.000000,-0.200000,0.000000,0.400000,0.000000,0.000000,0.000000,27.0317,43.8918,10.7149,10.1213,14.4434,14.4992,6.4924,30.0000,30.0000,15.0000,15.0000,10.0000,10.0000,10.0000,10.1556,7.4379,3.9689,3.9948,4.4051,2.0540,3.8192,8.0000,8.0000,4.0000,4.0000,3.0000,3.0000,3.0000,0.9011,1.4631,0.7143,0.6748,1.4443,1.4499,0.6492,1.0000,1.0000,1.0000,1.0000,1.0000,1.0000,1.0000,1.2695,0.9297,0.9922,0.9987,1.4684,0.6847,1.2731,1.0000,1.0000,1.0000,1.0000,1.0000,1.0000,1.0000,True,1.5820,0.841282,0.098780,179.9783,86.7339
603,left_only,-3.113275,1.996146,1.040684,2.162807,2.323543,0.234797,0.589646,0.000000,-0.200000,0.000000,0.400000,0.000000,0.000000,0.000000,22.6136,44.7852,14.5261,13.7618,10.0188,8.9406,10.9364,30.0000,30.0000,15.0000,15.0000,10.0000,10.0000,10.0000,6.7970,5.9196,5.7120,5.7113,2.9887,4.3864,2.7472,8.0000,8.0000,4.0000,4.0000,3.0000,3.0000,3.0000,0.7538,1.4928,0.9684,0.9175,1.0019,0.8941,1.0936,1.0000,1.0000,1.0000,1.0000,1.0000,1.0000,1.0000,0.8496,0.7399,1.4280,1.4278,0.9962,1.4621,0.9157,1.0000,1.0000,1.0000,1.0000,1.0000,1.0000,1.0000,True,1.6520,0.834371,0.099094,179.9599,87.2395
604,right_only,0.000000,0.200000,0.000000,0.400000,0.000000,0.000000,0.000000,-1.315446,0.065905,0.578639,2.199197,-0.372596,-0.086023,-1.058409,30.0000,30.0000,15.0000,15.0000,10.0000,10.0000,10.0000,44.0023,21.8388,14.9140,9.2192,11.4695,8.9088,12.6766,8.0000,8.0000,4.0000,4.0000,3.0000,3.0000,3.0000,8.2270,5.0358,2.0430,2.8498,3.6730,3.9855,2.5240,1.0000,1.0000,1.0000,1.0000,1.0000,1.0000,1.0000,1.4667,0.7280,0.9943,0.6146,1.1470,0.8909,1.2677,1.0000,1.0000,1.0000,1.0000,1.0000,1.0000,1.0000,1.0284,0.6295,0.5107,0.7124,1.2243,1.3285,0.8413,False,,0.069769,1.000220,10.6825,14.4428
605,left_only,-0.615793,0.527250,2.332113,3.036306,1.326935,-0.380280,-0.159719,0.000000,-0.200000,0.000000,0.400000,0.000000,0.000000,0.000000,44.7152,21.8815,17.5571,21.5785,12.7320,11.0886,10.0671,30.0000,30.0000,15.0000,15.0000,10.0000,10.0000,10.0000,11.4305,7.1579,5.6051,3.7242,3.7696,4.2471,3.1519,8.0000,8.0000,4.0000,4.0000,3.0000,3.0000,3.0000,1.4905,0.7294,1.1705,1.4386,1.2732,1.1089,1.0067,1.0000,1.0000,1.0000,1.0000,1.0000,1.0000,1.0000,1.4288,0.8947,1.4013,0.9311,1.2565,1.4157,1.0506,1.0000,1.0000,1.0000,1.0000,1.0000,1.0000,1.0000,True,1.5020,0.845469,0.088025,178.3535,89.8549
606,both,-1.680466,-0.187270,1.928504,1.618901,-1.494857,0.349106,1.067569,1.038552,-1.126262,2.527218,2.662947,-2.149460,0.445023,0.123968,42.6011,37.8102,17.2135,12.4001,5.2703,7.7674,11.8582,34.1364,32.8458,20.3792,12.2226,6.3672,12.9916,14.8819,10.9049,4.0188,2.8319,4.6923,2.3509,1.9251,1.7458,6.8831,10.9228,5.0502,5.6463,2.7731,1.8039,1.8551,1.4200,1.2603,1.1476,0.8267,0.5270,0.7767,1.1858,1.1379,1.0949,1.3586,0.8148,0.6367,1.2992,1.4882,1.3631,0.5023,0.7080,1.1731,0.7836,0.6417,0.5819,0.8604,1.3653,1.2625,1.4116,0.9244,0.6013,0.6184,True,1.3240,0.829462,0.087267,152.3647,83.6254
607,right_only,0.000000,0.200000,0.000000,0.400000,0.000000,0.000000,0.000000,0.454665,-0.136606,-0.418715,-0.703972,-2.365773,0.091205,1.063306,30.0000,30.0000,15.0000,15.0000,10.0000,10.0000,10.0000,26.9875,34.5186,15.6301,20.8464,13.3239,6.9935,11.7754,8.0000,8.0000,4.0000,4.0000,3.0000,3.0000,3.0000,10.7800,11.4420,4.3597,2.7036,3.1747,3.4975,2.3175,1.0000,1.0000,1.0000,1.0000,1.0000,1.0000,1.0000,0.8996,1.1506,1.0420,1.3898,1.3324,0.6993,1.1775,1.0000,1.0000,1.0000,1.0000,1.0000,1.0000,1.0000,1.3475,1.4302,1.0899,0.6759,1.0582,1.1658,0.7725,False,,0.078111,0.998379,9.0922,19.5894
608,both,1.442837,0.486853,2.507369,0.805997,-3.006808,0.040042,0.325846,0.954701,-1.356671,-2.476286,2.877740,0.506444,-0.211334,1.013101,18.6274,17.9245,15.5251,16.8733,10.1096,14.2899,7.6282,39.6228,37.3427,7.6111,20.4856,8.9650,12.3164,12.2692,11.9219,4.1548,2.4741,2.7427,1.7387,2.8147,4.0961,5.4202,8.1232,5.7047,3.0522,3.6451,4.3742,2.5819,0.6209,0.5975,1.0350,1.1249,1.0110,1.4290,0.7628,1.3208,1.2448,0.5074,1.3657,0.8965,1.2316,1.2269,1.4902,0.5193,0.6185,0.6857,0.5796,0.9382,1.3654,0.6775,1.0154,1.4262,0.7630,1.2150,1.4581,0.8606,True,1.5680,1.028253,0.080361,179.5749,86.8724
609,right_only,0.000000,0.200000,0.000000,0.400000,0.000000,0.000000,0.000000,-1.314245,-1.689314,1.577253,0.864246,0.050777,-0.256856,1.240396,30.0000,30.0000,15.0000,15.0000,10.0000,10.0000,10.0000,41.7706,33.0076,21.9084,17.8050,14.5911,6.6154,7.2546,8.0000,8.0000,4.0000,4.0000,3.0000,3.0000,3.0000,11.0815,7.3590,3.4846,5.0173,3.3910,2.5322,2.6936,1.0000,1.0000,1.0000,1.0000,1.0000,1.0000,1.0000,1.3924,1.1003,1.4606,1.1870,1.4591,0.6615,0.7255,1.0000,1.0000,1.0000,1.0000,1.0000,1.0000,1.0000,1.3852,0.9199,0.8712,1.2543,1.1303,0.8441,0.8979,False,,0.088844,0.997996,9.9803,17.7740
610,right_only,0.000000,0.200000,0.000000,0.400000,0.000000,0.000000,0.000000,-1.216513,-2.922468,-1.708429,1.270000,1.753324,-0.074880,-0.296284,30.0000,30.0000,15.0000,15.0000,10.0000,10.0000,10.0000,34.5155,19.7176,13.2113,10.6220,11.5165,6.1236,9.4782,8.0000,8.0000,4.0000,4.0000,3.0000,3.0000,3.0000,8.7695,10.6694,4.8982,5.7715,3.5396,2.5476,2.1952,1.0000,1.0000,1.0000,1.0000,1.0000,1.0000,1.0000,1.1505,0.6573,0.8808,0.7081,1.1516,0.6124,0.9478,1.0000,1.0000,1.0000,1.0000,1.0000,1.0000,1.0000,1.0962,1.3337,1.2246,1.4429,1.1799,0.8492,0.7317,True,2.0580,1.278498,0.086046,93.8549,78.3922
611,right_only,0.000000,0.200000,0.000000,0.400000,0.000000,0.000000,0.000000,-2.873497,-2.350719,-2.234068,0.574898,1.296850,0.177631,-0.461857,30.0000,30.0000,15.0000,15.0000,10.0000,10.0000,10.0000,30.2566,21.5031,15.0447,15.1512,8.0130,7.5947,14.7957,8.0000,8.0000,4.0000,4.0000,3.0000,3.0000,3.0000,8.2970,8.4966,2.0312,2.7274,2.5699,4.3979,2.0257,1.0000,1.0000,1.0000,1.0000,1.0000,1.0000,1.0000,1.0086,0.7168,1.0030,1.0101,0.8013,0.7595,1.4796,1.0000,1.0000,1.0000,1.0000,1.0000,1.0000,1.0000,1.0371,1.0621,0.5078,0.6818,0.8566,1.4660,0.6752,True,1.9040,1.253320,0.085158,97.1422,81.3744
612,both,-1.711506,3.362793,0.067886,0.365024,0.643907,-0.003420,1.161921,-2.748151,-0.411729,-1.427580,2.381544,2.132869,0.323031,0.931407,36.5438,19.2721,8.2785,12.6115,9.9507,8.0262,12.4221,23.5072,15.4582,22.0225,18.2410,13.1261,12.9324,12.3576,9.7795,11.7754,3.6023,5.1429,3.7236,4.4662,3.8208,10.0118,11.4357,5.6564,3.5169,1.5929,1.6160,2.8399,1.2181,0.6424,0.5519,0.8408,0.9951,0.8026,1.2422,0.7836,0.5153,1.4682,1.2161,1.3126,1.2932,1.2358,1.2224,1.4719,0.9006,1.2857,1.2412,1.4887,1.2736,1.2515,1.4295,1.4141,0.8792,0.5310,0.5387,0.9466,True,1.7240,1.199704,0.205381,104.8231,58.1945
613,right_only,0.000000,0.200000,0.000000,0.400000,0.000000,0.000000,0.000000,0.792754,-0.196030,-0.717111,0.295656,0.168024,0.307602,0.346700,30.0000,30.0000,15.0000,15.0000,10.0000,10.0000,10.0000,19.1942,25.8670,15.8314,15.5739,13.3063,14.3217,6.0046,8.0000,8.0000,4.0000,4.0000,3.0000,3.0000,3.0000,5.7953,7.1373,3.1856,3.6332,1.6222,1.6980,4.0151,1.0000,1.0000,1.0000,1.0000,1.0000,1.0000,1.0000,0.6398,0.8622,1.0554,1.0383,1.3306,1.4322,0.6005,1.0000,1.0000,1.0000,1.0000,1.0000,1.0000,1.0000,0.7244,0.8922,0.7964,0.9083,0.5407,0.5660,1.3384,False,,0.081871,0.994994,9.2729,17.3195
614,right_only,0.000000,0.200000,0.000000,0.400000,0.000000,0.000000,0.000000,-2.656840,-0.284996,-1.272077,0.327093,-2.169697,-0.450231,-0.367567,30.0000,30.0000,15.0000,15.0000,10.0000,10.0000,10.0000,40.0607,42.5987,8.4238,7.9636,6.5880,12.6629,7.0488,8.0000,8.0000,4.0000,4.0000,3.0000,3.0000,3.0000,5.8465,11.1115,5.4998,4.6812,1.9920,2.6434,2.2085,1.0000,1.0000,1.0000,1.0000,1.0000,1.0000,1.0000,1.3354,1.4200,0.5616,0.5309,0.6588,1.2663,0.7049,1.0000,1.0000,1.0000,1.0000,1.0000,1.0000,1.0000,0.7308,1.3889,1.3749,1.1703,0.6640,0.8811,0.7362,False,,0.071609,0.996042,9.4197,15.3163
615,right_only,0.000000,0.200000,0.000000,0.400000,0.000000,0.000000,0.000000,0.024393,-0.451861,-2.204102,2.758558,-0.084123,0.272880,-1.138840,30.0000,30.0000,15.0000,15.0000,10.0000,10.0000,10.0000,25.8174,15.4434,18.2773,8.6918,8.3829,12.8175,12.4897,8.0000,8.0000,4.0000,4.0000,3.0000,3.0000,3.0000,9.1223,9.5522,4.6049,4.5651,2.5490,1.5845,2.8255,1.0000,1.0000,1.0000,1.0000,1.0000,1.0000,1.0000,0.8606,0.5148,1.2185,0.5795,0.8383,1.2817,1.2490,1.0000,1.0000,1.0000,1.0000,1.0000,1.0000,1.0000,1.1403,1.1940,1.1512,1.1413,0.8497,0.5282,0.9418,False,,0.148373,0.993536,10.3716,19.7944
616,left_only,-2.925885,1.392319,-0.028672,-0.211880,1.507347,0.188894,0.151230,0.000000,-0.200000,0.000000,0.400000,0.000000,0.000000,0.000000,42.7773,23.6156,11.4305,10.2515,10.4444,7.0536,13.6890,30.0000,30.0000,15.0000,15.0000,10.0000,10.0000,10.0000,6.4345,7.9274,4.1180,3.2306,3.7153,3.5762,3.7824,8.0000,8.0000,4.0000,4.0000,3.0000,3.0000,3.0000,1.4259,0.7872,0.7620,0.6834,1.0444,0.7054,1.3689,1.0000,1.0000,1.0000,1.0000,1.0000,1.0000,1.0000,0.8043,0.9909,1.0295,0.8076,1.2384,1.1921,1.2608,1.0000,1.0000,1.0000,1.0000,1.0000,1.0000,1.0000,False,,0.057275,0.995253,12.1158,17.1483
617,left_only,-0.286115,1.359489,-0.114640,2.009288,-0.838277,-0.058035,-0.854275,0.000000,-0.200000,0.000000,0.400000,0.000000,0.000000,0.000000,35.3889,17.3077,22.3577,9.6561,8.8298,7.3778,7.9066,30.0000,30.0000,15.0000,15.0000,10.0000,10.0000,10.0000,6.5796,9.7467,2.7070,3.0554,1.8036,2.4944,4.3237,8.0000,8.0000,4.0000,4.0000,3.0000,3.0000,3.0000,1.1796,0.5769,1.4905,0.6437,0.8830,0.7378,0.7907,1.0000,1.0000,1.0000,1.0000,1.0000,1.0000,1.0000,0.8225,1.2183,0.6767,0.7639,0.6012,0.8315,1.4412,1.0000,1.0000,1.0000,1.0000,1.0000,1.0000,1.0000,True,1.4120,0.827148,0.100654,179.9770,86.4397
618,both,-1.349687,2.558339,-0.042139,0.906847,1.736073,-0.437692,0.926812,-0.854668,-2.072739,2.131754,0.453619,2.881537,0.403630,-0.589475,25.2181,39.3650,10.4342,18.4793,6.2915,7.0561,10.0051,24.6967,32.9654,10.6139,8.1385,11.9245,5.2181,14.7078,9.9671,9.9154,4.4357,3.0885,2.7461,2.2386,2.3311,6.8023,4.0527,5.5383,4.3992,3.9522,2.8051,2.5625,0.8406,1.3122,0.6956,1.2320,0.6292,0.7056,1.0005,0.8232,1.0988,0.7076,0.5426,1.1925,0.5218,1.4708,1.2459,1.2394,1.1089,0.7721,0.9154,0.7462,0.7770,0.8503,0.5066,1.3846,1.0998,1.3174,0.9350,0.8542,True,1.4500,0.901280,0.073779,179.9987,89.4558
619,both,-0.054058,1.154683,0.493703,0.197409,-1.093962,-0.386474,0.714685,-1.496913,0.285497,-1.537167,1.011968,-0.990135,0.179381,0.783249,29.6103,26.0078,18.6713,10.3718,10.9947,12.3362,7.6927,28.4868,24.5632,7.5609,7.8033,7.4045,6.1669,6.1959,9.2456,9.8818,2.4697,3.2956,2.7189,3.8279,3.2025,8.8219,8.8436,2.1791,4.3757,1.9375,2.6317,4.4691,0.9870,0.8669,1.2448,0.6915,1.0995,1.2336,0.7693,0.9496,0.8188,0.5041,0.5202,0.7404,0.6167,0.6196,1.1557,1.2352,0.6174,0.8239,0.9063,1.2760,1.0675,1.1027,1.1055,0.5448,1.0939,0.6458,0.8772,1.4897,False,,0.073872,0.997471,9.9333,17.6872
620,right_only,0.000000,0.200000,0.000000,0.400000,0.000000,0.000000,0.000000,-0.681355,-3.270769,-1.038778,1.820809,-1.456316,0.429616,-0.189754,30.0000,30.0000,15.0000,15.0000,10.0000,10.0000,10.0000,15.6326,31.2170,17.6428,14.3399,14.2817,14.0193,6.3896,8.0000,8.0000,4.0000,4.0000,3.0000,3.0000,3.0000,4.6396,6.4985,4.4325,4.4064,2.3149,4.3533,2.4220,1.0000,1.0000,1.0000,1.0000,1.0000,1.0000,1.0000,0.5211,1.0406,1.1762,0.9560,1.4282,1.4019,0.6390,1.0000,1.0000,1.0000,1.0000,1.0000,1.0000,1.0000,0.5799,0.8123,1.1081,1.1016,0.7716,1.4511,0.8073,True,1.3220,0.846148,0.099875,179.8384,86.5939
621,right_only,0.000000,0.200000,0.000000,0.400000,0.000000,0.000000,0.000000,0.647779,-0.255115,-2.451874,0.010444,-1.510497,0.388177,-0.378193,30.0000,30.0000,15.0000,15.0000,10.0000,10.0000,10.0000,40.0941,29.3405,14.3583,21.0513,9.4090,12.4485,9.2438,8.0000,8.0000,4.0000,4.0000,3.0000,3.0000,3.0000,4.8150,4.4248,2.8330,4.8891,2.6209,2.8623,1.8056,1.0000,1.0000,1.0000,1.0000,1.0000,1.0000,1.0000,1.3365,0.9780,0.9572,1.4034,0.9409,1.2449,0.9244,1.0000,1.0000,1.0000,1.0000,1.0000,1.0000,1.0000,0.6019,0.5531,0.7082,1.2223,0.8736,0.9541,0.6019,False,,0.101678,0.994754,8.8524,19.5810
622,both,-0.205493,2.657034,0.881954,3.116456,-2.915874,-0.448005,0.000014,-1.885218,-0.804991,1.487502,-0.526940,2.533868,-0.434821,0.478546,26.5350,35.0232,8.9645,21.5562,14.3741,10.1940,10.0958,42.4174,21.4788,9.9774,22.4559,7.1342,6.0009,10.6201,9.0785,8.6406,4.1742,4.3568,4.0759,3.3332,2.0875,10.6175,4.4860,3.9604,2.2740,2.7861,2.5319,1.9114,0.8845,1.1674,0.5976,1.4371,1.4374,1.0194,1.0096,1.4139,0.7160,0.6652,1.4971,0.7134,0.6001,1.0620,1.1348,1.0801,1.0435,1.0892,1.3586,1.1111,0.6958,1.3272,0.5608,0.9901,0.5685,0.9287,0.8440,0.6371,True,1.8680,1.183292,0.118850,107.3385,78.0705
623,right_only,0.000000,0.200000,0.000000,0.400000,0.000000,0.000000,0.000000,1.245109,-1.000127,1.770129,2.791551,2.607867,0.229506,-0.490351,30.0000,30.0000,15.0000,15.0000,10.0000,10.0000,10.0000,39.8680,30.6055,11.5748,13.2866,8.0122,9.6620,12.8134,8.0000,8.0000,4.0000,4.0000,3.0000,3.0000,3.0000,7.8789,6.1429,2.3496,5.4230,2.7521,2.8258,3.7912,1.0000,1.0000,1.0000,1.0000,1.0000,1.0000,1.0000,1.3289,1.0202,0.7717,0.8858,0.8012,0.9662,1.2813,1.0000,1.0000,1.0000,1.0000,1.0000,1.0000,1.0000,0.9849,0.7679,0.5874,1.3558,0.9174,0.9419,1.2637,True,1.5880,0.829056,0.087908,160.1393,83.0745
624,left_only,0.862212,1.552128,0.925526,0.037717,2.375991,0.062827,0.557796,0.000000,-0.200000,0.000000,0.400000,0.000000,0.000000,0.000000,18.4264,34.1076,13.0342,14.2509,11.8216,12.9633,8.4937,30.0000,30.0000,15.0000,15.0000,10.0000,10.0000,10.0000,10.9859,5.7519,4.2516,2.6051,2.3677,4.1862,1.5347,8.0000,8.0000,4.0000,4.0000,3.0000,3.0000,3.0000,0.6142,1.1369,0.8689,0.9501,1.1822,1.2963,0.8494,1.0000,1.0000,1.0000,1.0000,1.0000,1.0000,1.0000,1.3732,0.7190,1.0629,0.6513,0.7892,1.3954,0.5116,1.0000,1.0000,1.0000,1.0000,1.0000,1.0000,1.0000,True,1.6800,0.851073,0.072747,179.9880,89.4344
625,right_only,0.000000,0.200000,0.000000,0.400000,0.000000,0.000000,0.000000,1.172529,-2.158640,0.935160,-0.571203,0.943724,0.378752,0.140213,30.0000,30.0000,15.0000,15.0000,10.0000,10.0000,10.0000,25.8636,38.8073,18.1909,9.2654,11.6570,11.6466,12.5192,8.0000,8.0000,4.0000,4.0000,3.0000,3.0000,3.0000,6.5305,7.2102,5.8402,4.2938,3.0255,4.4605,2.1887,1.0000,1.0000,1.0000,1.0000,1.0000,1.0000,1.0000,0.8621,1.2936,1.2127,0.6177,1.1657,1.1647,1.2519,1.0000,1.0000,1.0000,1.0000,1.0000,1.0000,1.0000,0.8163,0.9013,1.4600,1.0735,1.0085,1.4868,0.7296,True,1.7960,0.841746,0.079394,179.9234,88.5560
626,left_only,-1.265717,2.492360,1.383280,3.042474,0.758770,-0.172887,-0.259964,0.000000,-0.200000,0.000000,0.400000,0.000000,0.000000,0.000000,17.6914,42.7116,9.4300,15.6856,9.0140,6.3422,7.9299,30.0000,30.0000,15.0000,15.0000,10.0000,10.0000,10.0000,9.0686,4.2500,5.8640,5.6364,1.7538,4.1051,2.4857,8.0000,8.0000,4.0000,4.0000,3.0000,3.0000,3.0000,0.5897,1.4237,0.6287,1.0457,0.9014,0.6342,0.7930,1.0000,1.0000,1.0000,1.0000,1.0000,1.0000,1.0000,1.1336,0.5313,1.4660,1.4091,0.5846,1.3684,0.8286,1.0000,1.0000,1.0000,1.0000,1.0000,1.0000,1.0000,True,1.4080,0.954668,0.097414,179.2448,85.9148
627,left_only,-2.822054,0.777107,1.926392,1.799884,-1.635897,0.202738,0.527866,0.000000,-0.200000,0.000000,0.400000,0.000000,0.000000,0.000000,37.2858,31.2197,19.7842,17.1204,6.2540,13.1026,8.2377,30.0000,30.0000,15.0000,15.0000,10.0000,10.0000,10.0000,9.6403,9.4011,3.3437,2.6467,3.5849,4.0471,4.0147,8.0000,8.0000,4.0000,4.0000,3.0000,3.0000,3.0000,1.2429,1.0407,1.3189,1.1414,0.6254,1.3103,0.8238,1.0000,1.0000,1.0000,1.0000,1.0000,1.0000,1.0000,1.2050,1.1751,0.8359,0.6617,1.1950,1.3490,1.3382,1.0000,1.0000,1.0000,1.0000,1.0000,1.0000,1.0000,False,,0.099701,1.001784,10.8449,13.8023
628,both,-0.189162,0.479600,-0.867090,2.166612,-0.643481,0.215060,-0.483997,-3.110241,-1.118808,0.397196,1.641801,-1.205251,0.287741,-0.031834,37.8716,33.3328,13.7411,17.6944,10.7498,10.1071,11.4856,27.6148,23.8987,8.4310,8.1271,5.9514,5.0503,8.2709,4.6875,11.2821,3.3403,2.8988,3.8154,2.1937,4.4873,6.4836,7.4407,2.9317,2.2510,1.7135,2.0464,2.4498,1.2624,1.1111,0.9161,1.1796,1.0750,1.0107,1.1486,0.9205,0.7966,0.5621,0.5418,0.5951,0.5050,0.8271,0.5859,1.4103,0.8351,0.7247,1.2718,0.7312,1.4958,0.8105,0.9301,0.7329,0.5627,0.5712,0.6821,0.8166,True,1.6960,0.831026,0.112656,179.9917,85.0673
629,both,-2.442958,1.000145,2.568988,0.130420,-2.040020,0.152418,-0.023162,-2.917434,-0.422088,1.045995,3.086242,2.654646,0.077930,0.472494,27.2852,41.6540,15.7921,12.3833,5.0949,10.8645,10.2543,27.9989,21.7077,10.2514,19.5766,7.2776,12.3697,12.1136,10.4950,5.4960,5.2616,2.0611,3.2619,2.6906,2.4946,4.2672,11.0486,5.1574,5.1843,3.9276,3.2477,4.4801,0.9095,1.3885,1.0528,0.8256,0.5095,1.0864,1.0254,0.9333,0.7236,0.6834,1.3051,0.7278,1.2370,1.2114,1.3119,0.6870,1.3154,0.5153,1.0873,0.8969,0.8315,0.5334,1.3811,1.2894,1.2961,1.3092,1.0826,1.4934,True,2.1820,1.126386,0.085276,86.2789,83.8557
630,both,-2.296194,-0.106570,1.332630,0.263961,0.493423,-0.100176,-0.422849,1.067201,-2.863076,-1.938451,1.808183,1.757782,0.307298,-0.682880,41.4634,33.2865,19.8483,8.5278,8.5689,10.2486,10.7696,32.9762,31.5382,21.6654,17.4740,7.7982,11.4175,14.6162,4.7926,8.3093,4.6619,3.4464,3.0022,2.3777,4.1115,4.1885,9.0127,2.6273,5.2658,3.4221,4.3110,3.5087,1.3821,1.1096,1.3232,0.5685,0.8569,1.0249,1.0770,1.0992,1.0513,1.4444,1.1649,0.7798,1.1418,1.4616,0.5991,1.0387,1.1655,0.8616,1.0007,0.7926,1.3705,0.5236,1.1266,0.6568,1.3165,1.1407,1.4370,1.1696,True,2.2000,1.036427,0.274847,102.2497,59.6784
631,right_only,0.000000,0.200000,0.000000,0.400000,0.000000,0.000000,0.000000,-3.058899,-1.470863,2.113798,0.009411,-2.272517,0.203396,0.006372,30.0000,30.0000,15.0000,15.0000,10.0000,10.0000,10.0000,16.4279,23.3975,12.4012,17.5179,9.7160,9.8719,13.0660,8.0000,8.0000,4.0000,4.0000,3.0000,3.0000,3.0000,6.2273,9.3806,3.4702,3.6735,3.1677,3.5869,4.3356,1.0000,1.0000,1.0000,1.0000,1.0000,1.0000,1.0000,0.5476,0.7799,0.8267,1.1679,0.9716,0.9872,1.3066,1.0000,1.0000,1.0000,1.0000,1.0000,1.0000,1.0000,0.7784,1.1726,0.8676,0.9184,1.0559,1.1956,1.4452,True,2.1560,0.834305,0.126449,178.0118,83.3836
632,both,-1.872957,0.012157,-0.228750,1.307937,-1.696699,0.361209,0.759071,-0.814843,-1.698758,-2.778997,1.267355,0.681503,0.362259,0.002789,19.7213,20.4017,9.8980,21.5780,12.9339,13.2477,13.4043,18.3128,41.7658,21.3362,21.3541,5.0483,7.2100,11.9125,4.7651,9.6174,4.8173,2.8993,2.9720,3.4873,4.1920,6.5739,4.4887,5.0518,2.1144,2.8381,4.3427,2.8207,0.6574,0.6801,0.6599,1.4385,1.2934,1.3248,1.3404,0.6104,1.3922,1.4224,1.4236,0.5048,0.7210,1.1912,0.5956,1.2022,1.2043,0.7248,0.9907,1.1624,1.3973,0.8217,0.5611,1.2629,0.5286,0.9460,1.4476,0.9402,True,2.5960,1.165290,0.187480,79.2956,61.0563
633,left_only,1.154989,1.166036,-0.694290,-0.506509,-0.947396,-0.150788,0.880240,0.000000,-0.200000,0.000000,0.400000,0.000000,0.000000,0.000000,42.5975,15.6579,8.9738,17.1484,9.8474,7.9688,7.5991,30.0000,30.0000,15.0000,15.0000,10.0000,10.0000,10.0000,5.7974,8.2036,2.0699,4.9555,2.4012,2.7805,3.0812,8.0000,8.0000,4.0000,4.0000,3.0000,3.0000,3.0000,1.4199,0.5219,0.5983,1.1432,0.9847,0.7969,0.7599,1.0000,1.0000,1.0000,1.0000,1.0000,1.0000,1.0000,0.7247,1.0255,0.5175,1.2389,0.8004,0.9268,1.0271,1.0000,1.0000,1.0000,1.0000,1.0000,1.0000,1.0000,True,1.9240,0.879090,0.086029,179.8264,86.5001
634,both,-2.144496,2.960396,1.207469,2.644324,-0.271405,-0.062474,-0.667658,-0.573802,-1.157842,-0.629034,-0.349570,-1.176918,-0.449317,-0.459388,32.4228,43.6713,10.1685,8.3320,7.9631,6.5680,11.9552,23.3492,44.9072,10.2037,12.8013,14.3532,8.7054,7.0984,4.0460,11.8469,5.4227,3.9627,4.2628,3.3842,4.4813,4.4759,5.1917,3.4209,3.6849,3.1274,3.9408,1.5402,1.0808,1.4557,0.6779,0.5555,0.7963,0.6568,1.1955,0.7783,1.4969,0.6802,0.8534,1.4353,0.8705,0.7098,0.5057,1.4809,1.3557,0.9907,1.4209,1.1281,1.4938,0.5595,0.6490,0.8552,0.9212,1.0425,1.3136,0.5134,True,1.5320,1.014300,0.084230,179.7203,87.6559
635,right_only,0.000000,0.200000,0.000000,0.400000,0.000000,0.000000,0.000000,0.821657,-1.217998,1.279231,2.176324,2.452447,-0.376123,0.181649,30.0000,30.0000,15.0000,15.0000,10.0000,10.0000,10.0000,42.2709,36.5762,8.9488,16.7095,12.9988,7.7486,11.3249,8.0000,8.0000,4.0000,4.0000,3.0000,3.0000,3.0000,10.7233,8.1909,2.7767,4.1987,3.2640,2.7086,3.5388,1.0000,1.0000,1.0000,1.0000,1.0000,1.0000,1.0000,1.4090,1.2192,0.5966,1.1140,1.2999,0.7749,1.1325,1.0000,1.0000,1.0000,1.0000,1.0000,1.0000,1.0000,1.3404,1.0239,0.6942,1.0497,1.0880,0.9029,1.1796,False,,0.097333,1.000958,10.3885,15.3666
636,left_only,-1.099002,2.936591,1.828516,2.373708,0.020202,-0.280878,0.570031,0.000000,-0.200000,0.000000,0.400000,0.000000,0.000000,0.000000,17.0676,30.5272,8.2947,15.4263,11.8592,9.1920,9.1690,30.0000,30.0000,15.0000,15.0000,10.0000,10.0000,10.0000,4.9824,6.4148,3.7771,5.4542,4.1939,4.3607,1.8008,8.0000,8.0000,4.0000,4.0000,3.0000,3.0000,3.0000,0.5689,1.0176,0.5530,1.0284,1.1859,0.9192,0.9169,1.0000,1.0000,1.0000,1.0000,1.0000,1.0000,1.0000,0.6228,0.8018,0.9443,1.3636,1.3980,1.4536,0.6003,1.0000,1.0000,1.0000,1.0000,1.0000,1.0000,1.0000,True,1.4860,0.938048,0.092184,179.2930,83.4009
637,left_only,-1.744847,1.369811,0.978687,1.952558,1.517454,-0.003817,0.143724,0.000000,-0.200000,0.000000,0.400000,0.000000,0.000000,0.000000,43.8171,22.2008,19.5564,18.1773,6.4009,14.2649,13.5536,30.0000,30.0000,15.0000,15.0000,10.0000,10.0000,10.0000,10.2360,5.0142,2.5587,4.7328,1.8218,1.8399,2.7008,8.0000,8.0000,4.0000,4.0000,3.0000,3.0000,3.0000,1.4606,0.7400,1.3038,1.2118,0.6401,1.4265,1.3554,1.0000,1.0000,1.0000,1.0000,1.0000,1.0000,1.0000,1.2795,0.6268,0.6397,1.1832,0.6073,0.6133,0.9003,1.0000,1.0000,1.0000,1.0000,1.0000,1.0000,1.0000,True,1.5960,0.834104,0.092202,179.9956,87.6288
638,left_only,-3.114670,2.347207,0.402974,-0.627141,0.121037,-0.412469,-1.090432,0.000000,-0.200000,0.000000,0.400000,0.000000,0.000000,0.000000,29.5640,29.9947,12.5849,16.8266,8.8736,10.8696,8.4978,30.0000,30.0000,15.0000,15.0000,10.0000,10.0000,10.0000,9.7197,8.6343,2.6402,4.7451,3.8518,1.6976,3.3299,8.0000,8.0000,4.0000,4.0000,3.0000,3.0000,3.0000,0.9855,0.9998,0.8390,1.1218,0.8874,1.0870,0.8498,1.0000,1.0000,1.0000,1.0000,1.0000,1.0000,1.0000,1.2150,1.0793,0.6600,1.1863,1.2839,0.5659,1.1100,1.0000,1.0000,1.0000,1.0000,1.0000,1.0000,1.0000,True,2.7580,0.834942,0.127784,179.9526,87.3371
639,right_only,0.000000,0.200000,0.000000,0.400000,0.000000,0.000000,0.000000,0.582924,-2.966612,2.102369,0.763119,1.499957,0.369121,1.243678,30.0000,30.0000,15.0000,15.0000,10.0000,10.0000,10.0000,32.5177,36.1282,11.2755,11.8507,13.5077,8.9824,13.2243,8.0000,8.0000,4.0000,4.0000,3.0000,3.0000,3.0000,4.4048,5.7460,2.6804,4.1083,1.7416,2.5316,4.4587,1.0000,1.0000,1.0000,1.0000,1.0000,1.0000,1.0000,1.0839,1.2043,0.7517,0.7900,1.3508,0.8982,1.3224,1.0000,1.0000,1.0000,1.0000,1.0000,1.0000,1.0000,0.5506,0.7183,0.6701,1.0271,0.5805,0.8439,1.4862,True,1.3560,0.838967,0.072740,179.9962,89.9567
640,both,0.600763,2.495036,-1.893900,0.555629,0.910187,-0.442497,-0.167700,1.233658,-3.088756,2.128490,-0.146626,-1.660742,-0.281722,1.095390,33.1124,37.5237,12.9961,20.5988,10.8194,10.9983,12.5232,18.5999,24.4826,16.1030,13.3717,13.2868,11.8221,7.1345,10.1891,9.4549,2.4756,5.4669,2.2827,4.4886,2.6565,8.3108,10.3003,5.5649,3.5798,4.2734,1.6079,3.5301,1.1037,1.2508,0.8664,1.3733,1.0819,1.0998,1.2523,0.6200,0.8161,1.0735,0.8914,1.3287,1.1822,0.7135,1.2736,1.1819,0.6189,1.3667,0.7609,1.4962,0.8855,1.0389,1.2875,1.3912,0.8949,1.4245,0.5360,1.1767,True,1.2120,0.890644,0.109881,179.9954,85.3456
641,right_only,0.000000,0.200000,0.000000,0.400000,0.000000,0.000000,0.000000,0.543148,-1.792966,-2.947775,1.887455,-0.776830,-0.322073,-0.870944,30.0000,30.0000,15.0000,15.0000,10.0000,10.0000,10.0000,38.0749,20.6217,14.7615,22.0558,12.5882,10.4719,10.2828,8.0000,8.0000,4.0000,4.0000,3.0000,3.0000,3.0000,5.3386,7.5714,2.5796,2.3343,1.8274,3.3198,2.0807,1.0000,1.0000,1.0000,1.0000,1.0000,1.0000,1.0000,1.2692,0.6874,0.9841,1.4704,1.2588,1.0472,1.0283,1.0000,1.0000,1.0000,1.0000,1.0000,1.0000,1.0000,0.6673,0.9464,0.6449,0.5836,0.6091,1.1066,0.6936,True,1.3440,0.873704,0.074539,179.5884,89.0629
642,both,-2.436583,2.897755,-1.968187,1.964273,-0.608078,0.073149,-1.210677,-3.139910,-0.310801,-0.314249,-0.655502,-0.771693,0.005878,-0.925847,31.3901,30.8625,16.5425,19.6539,9.1278,13.8856,9.7467,31.7575,38.1146,21.3070,16.2886,5.1894,11.8068,5.9308,7.6572,9.2455,4.4701,2.0457,4.4473,4.3281,2.3439,9.3694,8.6994,4.5627,2.7570,2.9808,3.3539,2.4009,1.0463,1.0288,1.1028,1.3103,0.9128,1.3886,0.9747,1.0586,1.2705,1.4205,1.0859,0.5189,1.1807,0.5931,0.9571,1.1557,1.1175,0.5114,1.4824,1.4427,0.7813,1.1712,1.0874,1.1407,0.6893,0.9936,1.1180,0.8003,True,2.2000,0.952724,0.187210,145.6338,71.2047
643,both,-2.284554,0.461733,2.204954,0.968565,0.797783,0.013772,0.848683,-0.744989,-3.047230,-1.887427,-0.895214,2.039580,0.151027,0.658373,36.4506,39.7344,22.3045,17.3021,7.5227,6.0139,10.8975,32.2956,23.5034,12.4291,16.0750,9.2292,6.6052,11.1047,10.1661,8.4926,3.2142,4.8789,2.8439,2.3598,4.0233,9.5129,4.0009,4.1475,4.3086,2.4962,2.5162,2.4530,1.2150,1.3245,1.4870,1.1535,0.7523,0.6014,1.0897,1.0765,0.7834,0.8286,1.0717,0.9229,0.6605,1.1105,1.2708,1.0616,0.8036,1.2197,0.9480,0.7866,1.3411,1.1891,0.5001,1.0369,1.0772,0.8321,0.8387,0.8177,False,,0.192287,0.986432,7.4521,12.1342
644,right_only,0.000000,0.200000,0.000000,0.400000,0.000000,0.000000,0.000000,-1.042505,-0.330867,-0.350622,3.153769,-0.583326,0.184318,0.124373,30.0000,30.0000,15.0000,15.0000,10.0000,10.0000,10.0000,37.8687,41.6509,15.1753,14.9172,14.4272,14.3366,14.9700,8.0000,8.0000,4.0000,4.0000,3.0000,3.0000,3.0000,5.2518,4.0285,3.7492,4.9334,1.7186,2.6208,3.2444,1.0000,1.0000,1.0000,1.0000,1.0000,1.0000,1.0000,1.2623,1.3884,1.0117,0.9945,1.4427,1.4337,1.4970,1.0000,1.0000,1.0000,1.0000,1.0000,1.0000,1.0000,0.6565,0.5036,0.9373,1.2333,0.5729,0.8736,1.0815,False,,0.086606,0.998464,10.3955,18.4982
645,right_only,0.000000,0.200000,0.000000,0.400000,0.000000,0.000000,0.000000,-2.138902,-0.636283,-1.708521,2.521976,-0.743946,0.091250,0.112151,30.0000,30.0000,15.0000,15.0000,10.0000,10.0000,10.0000,23.8934,28.1721,20.1896,15.7252,5.5559,12.1303,6.8245,8.0000,8.0000,4.0000,4.0000,3.0000,3.0000,3.0000,7.8885,7.7483,3.9459,2.1241,2.3172,1.6522,2.7449,1.0000,1.0000,1.0000,1.0000,1.0000,1.0000,1.0000,0.7964,0.9391,1.3460,1.0483,0.5556,1.2130,0.6825,1.0000,1.0000,1.0000,1.0000,1.0000,1.0000,1.0000,0.9861,0.9685,0.9865,0.5310,0.7724,0.5507,0.9150,True,3.5060,1.088062,0.188399,78.3604,80.9606
646,left_only,-0.213504,2.092400,-2.294013,-0.458988,0.800279,0.028849,0.846866,0.000000,-0.200000,0.000000,0.400000,0.000000,0.000000,0.000000,21.1543,18.6103,12.9304,17.0560,9.8597,5.9859,5.7129,30.0000,30.0000,15.0000,15.0000,10.0000,10.0000,10.0000,9.4215,6.3757,4.6779,3.1797,2.4444,2.1294,4.4512,8.0000,8.0000,4.0000,4.0000,3.0000,3.0000,3.0000,0.7051,0.6203,0.8620,1.1371,0.9860,0.5986,0.5713,1.0000,1.0000,1.0000,1.0000,1.0000,1.0000,1.0000,1.1777,0.7970,1.1695,0.7949,0.8148,0.7098,1.4837,1.0000,1.0000,1.0000,1.0000,1.0000,1.0000,1.0000,True,1.4480,0.862617,0.090297,179.9751,87.8517
647,left_only,-3.064309,0.101014,2.081765,-0.379392,-1.393186,-0.219424,0.500343,0.000000,-0.200000,0.000000,0.400000,0.000000,0.000000,0.000000,27.3360,40.2176,18.7114,15.4665,7.4906,12.9242,13.6599,30.0000,30.0000,15.0000,15.0000,10.0000,10.0000,10.0000,10.6903,4.4137,4.7918,4.8158,4.3292,2.2904,3.8590,8.0000,8.0000,4.0000,4.0000,3.0000,3.0000,3.0000,0.9112,1.3406,1.2474,1.0311,0.7491,1.2924,1.3660,1.0000,1.0000,1.0000,1.0000,1.0000,1.0000,1.0000,1.3363,0.5517,1.1980,1.2039,1.4431,0.7635,1.2863,1.0000,1.0000,1.0000,1.0000,1.0000,1.0000,1.0000,True,1.8380,1.073809,0.078236,104.7697,83.7401
648,left_only,0.105645,2.941588,1.271057,2.570637,-0.938846,-0.316697,-0.347086,0.000000,-0.200000,0.000000,0.400000,0.000000,0.000000,0.000000,39.4515,18.9495,17.0692,22.3133,13.9501,11.7118,12.9263,30.0000,30.0000,15.0000,15.0000,10.0000,10.0000,10.0000,4.9318,7.9907,4.1276,5.1308,2.3478,1.8195,3.5943,8.0000,8.0000,4.0000,4.0000,3.0000,3.0000,3.0000,1.3151,0.6316,1.1379,1.4876,1.3950,1.1712,1.2926,1.0000,1.0000,1.0000,1.0000,1.0000,1.0000,1.0000,0.6165,0.9988,1.0319,1.2827,0.7826,0.6065,1.1981,1.0000,1.0000,1.0000,1.0000,1.0000,1.0000,1.0000,True,1.3040,0.901098,0.095993,179.8629,86.6900
649,both,-0.819882,2.803872,0.070047,2.545098,-0.084870,0.261496,0.560693,-1.886751,-2.230474,2.088439,0.004059,1.267603,-0.328264,0.648102,21.6987,32.8220,15.9637,10.5527,9.9140,13.7925,11.8053,40.0348,43.2073,14.6838,9.5586,11.0837,12.4088,8.7364,11.9412,10.2764,4.5738,4.2528,4.3123,3.0810,2.7080,9.9830,8.2484,3.2054,4.5181,2.6668,3.8605,1.5092,0.7233,1.0941,1.0642,0.7035,0.9914,1.3792,1.1805,1.3345,1.4402,0.9789,0.6372,1.1084,1.2409,0.8736,1.4927,1.2846,1.1435,1.0632,1.4374,1.0270,0.9027,1.2479,1.0311,0.8014,1.1295,0.8889,1.2868,0.5031,True,1.4460,0.955658,0.111823,179.8846,83.6861
650,left_only,0.713619,0.778855,2.781083,2.185351,-1.621608,0.442889,-0.001065,0.000000,-0.200000,0.000000,0.400000,0.000000,0.000000,0.000000,30.6877,42.2855,21.2760,17.9532,14.7845,8.2887,7.3234,30.0000,30.0000,15.0000,15.0000,10.0000,10.0000,10.0000,4.2341,6.7708,4.4105,3.2215,3.2389,1.6452,2.5623,8.0000,8.0000,4.0000,4.0000,3.0000,3.0000,3.0000,1.0229,1.4095,1.4184,1.1969,1.4784,0.8289,0.7323,1.0000,1.0000,1.0000,1.0000,1.0000,1.0000,1.0000,0.5293,0.8463,1.1026,0.8054,1.0796,0.5484,0.8541,1.0000,1.0000,1.0000,1.0000,1.0000,1.0000,1.0000,True,1.7080,0.837838,0.072617,179.9108,89.9960
651,both,0.383103,0.014356,1.393128,2.202475,0.266066,0.357131,1.154591,-2.976669,-0.833066,-1.665220,0.735797,0.839369,0.196352,0.864085,36.1616,38.3220,16.4861,9.2559,5.2143,10.2978,12.1554,24.6458,30.4849,21.4381,10.9121,10.1226,10.6650,11.4923,4.8709,7.4344,3.0247,4.2684,2.6715,2.1044,1.5132,6.6285,4.7959,5.6854,5.8110,2.8147,3.2417,1.5871,1.2054,1.2774,1.0991,0.6171,0.5214,1.0298,1.2155,0.8215,1.0162,1.4292,0.7275,1.0123,1.0665,1.1492,0.6089,0.9293,0.7562,1.0671,0.8905,0.7015,0.5044,0.8286,0.5995,1.4214,1.4528,0.9382,1.0806,0.5290,False,,0.060589,0.997877,9.2481,14.9155
652,right_only,0.000000,0.200000,0.000000,0.400000,0.000000,0.000000,0.000000,-2.917614,-3.110197,1.178692,-0.011522,-1.687584,-0.454790,-1.211840,30.0000,30.0000,15.0000,15.0000,10.0000,10.0000,10.0000,27.1615,31.2503,16.1859,14.3687,9.5956,12.5314,7.8957,8.0000,8.0000,4.0000,4.0000,3.0000,3.0000,3.0000,5.9017,10.8346,4.7571,3.9075,2.3262,1.9097,1.6123,1.0000,1.0000,1.0000,1.0000,1.0000,1.0000,1.0000,0.9054,1.0417,1.0791,0.9579,0.9596,1.2531,0.7896,1.0000,1.0000,1.0000,1.0000,1.0000,1.0000,1.0000,0.7377,1.3543,1.1893,0.9769,0.7754,0.6366,0.5374,True,1.7140,0.816122,0.105132,179.9943,85.9672
653,left_only,0.874641,1.862997,-2.400147,-0.295034,-1.399710,-0.219159,0.122913,0.000000,-0.200000,0.000000,0.400000,0.000000,0.000000,0.000000,26.9833,41.4665,18.2912,21.1610,13.6282,14.2137,14.8001,30.0000,30.0000,15.0000,15.0000,10.0000,10.0000,10.0000,6.4936,5.6774,2.6606,4.5124,3.5429,1.7635,3.9632,8.0000,8.0000,4.0000,4.0000,3.0000,3.0000,3.0000,0.8994,1.3822,1.2194,1.4107,1.3628,1.4214,1.4800,1.0000,1.0000,1.0000,1.0000,1.0000,1.0000,1.0000,0.8117,0.7097,0.6652,1.1281,1.1810,0.5878,1.3211,1.0000,1.0000,1.0000,1.0000,1.0000,1.0000,1.0000,True,1.6600,0.852960,0.073376,179.9833,89.9958
654,left_only,0.548243,1.995632,-0.190077,-0.315395,-0.097789,-0.315268,0.266646,0.000000,-0.200000,0.000000,0.400000,0.000000,0.000000,0.000000,24.2989,22.4192,14.1158,16.2107,8.6746,14.6360,5.0590,30.0000,30.0000,15.0000,15.0000,10.0000,10.0000,10.0000,11.3029,4.0055,2.8668,5.9854,3.6843,3.4335,3.6783,8.0000,8.0000,4.0000,4.0000,3.0000,3.0000,3.0000,0.8100,0.7473,0.9411,1.0807,0.8675,1.4636,0.5059,1.0000,1.0000,1.0000,1.0000,1.0000,1.0000,1.0000,1.4129,0.5007,0.7167,1.4964,1.2281,1.1445,1.2261,1.0000,1.0000,1.0000,1.0000,1.0000,1.0000,1.0000,True,1.5700,0.843727,0.121962,179.8547,83.9275
655,left_only,-1.216925,2.584313,-1.781898,2.328776,2.401674,0.330860,0.608739,0.000000,-0.200000,0.000000,0.400000,0.000000,0.000000,0.000000,34.5413,30.6328,13.4283,20.4848,11.4746,9.3490,12.8479,30.0000,30.0000,15.0000,15.0000,10.0000,10.0000,10.0000,4.4328,10.5050,5.2428,2.9141,1.6130,3.6411,2.0996,8.0000,8.0000,4.0000,4.0000,3.0000,3.0000,3.0000,1.1514,1.0211,0.8952,1.3657,1.1475,0.9349,1.2848,1.0000,1.0000,1.0000,1.0000,1.0000,1.0000,1.0000,0.5541,1.3131,1.3107,0.7285,0.5377,1.2137,0.6999,1.0000,1.0000,1.0000,1.0000,1.0000,1.0000,1.0000,True,1.3400,0.976378,0.082003,178.5616,86.8556
656,right_only,0.000000,0.200000,0.000000,0.400000,0.000000,0.000000,0.000000,1.551263,-3.365290,-1.707079,-0.776282,1.758097,0.072793,0.885024,30.0000,30.0000,15.0000,15.0000,10.0000,10.0000,10.0000,43.8784,33.3034,10.9763,8.8897,13.6626,7.4511,13.9352,8.0000,8.0000,4.0000,4.0000,3.0000,3.0000,3.0000,11.0263,9.0225,4.4160,5.8033,3.7680,3.5498,2.8072,1.0000,1.0000,1.0000,1.0000,1.0000,1.0000,1.0000,1.4626,1.1101,0.7318,0.5926,1.3663,0.7451,1.3935,1.0000,1.0000,1.0000,1.0000,1.0000,1.0000,1.0000,1.3783,1.1278,1.1040,1.4508,1.2560,1.1833,0.9357,True,1.3900,0.830970,0.100665,179.9887,86.4606
657,both,-0.860367,1.090122,2.705640,1.685432,1.484894,-0.428090,0.895163,-1.172924,-0.613534,-2.783056,2.741696,1.050711,-0.039312,-0.498962,24.3307,24.1019,9.4654,14.4571,9.5349,9.1194,12.0309,31.1640,31.3507,20.2430,19.8545,6.7865,11.2650,13.6572,7.3585,4.7120,5.4082,3.7004,3.4659,4.2897,3.8022,10.4265,4.9977,3.7428,4.0729,2.2734,3.5385,2.9287,0.8110,0.8034,0.6310,0.9638,0.9535,0.9119,1.2031,1.0388,1.0450,1.3495,1.3236,0.6787,1.1265,1.3657,0.9198,0.5890,1.3521,0.9251,1.1553,1.4299,1.2674,1.3033,0.6247,0.9357,1.0182,0.7578,1.1795,0.9762,True,1.6980,1.200607,0.114908,58.4491,82.3629
658,both,-1.738734,0.893348,2.197309,2.627405,1.669284,0.382829,1.148859,-0.823491,-3.034460,1.526403,1.666074,-0.558221,0.439868,-0.409740,42.2290,32.7775,8.0496,20.4050,12.6221,11.4249,11.1459,31.7272,22.8996,11.3094,21.7192,14.9234,13.1144,5.5439,5.7507,5.7159,2.1167,2.6165,2.5094,3.1222,1.8924,9.8291,5.4274,4.2769,5.5749,2.6406,4.2865,3.6251,1.4076,1.0926,0.5366,1.3603,1.2622,1.1425,1.1146,1.0576,0.7633,0.7540,1.4479,1.4923,1.3114,0.5544,0.7188,0.7145,0.5292,0.6541,0.8365,1.0407,0.6308,1.2286,0.6784,1.0692,1.3937,0.8802,1.4288,1.2084,True,1.2300,0.875781,0.088324,179.9901,87.7961
659,right_only,0.000000,0.200000,0.000000,0.400000,0.000000,0.000000,0.000000,-1.722234,-3.041213,1.613042,0.941785,-2.331285,-0.367112,1.186082,30.0000,30.0000,15.0000,15.0000,10.0000,10.0000,10.0000,22.2901,43.9977,17.7174,12.0074,8.8373,12.7704,9.3541,8.0000,8.0000,4.0000,4.0000,3.0000,3.0000,3.0000,4.5980,5.8385,5.4414,4.7847,3.0030,2.2365,2.9238,1.0000,1.0000,1.0000,1.0000,1.0000,1.0000,1.0000,0.7430,1.4666,1.1812,0.8005,0.8837,1.2770,0.9354,1.0000,1.0000,1.0000,1.0000,1.0000,1.0000,1.0000,0.5748,0.7298,1.3603,1.1962,1.0010,0.7455,0.9746,True,1.2440,0.887448,0.087521,177.0660,87.0060
660,both,0.575479,-0.071767,2.980334,2.600819,-1.178517,0.342783,0.461555,-0.001471,-2.871897,2.126423,0.909912,1.876592,-0.185440,-0.487671,43.9407,29.8998,8.3984,20.0356,7.2723,13.7875,14.1644,21.0976,34.5899,12.4971,12.5696,9.1999,13.5218,7.3835,4.5821,8.6594,5.9261,5.7237,3.0757,3.5415,3.3128,6.0063,4.0587,2.6200,5.9147,2.8016,2.0855,4.3970,1.4647,0.9967,0.5599,1.3357,0.7272,1.3788,1.4164,0.7033,1.1530,0.8331,0.8380,0.9200,1.3522,0.7383,0.5728,1.0824,1.4815,1.4309,1.0252,1.1805,1.1043,0.7508,0.5073,0.6550,1.4787,0.9339,0.6952,1.4657,True,1.6740,0.872184,0.115177,179.8893,86.0704
661,both,-3.012275,1.450149,1.902094,2.241768,-1.920109,0.192205,0.310613,0.040551,-2.394124,1.586864,1.359651,1.426450,0.406606,0.902963,38.4701,23.6895,8.3112,16.1197,5.3451,12.1419,12.3682,37.2131,16.8233,16.1758,10.0389,7.0770,7.3325,5.1431,8.5033,5.3452,5.5029,4.3837,3.0447,3.2028,1.7487,11.1347,10.4339,2.1251,2.2279,3.8486,1.5204,2.9070,1.2823,0.7896,0.5541,1.0746,0.5345,1.2142,1.2368,1.2404,0.5608,1.0784,0.6693,0.7077,0.7333,0.5143,1.0629,0.6682,1.3757,1.0959,1.0149,1.0676,0.5829,1.3918,1.3042,0.5313,0.5570,1.2829,0.5068,0.9690,True,1.4680,0.883136,0.080690,179.9915,88.5048
662,left_only,-2.634630,1.856370,3.000590,-0.239551,2.500499,0.338068,1.234072,0.000000,-0.200000,0.000000,0.400000,0.000000,0.000000,0.000000,37.9857,40.7098,16.4190,20.5093,6.1151,12.4165,11.2872,30.0000,30.0000,15.0000,15.0000,10.0000,10.0000,10.0000,4.4788,6.3327,2.8644,3.6207,2.0951,2.3245,2.3881,8.0000,8.0000,4.0000,4.0000,3.0000,3.0000,3.0000,1.2662,1.3570,1.0946,1.3673,0.6115,1.2417,1.1287,1.0000,1.0000,1.0000,1.0000,1.0000,1.0000,1.0000,0.5598,0.7916,0.7161,0.9052,0.6984,0.7748,0.7960,1.0000,1.0000,1.0000,1.0000,1.0000,1.0000,1.0000,False,,0.144895,0.993721,12.3101,19.1718
663,right_only,0.000000,0.200000,0.000000,0.400000,0.000000,0.000000,0.000000,-0.314891,-2.890177,-1.642956,0.359822,-0.163369,-0.427268,1.267997,30.0000,30.0000,15.0000,15.0000,10.0000,10.0000,10.0000,24.0118,23.6203,15.8231,20.3105,9.5681,7.4884,10.6588,8.0000,8.0000,4.0000,4.0000,3.0000,3.0000,3.0000,7.8635,7.3846,5.9355,5.9838,3.1858,1.7040,3.2008,1.0000,1.0000,1.0000,1.0000,1.0000,1.0000,1.0000,0.8004,0.7873,1.0549,1.3540,0.9568,0.7488,1.0659,1.0000,1.0000,1.0000,1.0000,1.0000,1.0000,1.0000,0.9829,0.9231,1.4839,1.4960,1.0619,0.5680,1.0669,True,1.3320,0.852216,0.091769,179.9111,87.5218
664,right_only,0.000000,0.200000,0.000000,0.400000,0.000000,0.000000,0.000000,1.346144,0.099118,-1.788110,-0.164807,-1.873006,0.295801,-0.025260,30.0000,30.0000,15.0000,15.0000,10.0000,10.0000,10.0000,25.1414,24.7442,11.6312,20.7393,9.0968,7.4402,12.1040,8.0000,8.0000,4.0000,4.0000,3.0000,3.0000,3.0000,9.0836,9.7229,5.2878,2.4049,1.5060,1.6517,3.6204,1.0000,1.0000,1.0000,1.0000,1.0000,1.0000,1.0000,0.8380,0.8248,0.7754,1.3826,0.9097,0.7440,1.2104,1.0000,1.0000,1.0000,1.0000,1.0000,1.0000,1.0000,1.1355,1.2154,1.3220,0.6012,0.5020,0.5506,1.2068,False,,0.112291,0.994002,10.3021,20.8302
665,both,1.261479,0.871578,1.769371,2.061532,2.623635,-0.027016,-0.848175,0.464240,-0.304865,1.000391,2.614940,-0.611988,0.176041,-0.599824,28.3932,22.2748,9.8180,8.0393,11.7142,13.7527,8.1442,35.2660,36.1645,9.7865,12.6986,6.1315,9.4075,13.8729,7.4339,4.0284,3.6514,3.1253,3.2226,4.2256,3.0185,7.8475,7.6492,2.8373,3.2409,4.3098,2.4090,3.6942,0.9464,0.7425,0.6545,0.5360,1.1714,1.3753,0.8144,1.1755,1.2055,0.6524,0.8466,0.6131,0.9407,1.3873,0.9292,0.5035,0.9129,0.7813,1.0742,1.4085,1.0062,0.9809,0.9562,0.7093,0.8102,1.4366,0.8030,1.2314,True,1.1740,0.945914,0.072429,179.7472,89.9962
666,right_only,0.000000,0.200000,0.000000,0.400000,0.000000,0.000000,0.000000,-2.941513,-2.914973,-1.243920,2.772868,-1.486880,0.209739,-0.844488,30.0000,30.0000,15.0000,15.0000,10.0000,10.0000,10.0000,33.3853,32.6048,16.8292,11.7941,6.6210,13.8649,10.6944,8.0000,8.0000,4.0000,4.0000,3.0000,3.0000,3.0000,5.6963,7.3066,2.2684,3.9015,2.7717,1.8982,2.8331,1.0000,1.0000,1.0000,1.0000,1.0000,1.0000,1.0000,1.1128,1.0868,1.1219,0.7863,0.6621,1.3865,1.0694,1.0000,1.0000,1.0000,1.0000,1.0000,1.0000,1.0000,0.7120,0.9133,0.5671,0.9754,0.9239,0.6327,0.9444,True,1.4280,0.792497,0.117568,174.7266,84.4729
667,right_only,0.000000,0.200000,0.000000,0.400000,0.000000,0.000000,0.000000,-0.127803,0.109694,0.977060,1.125058,1.685494,-0.203560,0.428705,30.0000,30.0000,15.0000,15.0000,10.0000,10.0000,10.0000,15.1519,17.1765,16.8640,10.3882,11.8873,11.3675,5.6367,8.0000,8.0000,4.0000,4.0000,3.0000,3.0000,3.0000,7.1400,8.9040,4.8539,5.2643,2.4913,4.0101,2.5628,1.0000,1.0000,1.0000,1.0000,1.0000,1.0000,1.0000,0.5051,0.5726,1.1243,0.6925,1.1887,1.1368,0.5637,1.0000,1.0000,1.0000,1.0000,1.0000,1.0000,1.0000,0.8925,1.1130,1.2135,1.3161,0.8304,1.3367,0.8543,False,,0.059115,0.994446,11.2008,12.8691
668,right_only,0.000000,0.200000,0.000000,0.400000,0.000000,0.000000,0.000000,-3.107092,-1.094178,-1.639739,-0.436305,-1.261859,0.303320,1.051563,30.0000,30.0000,15.0000,15.0000,10.0000,10.0000,10.0000,43.8509,24.0849,14.3389,19.5379,8.1790,8.8514,7.3727,8.0000,8.0000,4.0000,4.0000,3.0000,3.0000,3.0000,8.5789,9.2741,3.2738,2.0969,3.7077,3.3498,2.1570,1.0000,1.0000,1.0000,1.0000,1.0000,1.0000,1.0000,1.4617,0.8028,0.9559,1.3025,0.8179,0.8851,0.7373,1.0000,1.0000,1.0000,1.0000,1.0000,1.0000,1.0000,1.0724,1.1593,0.8184,0.5242,1.2359,1.1166,0.7190,False,,0.111814,0.991308,6.9585,19.7551
669,both,-1.658010,3.237890,0.913254,1.509323,0.674619,0.420361,-0.406758,-1.816886,-1.975914,1.531381,-0.450440,-1.558690,-0.251373,0.346399,34.2475,26.1566,11.6429,18.8198,5.3173,12.3874,7.1027,38.1143,31.9021,16.0400,20.3739,9.2469,13.9504,8.7222,11.2222,7.3095,4.5692,2.4839,2.2617,3.6018,3.1511,6.6288,10.2354,2.0462,2.6888,1.7153,3.0363,3.3842,1.1416,0.8719,0.7762,1.2547,0.5317,1.2387,0.7103,1.2705,1.0634,1.0693,1.3583,0.9247,1.3950,0.8722,1.4028,0.9137,1.1423,0.6210,0.7539,1.2006,1.0504,0.8286,1.2794,0.5115,0.6722,0.5718,1.0121,1.1281,True,1.3980,0.991693,0.096469,84.0250,86.5366
670,both,-3.091129,0.230332,-0.944591,0.265155,-2.450516,-0.302616,0.881511,0.159737,-2.280763,-1.516480,-0.618777,-0.740302,-0.094286,1.026621,37.2935,29.3746,9.5229,17.3424,14.3601,5.7804,13.4861,33.5556,35.4840,8.5354,18.0508,6.5460,11.7703,6.2404,5.4409,9.6102,2.7354,4.4001,2.2129,3.1251,3.3005,7.8353,7.0941,5.8694,4.5232,1.7646,3.6027,2.0824,1.2431,0.9792,0.6349,1.1562,1.4360,0.5780,1.3486,1.1185,1.1828,0.5690,1.2034,0.6546,1.1770,0.6240,0.6801,1.2013,0.6839,1.1000,0.7376,1.0417,1.1002,0.9794,0.8868,1.4673,1.1308,0.5882,1.2009,0.6941,True,3.1640,1.219826,0.083905,90.5207,81.1730
671,left_only,-1.792232,1.050515,1.741198,2.949054,2.314171,-0.304618,-1.116550,0.000000,-0.200000,0.000000,0.400000,0.000000,0.000000,0.000000,39.8560,23.6465,16.2424,22.1794,6.8642,8.7486,13.6760,30.0000,30.0000,15.0000,15.0000,10.0000,10.0000,10.0000,9.1998,11.5004,4.5269,3.2143,3.9153,3.7778,4.3009,8.0000,8.0000,4.0000,4.0000,3.0000,3.0000,3.0000,1.3285,0.7882,1.0828,1.4786,0.6864,0.8749,1.3676,1.0000,1.0000,1.0000,1.0000,1.0000,1.0000,1.0000,1.1500,1.4376,1.1317,0.8036,1.3051,1.2593,1.4336,1.0000,1.0000,1.0000,1.0000,1.0000,1.0000,1.0000,True,1.4220,0.857160,0.094931,179.6795,89.3788
672,left_only,-0.897254,1.520733,-0.823923,0.159972,2.730000,0.441461,0.075302,0.000000,-0.200000,0.000000,0.400000,0.000000,0.000000,0.000000,43.6526,25.6847,20.2499,17.0230,12.1707,12.1820,11.3583,30.0000,30.0000,15.0000,15.0000,10.0000,10.0000,10.0000,10.8186,7.1361,5.3968,2.7337,2.0999,3.6520,3.7504,8.0000,8.0000,4.0000,4.0000,3.0000,3.0000,3.0000,1.4551,0.8562,1.3500,1.1349,1.2171,1.2182,1.1358,1.0000,1.0000,1.0000,1.0000,1.0000,1.0000,1.0000,1.3523,0.8920,1.3492,0.6834,0.7000,1.2173,1.2501,1.0000,1.0000,1.0000,1.0000,1.0000,1.0000,1.0000,True,1.6260,0.831546,0.076742,179.9553,88.2229
673,left_only,1.109838,0.658301,-2.342086,1.145858,2.031961,0.436106,0.908879,0.000000,-0.200000,0.000000,0.400000,0.000000,0.000000,0.000000,29.6987,40.9015,10.7096,21.3175,10.6685,8.8936,10.8164,30.0000,30.0000,15.0000,15.0000,10.0000,10.0000,10.0000,10.2721,5.9210,2.4075,4.9325,4.3574,3.4109,1.9278,8.0000,8.0000,4.0000,4.0000,3.0000,3.0000,3.0000,0.9900,1.3634,0.7140,1.4212,1.0668,0.8894,1.0816,1.0000,1.0000,1.0000,1.0000,1.0000,1.0000,1.0000,1.2840,0.7401,0.6019,1.2331,1.4525,1.1370,0.6426,1.0000,1.0000,1.0000,1.0000,1.0000,1.0000,1.0000,False,,0.055804,0.978279,13.2547,27.3095
674,right_only,0.000000,0.200000,0.000000,0.400000,0.000000,0.000000,0.000000,-0.109655,-2.959131,-1.289015,-0.819501,0.058009,-0.165247,-1.022294,30.0000,30.0000,15.0000,15.0000,10.0000,10.0000,10.0000,24.2708,34.4271,11.8362,9.6461,10.4480,12.5323,13.3014,8.0000,8.0000,4.0000,4.0000,3.0000,3.0000,3.0000,7.7768,9.6886,5.3333,4.6916,3.0818,1.6798,2.3701,1.0000,1.0000,1.0000,1.0000,1.0000,1.0000,1.0000,0.8090,1.1476,0.7891,0.6431,1.0448,1.2532,1.3301,1.0000,1.0000,1.0000,1.0000,1.0000,1.0000,1.0000,0.9721,1.2111,1.3333,1.1729,1.0273,0.5599,0.7900,True,1.4140,0.866009,0.089431,179.9859,87.9136
675,left_only,-1.633671,1.113143,2.731562,-0.087345,0.109356,0.454377,0.301738,0.000000,-0.200000,0.000000,0.400000,0.000000,0.000000,0.000000,21.2673,43.8057,12.5444,8.2181,9.3136,7.4066,13.1886,30.0000,30.0000,15.0000,15.0000,10.0000,10.0000,10.0000,5.7596,10.5588,2.1447,5.7166,1.6266,4.3156,1.7211,8.0000,8.0000,4.0000,4.0000,3.0000,3.0000,3.0000,0.7089,1.4602,0.8363,0.5479,0.9314,0.7407,1.3189,1.0000,1.0000,1.0000,1.0000,1.0000,1.0000,1.0000,0.7200,1.3199,0.5362,1.4292,0.5422,1.4385,0.5737,1.0000,1.0000,1.0000,1.0000,1.0000,1.0000,1.0000,False,,0.060099,0.997078,12.6146,16.0635
676,both,0.969869,2.762435,0.710383,-0.801377,0.567783,0.109008,0.145282,-0.165515,0.259446,2.634526,1.199648,-2.221228,-0.338579,0.559691,44.4589,28.0817,8.9706,12.7957,8.8501,14.9660,11.8658,42.0852,39.8045,16.1132,14.7694,14.9285,12.2220,14.5264,4.9429,6.6966,2.1942,4.6122,3.5182,1.6725,2.5066,4.5727,5.6972,2.1244,5.4717,3.5827,2.0330,4.4226,1.4820,0.9361,0.5980,0.8530,0.8850,1.4966,1.1866,1.4028,1.3268,1.0742,0.9846,1.4929,1.2222,1.4526,0.6179,0.8371,0.5486,1.1531,1.1727,0.5575,0.8355,0.5716,0.7122,0.5311,1.3679,1.1942,0.6777,1.4742,True,1.3360,0.814687,0.094143,179.9434,87.0511
677,left_only,1.361805,0.468980,1.008545,1.809265,-2.986863,0.174621,-0.707796,0.000000,-0.200000,0.000000,0.400000,0.000000,0.000000,0.000000,42.0396,40.1552,21.0794,18.8633,6.6491,8.6055,12.0893,30.0000,30.0000,15.0000,15.0000,10.0000,10.0000,10.0000,6.5866,9.6803,3.3446,2.7109,3.0545,3.5587,3.0516,8.0000,8.0000,4.0000,4.0000,3.0000,3.0000,3.0000,1.4013,1.3385,1.4053,1.2576,0.6649,0.8606,1.2089,1.0000,1.0000,1.0000,1.0000,1.0000,1.0000,1.0000,0.8233,1.2100,0.8362,0.6777,1.0182,1.1862,1.0172,1.0000,1.0000,1.0000,1.0000,1.0000,1.0000,1.0000,True,1.8520,0.993233,0.085171,179.7555,89.9956
678,both,-0.116805,1.275833,1.753139,1.734361,0.299734,-0.059781,0.090748,-2.899744,-0.879800,-1.850986,2.602415,1.929100,0.025858,0.881713,35.1241,19.2378,18.6116,22.4371,5.4098,7.4492,10.9774,25.8829,30.1137,7.8237,10.8626,9.6366,8.9897,12.1465,7.3216,9.1004,4.3456,5.1520,1.7127,2.8218,4.0802,8.8950,11.0423,5.4191,2.9649,1.5529,4.0634,2.4874,1.1708,0.6413,1.2408,1.4958,0.5410,0.7449,1.0977,0.8628,1.0038,0.5216,0.7242,0.9637,0.8990,1.2147,0.9152,1.1376,1.0864,1.2880,0.5709,0.9406,1.3601,1.1119,1.3803,1.3548,0.7412,0.5176,1.3545,0.8291,False,,0.110100,0.988993,11.4767,16.7047
679,left_only,-1.505113,0.218732,1.269351,0.206850,-1.991960,0.003136,0.636056,0.000000,-0.200000,0.000000,0.400000,0.000000,0.000000,0.000000,23.0880,36.6612,14.4296,13.5566,8.5952,6.4558,8.3263,30.0000,30.0000,15.0000,15.0000,10.0000,10.0000,10.0000,11.0340,4.8173,5.8332,2.4300,2.5861,3.3189,4.0135,8.0000,8.0000,4.0000,4.0000,3.0000,3.0000,3.0000,0.7696,1.2220,0.9620,0.9038,0.8595,0.6456,0.8326,1.0000,1.0000,1.0000,1.0000,1.0000,1.0000,1.0000,1.3793,0.6022,1.4583,0.6075,0.8620,1.1063,1.3378,1.0000,1.0000,1.0000,1.0000,1.0000,1.0000,1.0000,True,2.7020,1.107158,0.094090,105.3015,72.8534
680,both,-2.463725,0.153366,0.902904,0.259044,0.702332,0.296539,-1.074749,0.837567,-3.257927,2.086344,3.079303,1.094542,0.447936,0.817859,16.3310,15.1143,7.8120,14.2786,11.2338,9.8147,11.7713,44.6143,21.9138,17.2024,8.1307,5.6647,12.1675,11.3517,7.5968,4.3405,2.9047,5.9705,2.5376,2.4743,1.9584,9.4413,5.8478,5.9396,4.2335,4.4086,1.9925,2.7153,0.5444,0.5038,0.5208,0.9519,1.1234,0.9815,1.1771,1.4871,0.7305,1.1468,0.5420,0.5665,1.2168,1.1352,0.9496,0.5426,0.7262,1.4926,0.8459,0.8248,0.6528,1.1802,0.7310,1.4849,1.0584,1.4695,0.6642,0.9051,True,1.2020,0.867219,0.072822,179.8467,88.1295
681,right_only,0.000000,0.200000,0.000000,0.400000,0.000000,0.000000,0.000000,-1.558921,-0.545817,1.228730,1.059426,-2.656987,-0.300435,-1.142325,30.0000,30.0000,15.0000,15.0000,10.0000,10.0000,10.0000,40.4104,23.6931,9.2688,12.8126,5.7729,14.7886,8.1501,8.0000,8.0000,4.0000,4.0000,3.0000,3.0000,3.0000,11.4645,9.4618,4.2644,3.9020,3.5621,3.5588,1.5316,1.0000,1.0000,1.0000,1.0000,1.0000,1.0000,1.0000,1.3470,0.7898,0.6179,0.8542,0.5773,1.4789,0.8150,1.0000,1.0000,1.0000,1.0000,1.0000,1.0000,1.0000,1.4331,1.1827,1.0661,0.9755,1.1874,1.1863,0.5105,True,1.6460,0.854207,0.072683,170.0153,89.9966
682,both,1.135661,1.010902,-0.656941,0.729219,0.937229,-0.114684,-0.320469,-2.841080,-1.825095,-2.162457,2.583584,-0.823216,0.426302,0.468701,37.6845,43.4325,11.0840,16.0094,5.4073,6.0076,8.6659,32.5668,29.9144,11.5564,7.5982,10.6801,13.1761,5.6854,9.4600,10.6535,3.0256,4.9963,2.1729,1.5182,1.6632,9.8918,9.0763,3.9174,2.1934,4.2707,2.9323,2.6988,1.2562,1.4478,0.7389,1.0673,0.5407,0.6008,0.8666,1.0856,0.9971,0.7704,0.5065,1.0680,1.3176,0.5685,1.1825,1.3317,0.7564,1.2491,0.7243,0.5061,0.5544,1.2365,1.1345,0.9794,0.5483,1.4236,0.9774,0.8996,True,1.3000,0.933428,0.077377,172.0672,89.7317
683,left_only,0.917549,2.816286,1.463570,2.475257,-2.293868,0.241347,-0.436793,0.000000,-0.200000,0.000000,0.400000,0.000000,0.000000,0.000000,41.0248,26.1069,8.3146,13.7157,12.5678,10.0093,12.6363,30.0000,30.0000,15.0000,15.0000,10.0000,10.0000,10.0000,4.2822,5.4173,4.2544,3.5413,3.5405,4.3877,3.4796,8.0000,8.0000,4.0000,4.0000,3.0000,3.0000,3.0000,1.3675,0.8702,0.5543,0.9144,1.2568,1.0009,1.2636,1.0000,1.0000,1.0000,1.0000,1.0000,1.0000,1.0000,0.5353,0.6772,1.0636,0.8853,1.1802,1.4626,1.1599,1.0000,1.0000,1.0000,1.0000,1.0000,1.0000,1.0000,True,1.3340,0.821324,0.099103,179.8375,86.2812
684,left_only,-1.174221,1.670136,2.515726,1.829446,1.616314,-0.183595,0.620576,0.000000,-0.200000,0.000000,0.400000,0.000000,0.000000,0.000000,19.1829,37.4933,20.7234,21.0035,6.1659,13.2988,6.0994,30.0000,30.0000,15.0000,15.0000,10.0000,10.0000,10.0000,7.8272,9.4602,3.9370,3.3596,3.5515,3.4826,3.2487,8.0000,8.0000,4.0000,4.0000,3.0000,3.0000,3.0000,0.6394,1.2498,1.3816,1.4002,0.6166,1.3299,0.6099,1.0000,1.0000,1.0000,1.0000,1.0000,1.0000,1.0000,0.9784,1.1825,0.9842,0.8399,1.1838,1.1609,1.0829,1.0000,1.0000,1.0000,1.0000,1.0000,1.0000,1.0000,True,1.5400,0.846098,0.107117,179.9012,89.3217
685,left_only,-0.651101,2.287697,-0.374780,-0.665987,0.085738,0.206696,-0.510134,0.000000,-0.200000,0.000000,0.400000,0.000000,0.000000,0.000000,19.2225,42.3552,20.4562,16.7765,12.8661,14.6881,10.6926,30.0000,30.0000,15.0000,15.0000,10.0000,10.0000,10.0000,5.9535,9.1105,5.6584,4.7606,1.5787,4.2514,3.7610,8.0000,8.0000,4.0000,4.0000,3.0000,3.0000,3.0000,0.6408,1.4118,1.3637,1.1184,1.2866,1.4688,1.0693,1.0000,1.0000,1.0000,1.0000,1.0000,1.0000,1.0000,0.7442,1.1388,1.4146,1.1901,0.5262,1.4171,1.2537,1.0000,1.0000,1.0000,1.0000,1.0000,1.0000,1.0000,True,1.8060,0.879354,0.109358,179.9899,85.4017
686,left_only,-1.247376,3.352720,1.431922,2.459072,2.422639,-0.425890,0.697026,0.000000,-0.200000,0.000000,0.400000,0.000000,0.000000,0.000000,26.5904,41.0723,20.6834,19.9293,12.7920,12.9428,7.9655,30.0000,30.0000,15.0000,15.0000,10.0000,10.0000,10.0000,7.2522,4.9204,5.3224,4.5840,3.3382,2.2382,3.3451,8.0000,8.0000,4.0000,4.0000,3.0000,3.0000,3.0000,0.8863,1.3691,1.3789,1.3286,1.2792,1.2943,0.7966,1.0000,1.0000,1.0000,1.0000,1.0000,1.0000,1.0000,0.9065,0.6151,1.3306,1.1460,1.1127,0.7461,1.1150,1.0000,1.0000,1.0000,1.0000,1.0000,1.0000,1.0000,True,1.4360,1.011297,0.113609,178.6638,88.1896
687,right_only,0.000000,0.200000,0.000000,0.400000,0.000000,0.000000,0.000000,-0.999061,0.362116,1.883597,1.222309,1.906704,-0.310333,-1.012443,30.0000,30.0000,15.0000,15.0000,10.0000,10.0000,10.0000,33.9195,36.8036,8.2958,10.5145,10.3727,5.6282,9.2405,8.0000,8.0000,4.0000,4.0000,3.0000,3.0000,3.0000,7.8566,11.3745,3.2627,2.6747,1.5225,1.8648,3.7526,1.0000,1.0000,1.0000,1.0000,1.0000,1.0000,1.0000,1.1307,1.2268,0.5531,0.7010,1.0373,0.5628,0.9241,1.0000,1.0000,1.0000,1.0000,1.0000,1.0000,1.0000,0.9821,1.4218,0.8157,0.6687,0.5075,0.6216,1.2509,False,,0.068605,0.998399,12.2045,11.3832
688,left_only,-1.044418,0.371181,2.630267,2.302533,-2.351259,-0.213714,0.887581,0.000000,-0.200000,0.000000,0.400000,0.000000,0.000000,0.000000,35.7729,43.3664,8.6437,19.1312,5.7641,8.3666,12.5067,30.0000,30.0000,15.0000,15.0000,10.0000,10.0000,10.0000,9.6881,4.0169,2.8078,5.1143,1.8784,2.4791,2.0517,8.0000,8.0000,4.0000,4.0000,3.0000,3.0000,3.0000,1.1924,1.4455,0.5762,1.2754,0.5764,0.8367,1.2507,1.0000,1.0000,1.0000,1.0000,1.0000,1.0000,1.0000,1.2110,0.5021,0.7019,1.2786,0.6261,0.8264,0.6839,1.0000,1.0000,1.0000,1.0000,1.0000,1.0000,1.0000,True,2.7700,1.133526,0.089675,98.2413,77.4300
689,right_only,0.000000,0.200000,0.000000,0.400000,0.000000,0.000000,0.000000,-2.615049,-0.237555,-2.662192,1.263886,1.239782,-0.409229,0.338904,30.0000,30.0000,15.0000,15.0000,10.0000,10.0000,10.0000,25.0220,40.0064,19.4649,19.4086,8.9866,13.2255,11.2998,8.0000,8.0000,4.0000,4.0000,3.0000,3.0000,3.0000,7.0295,4.6454,2.2673,3.0056,2.3988,4.2826,4.4998,1.0000,1.0000,1.0000,1.0000,1.0000,1.0000,1.0000,0.8341,1.3335,1.2977,1.2939,0.8987,1.3225,1.1300,1.0000,1.0000,1.0000,1.0000,1.0000,1.0000,1.0000,0.8787,0.5807,0.5668,0.7514,0.7996,1.4275,1.4999,True,2.0840,1.058999,0.112378,75.4115,73.2603
690,left_only,-2.463296,3.183664,1.346082,1.109252,2.488995,0.197666,0.237882,0.000000,-0.200000,0.000000,0.400000,0.000000,0.000000,0.000000,21.2858,22.3333,21.1725,10.7256,5.3231,7.6623,9.8056,30.0000,30.0000,15.0000,15.0000,10.0000,10.0000,10.0000,7.0557,11.4864,3.6743,5.5562,3.2840,3.0724,1.9806,8.0000,8.0000,4.0000,4.0000,3.0000,3.0000,3.0000,0.7095,0.7444,1.4115,0.7150,0.5323,0.7662,0.9806,1.0000,1.0000,1.0000,1.0000,1.0000,1.0000,1.0000,0.8820,1.4358,0.9186,1.3891,1.0947,1.0241,0.6602,1.0000,1.0000,1.0000,1.0000,1.0000,1.0000,1.0000,True,1.3440,0.978473,0.080374,179.8374,88.2321
691,both,-1.863440,2.897891,1.762357,0.897859,2.225968,0.295240,-0.985306,-0.286067,-0.380373,1.573311,-0.572761,-1.456240,-0.080439,-0.630857,18.2681,33.8640,15.1121,9.8248,10.8638,5.6201,8.8304,22.3853,17.0692,20.1516,14.8640,8.4645,5.5523,5.6462,10.3401,11.1204,2.9809,5.4380,4.1753,3.3206,4.4465,4.7257,5.4691,5.8816,3.1256,3.9511,1.5582,2.4654,0.6089,1.1288,1.0075,0.6550,1.0864,0.5620,0.8830,0.7462,0.5690,1.3434,0.9909,0.8465,0.5552,0.5646,1.2925,1.3900,0.7452,1.3595,1.3918,1.1069,1.4822,0.5907,0.6836,1.4704,0.7814,1.3170,0.5194,0.8218,True,1.3000,0.976017,0.088642,178.6544,84.9439
692,both,1.128166,0.319454,-1.049587,2.463506,-2.310784,-0.413306,1.183581,-1.233431,-0.913247,-2.289253,-0.040667,-0.100511,0.162017,-0.525150,41.5390,38.4343,15.7734,14.3882,11.1954,12.3166,6.3495,31.1879,39.6718,9.6166,16.8372,14.4260,14.9669,5.1009,10.8211,7.9152,5.7414,5.8222,1.5922,2.6534,3.0787,11.7805,4.9777,4.1478,2.9855,3.3192,1.6111,2.2150,1.3846,1.2811,1.0516,0.9592,1.1195,1.2317,0.6350,1.0396,1.3224,0.6411,1.1225,1.4426,1.4967,0.5101,1.3526,0.9894,1.4353,1.4555,0.5307,0.8845,1.0262,1.4726,0.6222,1.0370,0.7464,1.1064,0.5370,0.7383,True,1.7800,0.944660,0.075232,179.9516,89.9875
693,left_only,-1.724289,3.080995,0.649180,1.974906,0.883847,-0.099633,-1.234386,0.000000,-0.200000,0.000000,0.400000,0.000000,0.000000,0.000000,18.2106,28.7643,21.6194,11.2314,11.9832,13.2660,14.0679,30.0000,30.0000,15.0000,15.0000,10.0000,10.0000,10.0000,6.3479,11.4503,4.4319,4.0336,3.8352,2.2161,3.9377,8.0000,8.0000,4.0000,4.0000,3.0000,3.0000,3.0000,0.6070,0.9588,1.4413,0.7488,1.1983,1.3266,1.4068,1.0000,1.0000,1.0000,1.0000,1.0000,1.0000,1.0000,0.7935,1.4313,1.1080,1.0084,1.2784,0.7387,1.3126,1.0000,1.0000,1.0000,1.0000,1.0000,1.0000,1.0000,True,1.3800,0.995020,0.089493,102.9863,87.0753
694,right_only,0.000000,0.200000,0.000000,0.400000,0.000000,0.000000,0.000000,-0.078676,-0.378396,1.841945,1.599645,-2.538406,-0.187083,0.960170,30.0000,30.0000,15.0000,15.0000,10.0000,10.0000,10.0000,33.8087,41.7017,13.2679,15.0709,13.6259,12.6203,8.7750,8.0000,8.0000,4.0000,4.0000,3.0000,3.0000,3.0000,4.1810,11.0427,5.1454,3.7966,3.1387,2.1129,2.7363,1.0000,1.0000,1.0000,1.0000,1.0000,1.0000,1.0000,1.1270,1.3901,0.8845,1.0047,1.3626,1.2620,0.8775,1.0000,1.0000,1.0000,1.0000,1.0000,1.0000,1.0000,0.5226,1.3803,1.2864,0.9492,1.0462,0.7043,0.9121,True,1.4560,0.797907,0.112596,173.1548,85.0778
695,both,-2.371350,0.415953,2.138915,0.547011,1.682806,-0.024143,-1.090224,-1.437207,-2.801726,0.922578,2.814058,1.645315,0.257555,0.919141,38.2999,32.0572,18.2141,13.7393,5.7079,12.0558,12.2166,39.7931,37.3233,21.8069,17.3109,9.9488,11.7568,9.1182,5.7898,11.6315,2.2100,4.9438,4.4054,2.4274,4.2374,6.5991,4.6580,3.5120,5.2128,4.3363,4.4255,2.1196,1.2767,1.0686,1.2143,0.9160,0.5708,1.2056,1.2217,1.3264,1.2441,1.4538,1.1541,0.9949,1.1757,0.9118,0.7237,1.4539,0.5525,1.2360,1.4685,0.8091,1.4125,0.8249,0.5822,0.8780,1.3032,1.4454,1.4752,0.7065,True,1.5360,0.987213,0.094709,176.6413,89.8466
696,left_only,-0.448556,1.796328,-1.661811,1.452124,-0.920486,0.409226,-0.621786,0.000000,-0.200000,0.000000,0.400000,0.000000,0.000000,0.000000,40.0488,41.9057,18.5381,10.7202,7.6037,14.7112,5.7583,30.0000,30.0000,15.0000,15.0000,10.0000,10.0000,10.0000,4.9367,11.8286,5.1076,4.9855,1.9806,2.9668,4.0223,8.0000,8.0000,4.0000,4.0000,3.0000,3.0000,3.0000,1.3350,1.3969,1.2359,0.7147,0.7604,1.4711,0.5758,1.0000,1.0000,1.0000,1.0000,1.0000,1.0000,1.0000,0.6171,1.4786,1.2769,1.2464,0.6602,0.9889,1.3408,1.0000,1.0000,1.0000,1.0000,1.0000,1.0000,1.0000,True,1.4740,0.856674,0.083786,179.9498,87.9935
697,right_only,0.000000,0.200000,0.000000,0.400000,0.000000,0.000000,0.000000,-1.591019,-2.671348,-2.947940,1.621101,-1.057653,0.336397,-0.549864,30.0000,30.0000,15.0000,15.0000,10.0000,10.0000,10.0000,19.5473,43.8134,21.9717,17.7754,14.2839,6.6183,9.6034,8.0000,8.0000,4.0000,4.0000,3.0000,3.0000,3.0000,5.6333,7.8303,5.1647,5.3797,1.5125,2.6685,4.4822,1.0000,1.0000,1.0000,1.0000,1.0000,1.0000,1.0000,0.6516,1.4604,1.4648,1.1850,1.4284,0.6618,0.9603,1.0000,1.0000,1.0000,1.0000,1.0000,1.0000,1.0000,0.7042,0.9788,1.2912,1.3449,0.5042,0.8895,1.4941,True,1.7560,0.874238,0.088724,179.6598,89.8483
698,both,-0.364327,0.739621,-0.454403,0.382188,-0.431833,-0.051350,0.017433,-0.952177,-1.449090,-2.851303,-0.725217,-0.612211,0.356071,0.738714,18.3046,29.8449,16.5688,14.7178,11.9757,14.9726,5.9647,34.8948,24.9127,22.3348,19.9317,10.3954,14.9051,13.3009,8.1243,8.0990,4.2495,2.6679,3.4151,1.6330,3.7234,5.1038,8.7285,4.3234,4.6118,4.3223,2.9761,1.7321,0.6102,0.9948,1.1046,0.9812,1.1976,1.4973,0.5965,1.1632,0.8304,1.4890,1.3288,1.0395,1.4905,1.3301,1.0155,1.0124,1.0624,0.6670,1.1384,0.5443,1.2411,0.6380,1.0911,1.0809,1.1529,1.4408,0.9920,0.5774,False,,0.082521,0.998065,8.9772,18.0813
699,right_only,0.000000,0.200000,0.000000,0.400000,0.000000,0.000000,0.000000,-0.882349,-0.422137,-0.976688,-0.838057,-1.003319,0.168489,-1.051536,30.0000,30.0000,15.0000,15.0000,10.0000,10.0000,10.0000,26.2789,18.9939,14.6389,9.6227,6.0904,11.9780,6.5800,8.0000,8.0000,4.0000,4.0000,3.0000,3.0000,3.0000,5.2384,8.7402,2.1744,2.1320,2.7943,2.5953,3.1339,1.0000,1.0000,1.0000,1.0000,1.0000,1.0000,1.0000,0.8760,0.6331,0.9759,0.6415,0.6090,1.1978,0.6580,1.0000,1.0000,1.0000,1.0000,1.0000,1.0000,1.0000,0.6548,1.0925,0.5436,0.5330,0.9314,0.8651,1.0446,False,,0.091021,0.999476,7.5819,16.2718
700,both,1.539313,1.263191,0.606251,2.846476,-0.226888,0.260036,0.123577,-0.138754,0.124859,-3.006010,2.770882,0.116706,0.098757,-0.126853,22.8276,16.9802,21.6769,16.8581,13.7347,7.9081,7.7800,33.3506,33.3677,17.7565,15.5340,5.2676,5.7605,14.7378,6.6863,5.8483,3.9919,5.7450,4.1282,2.9853,2.5463,9.9699,11.5860,3.3581,4.1398,2.4659,4.2268,2.3632,0.7609,0.5660,1.4451,1.1239,1.3735,0.7908,0.7780,1.1117,1.1123,1.1838,1.0356,0.5268,0.5760,1.4738,0.8358,0.7310,0.9980,1.4362,1.3761,0.9951,0.8488,1.2462,1.4482,0.8395,1.0349,0.8220,1.4089,0.7877,True,1.5760,1.056687,0.078289,179.8344,89.9743
701,right_only,0.000000,0.200000,0.000000,0.400000,0.000000,0.000000,0.000000,0.127851,-2.738290,-2.413224,-0.307229,0.299662,0.318700,1.268170,30.0000,30.0000,15.0000,15.0000,10.0000,10.0000,10.0000,33.6805,31.0081,19.3032,8.4562,13.0940,12.5838,10.2954,8.0000,8.0000,4.0000,4.0000,3.0000,3.0000,3.0000,4.1839,5.6176,3.4789,5.7649,3.4155,3.0303,2.9653,1.0000,1.0000,1.0000,1.0000,1.0000,1.0000,1.0000,1.1227,1.0336,1.2869,0.5637,1.3094,1.2584,1.0295,1.0000,1.0000,1.0000,1.0000,1.0000,1.0000,1.0000,0.5230,0.7022,0.8697,1.4412,1.1385,1.0101,0.9884,True,1.5720,0.856031,0.111128,178.9328,85.2960
702,both,0.533686,0.843322,-2.124044,1.846189,-1.114868,-0.161327,-0.115023,-1.996723,0.084036,1.792322,3.143195,2.805801,-0.171629,-0.303281,35.9477,15.4754,22.4083,7.6626,10.3149,11.6870,14.1415,17.0884,25.0613,21.8972,12.3517,11.2186,10.1988,14.3662,9.1531,8.7758,3.2014,4.3637,3.7491,3.0468,3.8389,5.3022,6.3951,5.4495,4.6648,3.1291,2.6847,2.7339,1.1983,0.5158,1.4939,0.5108,1.0315,1.1687,1.4141,0.5696,0.8354,1.4598,0.8234,1.1219,1.0199,1.4366,1.1441,1.0970,0.8004,1.0909,1.2497,1.0156,1.2796,0.6628,0.7994,1.3624,1.1662,1.0430,0.8949,0.9113,False,,0.105991,0.991057,13.7698,14.5945
703,right_only,0.000000,0.200000,0.000000,0.400000,0.000000,0.000000,0.000000,1.263486,-0.863334,2.257988,3.065129,0.400766,0.101647,0.397167,30.0000,30.0000,15.0000,15.0000,10.0000,10.0000,10.0000,40.1751,34.7722,9.2197,21.6365,11.6093,13.6992,9.2474,8.0000,8.0000,4.0000,4.0000,3.0000,3.0000,3.0000,7.7977,9.5109,5.1056,2.3138,2.7220,3.8096,4.4767,1.0000,1.0000,1.0000,1.0000,1.0000,1.0000,1.0000,1.3392,1.1591,0.6146,1.4424,1.1609,1.3699,0.9247,1.0000,1.0000,1.0000,1.0000,1.0000,1.0000,1.0000,0.9747,1.1889,1.2764,0.5785,0.9073,1.2699,1.4922,True,1.3260,0.838048,0.089134,150.6792,81.7516
704,both,-3.085164,0.620975,-0.024309,-0.029251,-2.854928,0.036577,0.379472,-1.180348,-2.001861,2.578412,1.022193,1.846880,-0.196864,0.838678,39.7110,23.0311,17.3378,17.7302,9.4262,12.7378,8.0689,20.7072,35.8436,18.8924,15.4059,14.8267,5.3891,11.2082,7.8742,11.9212,2.7147,2.5911,1.9266,4.4943,1.9797,8.8518,6.5700,5.5978,4.2115,2.2390,1.7651,1.8214,1.3237,0.7677,1.1559,1.1820,0.9426,1.2738,0.8069,0.6902,1.1948,1.2595,1.0271,1.4827,0.5389,1.1208,0.9843,1.4902,0.6787,0.6478,0.6422,1.4981,0.6599,1.1065,0.8212,1.3994,1.0529,0.7463,0.5884,0.6071,True,3.4280,1.151354,0.082918,97.9176,80.2606
705,right_only,0.000000,0.200000,0.000000,0.400000,0.000000,0.000000,0.000000,1.086421,-2.453833,2.132720,-0.453913,2.917467,0.308348,-0.974779,30.0000,30.0000,15.0000,15.0000,10.0000,10.0000,10.0000,17.5817,39.1031,8.6710,11.4327,13.0125,14.0758,12.6765,8.0000,8.0000,4.0000,4.0000,3.0000,3.0000,3.0000,11.1191,8.4791,5.1184,3.3767,3.8556,3.5392,3.2245,1.0000,1.0000,1.0000,1.0000,1.0000,1.0000,1.0000,0.5861,1.3034,0.5781,0.7622,1.3012,1.4076,1.2677,1.0000,1.0000,1.0000,1.0000,1.0000,1.0000,1.0000,1.3899,1.0599,1.2796,0.8442,1.2852,1.1797,1.0748,False,,0.153900,0.996748,10.9536,20.9950
706,right_only,0.000000,0.200000,0.000000,0.400000,0.000000,0.000000,0.000000,1.533739,-1.624233,0.501132,1.155910,-1.249455,-0.156912,1.216116,30.0000,30.0000,15.0000,15.0000,10.0000,10.0000,10.0000,26.7633,35.3822,16.0065,20.8471,12.5769,5.8065,8.5544,8.0000,8.0000,4.0000,4.0000,3.0000,3.0000,3.0000,9.6953,5.2909,4.0138,3.2711,1.6943,4.4914,4.2881,1.0000,1.0000,1.0000,1.0000,1.0000,1.0000,1.0000,0.8921,1.1794,1.0671,1.3898,1.2577,0.5807,0.8554,1.0000,1.0000,1.0000,1.0000,1.0000,1.0000,1.0000,1.2119,0.6614,1.0034,0.8178,0.5648,1.4971,1.4294,True,1.3240,0.830198,0.072744,178.1063,89.9910
707,right_only,0.000000,0.200000,0.000000,0.400000,0.000000,0.000000,0.000000,0.380848,-2.640122,2.594944,1.655172,2.814595,-0.423115,-0.829384,30.0000,30.0000,15.0000,15.0000,10.0000,10.0000,10.0000,35.3174,42.2154,10.1367,12.2565,10.8818,14.9966,12.9967,8.0000,8.0000,4.0000,4.0000,3.0000,3.0000,3.0000,11.3885,9.4001,5.5095,4.0282,1.8725,3.6287,3.3044,1.0000,1.0000,1.0000,1.0000,1.0000,1.0000,1.0000,1.1772,1.4072,0.6758,0.8171,1.0882,1.4997,1.2997,1.0000,1.0000,1.0000,1.0000,1.0000,1.0000,1.0000,1.4236,1.1750,1.3774,1.0070,0.6242,1.2096,1.1015,True,2.8640,0.829815,0.152760,179.8724,81.3579
708,both,-0.854001,0.659466,1.786431,2.438294,-0.912291,0.395684,-0.330856,-2.633381,-2.770523,-0.206097,-0.620166,1.388056,0.272964,0.125650,41.8005,43.6286,14.2137,8.8369,7.3126,11.5762,9.0578,35.4667,34.3480,17.5821,15.0480,5.3963,7.0112,6.4030,9.4801,9.3339,4.4215,2.6313,2.3577,2.6336,3.9733,4.5120,6.5558,5.1509,2.4605,1.8343,1.8728,2.3095,1.3933,1.4543,0.9476,0.5891,0.7313,1.1576,0.9058,1.1822,1.1449,1.1721,1.0032,0.5396,0.7011,0.6403,1.1850,1.1667,1.1054,0.6578,0.7859,0.8779,1.3244,0.5640,0.8195,1.2877,0.6151,0.6114,0.6243,0.7698,False,,0.050065,0.997392,10.6919,15.4993
709,right_only,0.000000,0.200000,0.000000,0.400000,0.000000,0.000000,0.000000,-2.187604,-3.347227,-1.442232,3.164696,-0.811838,-0.267085,-0.010887,30.0000,30.0000,15.0000,15.0000,10.0000,10.0000,10.0000,21.8811,31.7894,13.5098,20.9526,14.2792,12.1306,7.1569,8.0000,8.0000,4.0000,4.0000,3.0000,3.0000,3.0000,7.7912,6.4434,5.1931,2.1167,3.4875,2.4697,2.9430,1.0000,1.0000,1.0000,1.0000,1.0000,1.0000,1.0000,0.7294,1.0596,0.9007,1.3968,1.4279,1.2131,0.7157,1.0000,1.0000,1.0000,1.0000,1.0000,1.0000,1.0000,0.9739,0.8054,1.2983,0.5292,1.1625,0.8232,0.9810,True,1.2240,0.694305,0.133017,179.7423,87.6871
710,left_only,-1.618694,0.998906,1.163636,1.509392,-1.604046,-0.422135,0.904295,0.000000,-0.200000,0.000000,0.400000,0.000000,0.000000,0.000000,29.7692,33.5619,14.8275,16.7841,11.2697,5.1504,10.3326,30.0000,30.0000,15.0000,15.0000,10.0000,10.0000,10.0000,8.0169,4.7665,4.9835,2.9434,1.6636,3.9095,4.0954,8.0000,8.0000,4.0000,4.0000,3.0000,3.0000,3.0000,0.9923,1.1187,0.9885,1.1189,1.1270,0.5150,1.0333,1.0000,1.0000,1.0000,1.0000,1.0000,1.0000,1.0000,1.0021,0.5958,1.2459,0.7359,0.5545,1.3032,1.3651,1.0000,1.0000,1.0000,1.0000,1.0000,1.0000,1.0000,True,3.0440,1.077610,0.094323,109.8900,73.7911
711,left_only,-2.006328,2.218922,-2.631930,2.028349,-0.332634,0.270547,-0.271694,0.000000,-0.200000,0.000000,0.400000,0.000000,0.000000,0.000000,25.5323,40.2235,8.0797,10.3075,9.1213,10.9634,5.0511,30.0000,30.0000,15.0000,15.0000,10.0000,10.0000,10.0000,8.6012,7.0279,4.5200,5.6279,2.8226,3.1637,2.8884,8.0000,8.0000,4.0000,4.0000,3.0000,3.0000,3.0000,0.8511,1.3408,0.5386,0.6872,0.9121,1.0963,0.5051,1.0000,1.0000,1.0000,1.0000,1.0000,1.0000,1.0000,1.0751,0.8785,1.1300,1.4070,0.9409,1.0546,0.9628,1.0000,1.0000,1.0000,1.0000,1.0000,1.0000,1.0000,True,1.4820,0.912365,0.100034,179.5118,84.3811
712,both,-2.581761,2.617967,2.359060,2.401357,2.448156,-0.029574,0.386897,-2.347111,0.292335,0.281742,0.130669,1.888956,0.080004,1.142174,38.0993,41.3179,15.6998,15.2596,12.5733,6.0501,5.5403,28.5430,25.2387,20.6978,15.2711,7.9037,10.2430,6.1245,11.8696,11.3304,5.8226,2.2495,2.3079,4.2046,1.7684,9.8496,8.9467,4.4028,3.7514,2.3827,1.6961,4.3411,1.2700,1.3773,1.0467,1.0173,1.2573,0.6050,0.5540,0.9514,0.8413,1.3799,1.0181,0.7904,1.0243,0.6124,1.4837,1.4163,1.4557,0.5624,0.7693,1.4015,0.5895,1.2312,1.1183,1.1007,0.9378,0.7942,0.5654,1.4470,True,2.0120,0.852012,0.074182,179.8813,89.2275
713,right_only,0.000000,0.200000,0.000000,0.400000,0.000000,0.000000,0.000000,-1.178031,-1.525416,-0.879402,3.129934,1.835951,-0.373922,0.274765,30.0000,30.0000,15.0000,15.0000,10.0000,10.0000,10.0000,29.5390,38.8006,22.4597,18.6646,13.6493,10.0264,8.7360,8.0000,8.0000,4.0000,4.0000,3.0000,3.0000,3.0000,9.1462,9.9953,2.9101,4.0135,1.8414,2.1491,4.1456,1.0000,1.0000,1.0000,1.0000,1.0000,1.0000,1.0000,0.9846,1.2934,1.4973,1.2443,1.3649,1.0026,0.8736,1.0000,1.0000,1.0000,1.0000,1.0000,1.0000,1.0000,1.1433,1.2494,0.7275,1.0034,0.6138,0.7164,1.3819,True,2.6220,1.104306,0.080422,106.5890,85.7470
714,left_only,-2.458313,2.686897,-0.547382,1.790343,2.233480,0.259831,0.827890,0.000000,-0.200000,0.000000,0.400000,0.000000,0.000000,0.000000,22.8345,25.8502,18.4919,19.1585,12.9005,12.4011,7.3162,30.0000,30.0000,15.0000,15.0000,10.0000,10.0000,10.0000,6.3127,11.5363,4.2154,5.0178,3.2976,4.2735,4.1063,8.0000,8.0000,4.0000,4.0000,3.0000,3.0000,3.0000,0.7611,0.8617,1.2328,1.2772,1.2901,1.2401,0.7316,1.0000,1.0000,1.0000,1.0000,1.0000,1.0000,1.0000,0.7891,1.4420,1.0539,1.2545,1.0992,1.4245,1.3688,1.0000,1.0000,1.0000,1.0000,1.0000,1.0000,1.0000,True,1.4260,0.956264,0.087838,179.9502,88.4784
715,left_only,-1.908925,2.964202,-0.958777,0.871249,1.893105,-0.162782,-0.531439,0.000000,-0.200000,0.000000,0.400000,0.000000,0.000000,0.000000,35.0597,44.9903,9.4659,18.0159,10.2696,9.1062,12.4986,30.0000,30.0000,15.0000,15.0000,10.0000,10.0000,10.0000,8.4387,10.3825,4.9754,5.9405,3.9326,1.7004,3.8387,8.0000,8.0000,4.0000,4.0000,3.0000,3.0000,3.0000,1.1687,1.4997,0.6311,1.2011,1.0270,0.9106,1.2499,1.0000,1.0000,1.0000,1.0000,1.0000,1.0000,1.0000,1.0548,1.2978,1.2439,1.4851,1.3109,0.5668,1.2796,1.0000,1.0000,1.0000,1.0000,1.0000,1.0000,1.0000,True,1.3680,0.967164,0.082972,179.3529,85.5144
716,right_only,0.000000,0.200000,0.000000,0.400000,0.000000,0.000000,0.000000,-0.079898,-3.060593,0.423124,2.150819,-1.614160,-0.060207,0.107915,30.0000,30.0000,15.0000,15.0000,10.0000,10.0000,10.0000,27.3946,41.2801,10.0335,19.0733,12.7809,9.4803,10.3948,8.0000,8.0000,4.0000,4.0000,3.0000,3.0000,3.0000,5.2285,5.5613,4.1267,2.8987,3.9194,3.3487,1.6697,1.0000,1.0000,1.0000,1.0000,1.0000,1.0000,1.0000,0.9132,1.3760,0.6689,1.2716,1.2781,0.9480,1.0395,1.0000,1.0000,1.0000,1.0000,1.0000,1.0000,1.0000,0.6536,0.6952,1.0317,0.7247,1.3065,1.1162,0.5566,True,1.2640,0.835306,0.102793,179.9860,86.2436
717,both,-1.454401,2.864850,-1.086892,2.022435,-2.469711,0.398244,-0.128662,-0.824726,-1.246042,-0.949339,2.045428,-2.665999,-0.312461,-0.790395,34.0602,41.7180,8.4546,20.2869,13.1951,5.7663,6.4323,41.1459,34.6190,12.6976,15.5981,7.5945,14.8498,9.3560,6.8004,4.9174,5.0331,4.0163,2.7323,3.6748,2.3787,11.1742,11.8242,4.1432,4.9200,3.2167,1.7747,4.3573,1.1353,1.3906,0.5636,1.3525,1.3195,0.5766,0.6432,1.3715,1.1540,0.8465,1.0399,0.7594,1.4850,0.9356,0.8500,0.6147,1.2583,1.0041,0.9108,1.2249,0.7929,1.3968,1.4780,1.0358,1.2300,1.0722,0.5916,1.4524,True,1.4400,1.263695,0.082699,98.5570,87.1037
718,right_only,0.000000,0.200000,0.000000,0.400000,0.000000,0.000000,0.000000,-0.989242,-0.020441,0.707282,-0.515562,-0.347775,-0.281340,-0.838556,30.0000,30.0000,15.0000,15.0000,10.0000,10.0000,10.0000,36.4527,15.9006,21.9921,14.2489,9.8976,7.9943,5.8562,8.0000,8.0000,4.0000,4.0000,3.0000,3.0000,3.0000,8.7059,6.7580,4.4963,4.2231,2.1507,2.8850,2.4242,1.0000,1.0000,1.0000,1.0000,1.0000,1.0000,1.0000,1.2151,0.5300,1.4661,0.9499,0.9898,0.7994,0.5856,1.0000,1.0000,1.0000,1.0000,1.0000,1.0000,1.0000,1.0882,0.8448,1.1241,1.0558,0.7169,0.9617,0.8081,False,,0.087553,0.999473,9.1706,13.2327
719,right_only,0.000000,0.200000,0.000000,0.400000,0.000000,0.000000,0.000000,-2.010900,-0.490518,-2.942490,0.160486,0.309054,-0.022065,1.118020,30.0000,30.0000,15.0000,15.0000,10.0000,10.0000,10.0000,40.3097,37.5481,15.2112,13.9336,5.3657,13.2167,9.3071,8.0000,8.0000,4.0000,4.0000,3.0000,3.0000,3.0000,6.5677,8.8531,5.0166,4.0922,1.9487,4.2649,1.8385,1.0000,1.0000,1.0000,1.0000,1.0000,1.0000,1.0000,1.3437,1.2516,1.0141,0.9289,0.5366,1.3217,0.9307,1.0000,1.0000,1.0000,1.0000,1.0000,1.0000,1.0000,0.8210,1.1066,1.2541,1.0231,0.6496,1.4216,0.6128,True,3.2440,1.128562,0.159174,72.4743,72.8043
720,left_only,1.426682,1.292563,2.707354,2.827504,-0.669901,0.277523,-1.041978,0.000000,-0.200000,0.000000,0.400000,0.000000,0.000000,0.000000,17.4820,25.6787,16.6468,7.6398,10.1518,14.7565,13.5845,30.0000,30.0000,15.0000,15.0000,10.0000,10.0000,10.0000,5.8598,8.2246,2.6856,3.0530,4.2690,4.4933,2.2277,8.0000,8.0000,4.0000,4.0000,3.0000,3.0000,3.0000,0.5827,0.8560,1.1098,0.5093,1.0152,1.4756,1.3584,1.0000,1.0000,1.0000,1.0000,1.0000,1.0000,1.0000,0.7325,1.0281,0.6714,0.7633,1.4230,1.4978,0.7426,1.0000,1.0000,1.0000,1.0000,1.0000,1.0000,1.0000,True,1.4200,0.992693,0.077551,179.4232,88.3887
721,right_only,0.000000,0.200000,0.000000,0.400000,0.000000,0.000000,0.000000,-2.141160,-1.949012,-0.481994,-0.581403,-1.899198,-0.069535,-0.672032,30.0000,30.0000,15.0000,15.0000,10.0000,10.0000,10.0000,40.3480,37.5464,15.5451,13.9894,13.3099,6.6600,13.8739,8.0000,8.0000,4.0000,4.0000,3.0000,3.0000,3.0000,4.3926,11.3872,2.5552,5.2484,1.5541,3.9452,3.2522,1.0000,1.0000,1.0000,1.0000,1.0000,1.0000,1.0000,1.3449,1.2515,1.0363,0.9326,1.3310,0.6660,1.3874,1.0000,1.0000,1.0000,1.0000,1.0000,1.0000,1.0000,0.5491,1.4234,0.6388,1.3121,0.5180,1.3151,1.0841,False,,0.088407,0.995375,9.4980,15.7138
722,both,-3.050349,2.546513,-2.084170,1.279809,-1.097657,0.239731,0.897183,-0.953257,-0.534986,2.187263,1.896398,-0.895335,-0.033936,-0.685806,28.7523,22.3767,19.6087,16.6488,11.3325,6.1026,5.0146,16.9660,35.8095,10.6879,11.3178,5.3141,11.2737,12.3173,10.3135,8.3385,5.7262,4.1490,2.1440,3.5954,3.6029,5.8439,10.3403,5.0481,3.6391,1.7047,2.3406,1.9963,0.9584,0.7459,1.3072,1.1099,1.1332,0.6103,0.5015,0.5655,1.1937,0.7125,0.7545,0.5314,1.1274,1.2317,1.2892,1.0423,1.4316,1.0372,0.7147,1.1985,1.2010,0.7305,1.2925,1.2620,0.9098,0.5682,0.7802,0.6654,True,1.4780,0.869779,0.092621,179.9660,87.2957
723,left_only,1.376034,2.711073,-2.215605,1.170590,-1.472735,-0.432791,-0.451355,0.000000,-0.200000,0.000000,0.400000,0.000000,0.000000,0.000000,18.8276,21.6820,12.3981,13.6334,9.6844,10.2020,8.7000,30.0000,30.0000,15.0000,15.0000,10.0000,10.0000,10.0000,7.9868,7.3429,5.8578,2.2706,3.2579,2.0809,2.6263,8.0000,8.0000,4.0000,4.0000,3.0000,3.0000,3.0000,0.6276,0.7227,0.8265,0.9089,0.9684,1.0202,0.8700,1.0000,1.0000,1.0000,1.0000,1.0000,1.0000,1.0000,0.9983,0.9179,1.4644,0.5676,1.0860,0.6936,0.8754,1.0000,1.0000,1.0000,1.0000,1.0000,1.0000,1.0000,True,1.2800,0.856833,0.102089,179.9893,86.2468
724,right_only,0.000000,0.200000,0.000000,0.400000,0.000000,0.000000,0.000000,-0.566146,-0.527920,2.533736,1.088657,-1.269800,0.269707,-0.707206,30.0000,30.0000,15.0000,15.0000,10.0000,10.0000,10.0000,30.2352,40.4013,13.5570,15.8547,6.1955,5.5597,14.8628,8.0000,8.0000,4.0000,4.0000,3.0000,3.0000,3.0000,5.4312,6.6844,4.0187,3.4979,1.7920,2.0907,2.9803,1.0000,1.0000,1.0000,1.0000,1.0000,1.0000,1.0000,1.0078,1.3467,0.9038,1.0570,0.6195,0.5560,1.4863,1.0000,1.0000,1.0000,1.0000,1.0000,1.0000,1.0000,0.6789,0.8355,1.0047,0.8745,0.5973,0.6969,0.9934,False,,0.082153,0.997179,11.7171,20.9126
725,right_only,0.000000,0.200000,0.000000,0.400000,0.000000,0.000000,0.000000,-1.073245,-0.382827,-1.242162,2.933501,-1.121012,-0.156049,1.141256,30.0000,30.0000,15.0000,15.0000,10.0000,10.0000,10.0000,40.2145,24.5090,13.4293,20.1339,5.8609,7.9468,10.3156,8.0000,8.0000,4.0000,4.0000,3.0000,3.0000,3.0000,10.6312,8.5169,3.9591,5.8485,1.8492,3.8402,1.8811,1.0000,1.0000,1.0000,1.0000,1.0000,1.0000,1.0000,1.3405,0.8170,0.8953,1.3423,0.5861,0.7947,1.0316,1.0000,1.0000,1.0000,1.0000,1.0000,1.0000,1.0000,1.3289,1.0646,0.9898,1.4621,0.6164,1.2801,0.6270,True,1.7620,0.841639,0.094008,179.6499,89.7646
726,right_only,0.000000,0.200000,0.000000,0.400000,0.000000,0.000000,0.000000,0.311617,-1.347121,-1.509456,1.293982,2.315437,-0.025730,-1.253290,30.0000,30.0000,15.0000,15.0000,10.0000,10.0000,10.0000,16.6982,33.9791,17.6690,13.5266,7.4278,12.1597,8.0416,8.0000,8.0000,4.0000,4.0000,3.0000,3.0000,3.0000,4.5921,7.2769,4.1566,5.8625,3.2767,2.1250,3.9966,1.0000,1.0000,1.0000,1.0000,1.0000,1.0000,1.0000,0.5566,1.1326,1.1779,0.9018,0.7428,1.2160,0.8042,1.0000,1.0000,1.0000,1.0000,1.0000,1.0000,1.0000,0.5740,0.9096,1.0391,1.4656,1.0922,0.7083,1.3322,True,2.0320,1.324821,0.085465,92.3177,83.1441
727,left_only,-1.767120,3.246072,-0.815480,2.806309,2.052775,0.336693,-1.169961,0.000000,-0.200000,0.000000,0.400000,0.000000,0.000000,0.000000,40.4961,36.6390,12.5145,14.8515,11.3991,14.4354,12.8008,30.0000,30.0000,15.0000,15.0000,10.0000,10.0000,10.0000,7.4280,9.1634,2.7435,3.6958,3.8739,3.3198,3.8497,8.0000,8.0000,4.0000,4.0000,3.0000,3.0000,3.0000,1.3499,1.2213,0.8343,0.9901,1.1399,1.4435,1.2801,1.0000,1.0000,1.0000,1.0000,1.0000,1.0000,1.0000,0.9285,1.1454,0.6859,0.9239,1.2913,1.1066,1.2832,1.0000,1.0000,1.0000,1.0000,1.0000,1.0000,1.0000,True,1.3140,1.085312,0.098630,179.9977,84.9007
728,both,-0.738763,1.056942,1.550204,-0.562792,2.626775,0.414746,0.966136,1.024950,-1.468208,-0.186648,2.436939,-1.118443,0.323670,-0.759764,41.3732,31.2326,20.1482,14.8971,11.0843,14.2679,9.1821,41.8625,35.8651,9.1998,8.6196,6.6186,13.0692,12.2309,5.7623,4.7278,4.3599,4.4443,3.3621,1.6115,1.5822,9.1092,9.1263,5.4355,3.3338,2.4667,2.7763,4.4690,1.3791,1.0411,1.3432,0.9931,1.1084,1.4268,0.9182,1.3954,1.1955,0.6133,0.5746,0.6619,1.3069,1.2231,0.7203,0.5910,1.0900,1.1111,1.1207,0.5372,0.5274,1.1387,1.1408,1.3589,0.8335,0.8222,0.9254,1.4897,True,1.1740,0.860283,0.080349,171.4386,86.2551
729,left_only,-0.526426,1.687286,1.930397,-0.214594,-0.674890,0.130760,1.239563,0.000000,-0.200000,0.000000,0.400000,0.000000,0.000000,0.000000,19.6341,28.5608,21.0837,18.3830,11.1378,7.5711,6.8721,30.0000,30.0000,15.0000,15.0000,10.0000,10.0000,10.0000,6.9937,6.0409,5.2339,4.8828,4.0056,2.0132,2.4299,8.0000,8.0000,4.0000,4.0000,3.0000,3.0000,3.0000,0.6545,0.9520,1.4056,1.2255,1.1138,0.7571,0.6872,1.0000,1.0000,1.0000,1.0000,1.0000,1.0000,1.0000,0.8742,0.7551,1.3085,1.2207,1.3352,0.6711,0.8100,1.0000,1.0000,1.0000,1.0000,1.0000,1.0000,1.0000,False,,0.051808,0.998694,12.6831,19.6059
730,left_only,0.479877,0.238213,-1.834419,0.632033,-1.936123,-0.389515,-0.475553,0.000000,-0.200000,0.000000,0.400000,0.000000,0.000000,0.000000,41.2680,16.6960,15.9916,15.9451,10.3084,10.0551,5.1724,30.0000,30.0000,15.0000,15.0000,10.0000,10.0000,10.0000,4.3796,8.0897,5.8732,3.6319,2.9170,4.4462,3.8373,8.0000,8.0000,4.0000,4.0000,3.0000,3.0000,3.0000,1.3756,0.5565,1.0661,1.0630,1.0308,1.0055,0.5172,1.0000,1.0000,1.0000,1.0000,1.0000,1.0000,1.0000,0.5475,1.0112,1.4683,0.9080,0.9723,1.4821,1.2791,1.0000,1.0000,1.0000,1.0000,1.0000,1.0000,1.0000,False,,0.070767,0.996226,8.6050,14.9579
731,left_only,0.487217,1.527900,2.431165,1.450258,0.772577,0.265989,-0.237274,0.000000,-0.200000,0.000000,0.400000,0.000000,0.000000,0.000000,43.5981,44.6402,16.3071,10.8308,12.7490,8.2214,10.7710,30.0000,30.0000,15.0000,15.0000,10.0000,10.0000,10.0000,4.6936,10.4591,5.8363,2.3769,3.6948,4.0825,1.8285,8.0000,8.0000,4.0000,4.0000,3.0000,3.0000,3.0000,1.4533,1.4880,1.0871,0.7221,1.2749,0.8221,1.0771,1.0000,1.0000,1.0000,1.0000,1.0000,1.0000,1.0000,0.5867,1.3074,1.4591,0.5942,1.2316,1.3608,0.6095,1.0000,1.0000,1.0000,1.0000,1.0000,1.0000,1.0000,True,1.5300,0.848372,0.111316,179.9928,85.4659
732,right_only,0.000000,0.200000,0.000000,0.400000,0.000000,0.000000,0.000000,-1.977589,-1.918727,1.734431,1.087871,-1.961091,-0.225357,-0.082860,30.0000,30.0000,15.0000,15.0000,10.0000,10.0000,10.0000,16.1779,33.9299,7.8798,19.2131,12.3385,13.6544,6.5771,8.0000,8.0000,4.0000,4.0000,3.0000,3.0000,3.0000,8.8207,10.2482,4.0630,2.5232,1.7968,3.3177,2.9928,1.0000,1.0000,1.0000,1.0000,1.0000,1.0000,1.0000,0.5393,1.1310,0.5253,1.2809,1.2339,1.3654,0.6577,1.0000,1.0000,1.0000,1.0000,1.0000,1.0000,1.0000,1.1026,1.2810,1.0157,0.6308,0.5989,1.1059,0.9976,True,1.6200,0.822642,0.129058,179.9331,83.0027
733,both,1.238228,2.771918,1.443658,3.107299,0.990958,-0.377064,-1.072990,0.702744,-2.036541,2.230689,-0.461638,-1.604987,0.252680,0.882585,41.0159,17.9742,13.2270,17.1958,14.1880,7.3902,11.0034,22.7397,22.6449,16.4422,16.9571,12.2053,10.8029,6.7447,5.1482,9.9782,2.5101,5.9999,1.7768,3.5560,3.8311,11.3931,5.3329,4.2610,5.6800,4.2389,2.0037,2.2158,1.3672,0.5991,0.8818,1.1464,1.4188,0.7390,1.1003,0.7580,0.7548,1.0961,1.1305,1.2205,1.0803,0.6745,0.6435,1.2473,0.6275,1.5000,0.5923,1.1853,1.2770,1.4241,0.6666,1.0652,1.4200,1.4130,0.6679,0.7386,True,1.2300,0.981973,0.169077,179.9193,82.2696
734,right_only,0.000000,0.200000,0.000000,0.400000,0.000000,0.000000,0.000000,-0.305284,-2.125519,1.134108,1.207530,-1.217321,-0.082290,0.485422,30.0000,30.0000,15.0000,15.0000,10.0000,10.0000,10.0000,38.5542,26.0868,9.0748,12.7992,11.3047,12.5983,13.7966,8.0000,8.0000,4.0000,4.0000,3.0000,3.0000,3.0000,11.6955,8.2349,5.5208,3.0483,3.1790,3.1182,3.8061,1.0000,1.0000,1.0000,1.0000,1.0000,1.0000,1.0000,1.2851,0.8696,0.6050,0.8533,1.1305,1.2598,1.3797,1.0000,1.0000,1.0000,1.0000,1.0000,1.0000,1.0000,1.4619,1.0294,1.3802,0.7621,1.0597,1.0394,1.2687,True,1.2840,0.868952,0.072621,179.8024,89.9931
735,left_only,0.501409,0.698596,2.362834,2.731866,2.451871,-0.039179,1.238032,0.000000,-0.200000,0.000000,0.400000,0.000000,0.000000,0.000000,38.5473,34.5956,13.9839,20.1365,12.6414,10.8556,14.9715,30.0000,30.0000,15.0000,15.0000,10.0000,10.0000,10.0000,5.9957,9.1340,3.2845,3.8314,2.5168,2.5037,2.6305,8.0000,8.0000,4.0000,4.0000,3.0000,3.0000,3.0000,1.2849,1.1532,0.9323,1.3424,1.2641,1.0856,1.4971,1.0000,1.0000,1.0000,1.0000,1.0000,1.0000,1.0000,0.7495,1.1418,0.8211,0.9578,0.8389,0.8346,0.8768,1.0000,1.0000,1.0000,1.0000,1.0000,1.0000,1.0000,True,1.4040,0.846232,0.072786,179.7803,89.9985
736,both,-2.873039,-0.229325,1.450309,0.334052,-2.887804,-0.387130,-0.772543,-2.912920,0.176436,0.212606,0.677321,0.318422,-0.358141,0.512688,44.0877,18.9197,9.7890,16.9300,6.5193,6.2605,11.7048,33.0021,35.5882,17.1969,20.6141,10.6877,9.0128,12.6609,8.9493,5.7419,5.2927,2.4210,2.4977,3.7166,3.3417,6.0739,10.0767,3.1199,3.9215,3.7176,3.3830,1.7571,1.4696,0.6307,0.6526,1.1287,0.6519,0.6261,1.1705,1.1001,1.1863,1.1465,1.3743,1.0688,0.9013,1.2661,1.1187,0.7177,1.3232,0.6053,0.8326,1.2389,1.1139,0.7592,1.2596,0.7800,0.9804,1.2392,1.1277,0.5857,True,1.6040,1.067435,0.109206,93.5767,74.9603
737,both,-1.036704,2.688814,2.991657,0.977876,-2.515068,-0.123778,-0.025596,-2.794152,-0.133101,0.044946,0.768557,-0.462217,-0.436315,0.047944,29.2673,25.3766,17.3802,13.6655,10.7176,13.8504,8.6389,29.1199,29.3708,8.1439,10.4595,10.4000,6.8711,9.5358,7.1834,10.9272,3.4324,3.7575,3.9024,3.2756,4.3017,6.2665,4.1665,3.9004,4.5851,2.5147,3.8296,1.9382,0.9756,0.8459,1.1587,0.9110,1.0718,1.3850,0.8639,0.9707,0.9790,0.5429,0.6973,1.0400,0.6871,0.9536,0.8979,1.3659,0.8581,0.9394,1.3008,1.0919,1.4339,0.7833,0.5208,0.9751,1.1463,0.8382,1.2765,0.6461,True,1.7060,1.156534,0.081201,107.8545,86.5147
738,left_only,-2.710016,3.153701,2.565793,0.729028,-0.591192,0.324708,0.077524,0.000000,-0.200000,0.000000,0.400000,0.000000,0.000000,0.000000,18.5134,18.4462,9.4670,19.2115,11.0190,7.9977,6.6207,30.0000,30.0000,15.0000,15.0000,10.0000,10.0000,10.0000,4.9877,9.9311,5.5435,4.1243,3.8181,2.3494,3.2570,8.0000,8.0000,4.0000,4.0000,3.0000,3.0000,3.0000,0.6171,0.6149,0.6311,1.2808,1.1019,0.7998,0.6621,1.0000,1.0000,1.0000,1.0000,1.0000,1.0000,1.0000,0.6235,1.2414,1.3859,1.0311,1.2727,0.7831,1.0857,1.0000,1.0000,1.0000,1.0000,1.0000,1.0000,1.0000,True,1.5680,0.995658,0.077349,179.9597,87.3044
739,both,-1.076837,-0.048516,0.103370,2.547229,-2.711733,-0.021177,0.948088,0.581239,-1.534759,-2.038476,2.554413,-1.867945,-0.206441,-0.954341,28.7703,33.8759,19.9068,14.4201,14.7072,10.9586,11.0441,28.1629,21.6639,9.6108,12.3075,13.6892,13.0523,6.0165,5.4023,5.5209,4.3065,4.8835,2.1141,2.9521,2.5686,4.7025,7.9436,3.1095,5.2937,2.9585,4.0581,1.8246,0.9590,1.1292,1.3271,0.9613,1.4707,1.0959,1.1044,0.9388,0.7221,0.6407,0.8205,1.3689,1.3052,0.6017,0.6753,0.6901,1.0766,1.2209,0.7047,0.9840,0.8562,0.5878,0.9930,0.7774,1.3234,0.9862,1.3527,0.6082,True,1.5000,0.841940,0.109210,179.9957,85.7087
740,both,1.429063,2.519643,1.489740,2.933093,-0.301056,-0.324778,-0.007872,0.699704,-0.150928,-0.239946,2.074408,-1.327552,-0.249244,0.219099,27.6525,19.8316,18.9204,15.4822,10.2039,6.8931,7.4114,25.5553,38.1306,14.6992,10.8280,9.0239,9.5772,10.0535,9.5417,10.8152,2.7088,5.2494,3.8643,3.9447,3.2452,11.1805,7.2893,3.1392,5.8494,2.2258,1.5333,4.0495,0.9218,0.6611,1.2614,1.0321,1.0204,0.6893,0.7411,0.8518,1.2710,0.9799,0.7219,0.9024,0.9577,1.0053,1.1927,1.3519,0.6772,1.3123,1.2881,1.3149,1.0817,1.3976,0.9112,0.7848,1.4623,0.7419,0.5111,1.3498,True,1.4820,1.221391,0.080085,100.1733,86.1589
741,both,1.355440,2.198459,-0.348627,1.295707,1.782329,0.356440,-1.009584,0.948265,-1.066418,-2.826981,-0.501954,-2.487723,0.414917,-0.186645,36.4685,15.0515,19.3976,14.7305,14.2360,10.2090,12.8880,42.3498,41.9783,14.7758,14.5815,13.1051,8.3502,14.3716,9.0357,8.1643,5.7930,3.9824,4.1772,1.6082,3.4723,6.0055,4.5952,5.0877,3.6189,2.5673,2.4627,4.4413,1.2156,0.5017,1.2932,0.9820,1.4236,1.0209,1.2888,1.4117,1.3993,0.9851,0.9721,1.3105,0.8350,1.4372,1.1295,1.0205,1.4482,0.9956,1.3924,0.5361,1.1574,0.7507,0.5744,1.2719,0.9047,0.8558,0.8209,1.4804,True,1.2660,1.023793,0.096217,176.1212,86.2867
742,left_only,-0.447403,3.369437,-0.711896,0.759693,-1.790247,-0.064413,-1.112506,0.000000,-0.200000,0.000000,0.400000,0.000000,0.000000,0.000000,15.0167,28.5922,18.6904,14.0560,10.1801,9.4562,10.2680,30.0000,30.0000,15.0000,15.0000,10.0000,10.0000,10.0000,10.2048,10.4303,5.3522,2.8497,2.8735,3.9930,4.3256,8.0000,8.0000,4.0000,4.0000,3.0000,3.0000,3.0000,0.5006,0.9531,1.2460,0.9371,1.0180,0.9456,1.0268,1.0000,1.0000,1.0000,1.0000,1.0000,1.0000,1.0000,1.2756,1.3038,1.3381,0.7124,0.9578,1.3310,1.4419,1.0000,1.0000,1.0000,1.0000,1.0000,1.0000,1.0000,True,1.3200,0.817726,0.098425,179.6434,86.6021
743,both,-0.582548,1.483540,1.675252,3.145698,-0.556631,-0.309783,0.849139,0.206103,-2.851614,-1.175702,1.334813,1.463242,0.259598,-0.874442,21.5025,37.3237,9.2417,14.9724,10.4599,8.3935,12.9634,20.6332,44.7134,7.9915,15.7980,6.6802,9.0798,6.4795,4.4433,10.2196,4.5841,4.0289,4.1171,2.1067,3.9023,5.5506,4.4878,2.0320,4.8772,2.8604,1.6368,4.3169,0.7168,1.2441,0.6161,0.9982,1.0460,0.8394,1.2963,0.6878,1.4904,0.5328,1.0532,0.6680,0.9080,0.6479,0.5554,1.2774,1.1460,1.0072,1.3724,0.7022,1.3008,0.6938,0.5610,0.5080,1.2193,0.9535,0.5456,1.4390,True,1.8640,1.008832,0.252788,98.6881,50.6107
744,left_only,-0.004976,0.618952,-0.172599,1.070671,0.272784,0.330642,0.228347,0.000000,-0.200000,0.000000,0.400000,0.000000,0.000000,0.000000,44.3618,36.8043,22.3278,15.7612,11.7845,12.3790,12.5475,30.0000,30.0000,15.0000,15.0000,10.0000,10.0000,10.0000,4.1954,5.0198,2.9109,3.0860,4.2161,3.6678,1.9298,8.0000,8.0000,4.0000,4.0000,3.0000,3.0000,3.0000,1.4787,1.2268,1.4885,1.0507,1.1784,1.2379,1.2547,1.0000,1.0000,1.0000,1.0000,1.0000,1.0000,1.0000,0.5244,0.6275,0.7277,0.7715,1.4054,1.2226,0.6433,1.0000,1.0000,1.0000,1.0000,1.0000,1.0000,1.0000,False,,0.066509,1.001257,11.0088,18.9685
745,right_only,0.000000,0.200000,0.000000,0.400000,0.000000,0.000000,0.000000,-1.131868,-2.481001,1.695327,2.840502,-1.803689,-0.077172,1.150206,30.0000,30.0000,15.0000,15.0000,10.0000,10.0000,10.0000,34.7127,41.0429,12.8654,10.6455,11.9130,6.3743,13.3990,8.0000,8.0000,4.0000,4.0000,3.0000,3.0000,3.0000,10.0387,6.4393,3.9948,5.1968,4.3047,2.5565,3.8700,1.0000,1.0000,1.0000,1.0000,1.0000,1.0000,1.0000,1.1571,1.3681,0.8577,0.7097,1.1913,0.6374,1.3399,1.0000,1.0000,1.0000,1.0000,1.0000,1.0000,1.0000,1.2548,0.8049,0.9987,1.2992,1.4349,0.8522,1.2900,True,1.2860,0.833986,0.077319,166.8335,88.3777
746,right_only,0.000000,0.200000,0.000000,0.400000,0.000000,0.000000,0.000000,-2.224060,0.015382,0.881038,-0.319187,1.511415,0.207253,0.615436,30.0000,30.0000,15.0000,15.0000,10.0000,10.0000,10.0000,25.3463,37.1940,19.8986,12.7069,7.0796,13.8788,11.2069,8.0000,8.0000,4.0000,4.0000,3.0000,3.0000,3.0000,7.6831,11.0380,2.5440,5.2423,2.9725,1.6276,4.4178,1.0000,1.0000,1.0000,1.0000,1.0000,1.0000,1.0000,0.8449,1.2398,1.3266,0.8471,0.7080,1.3879,1.1207,1.0000,1.0000,1.0000,1.0000,1.0000,1.0000,1.0000,0.9604,1.3797,0.6360,1.3106,0.9908,0.5425,1.4726,False,,0.102396,1.000385,9.9126,12.7940
747,left_only,0.524694,0.431777,2.577354,2.912977,1.600682,-0.344867,-0.796591,0.000000,-0.200000,0.000000,0.400000,0.000000,0.000000,0.000000,37.6210,42.4142,10.7253,14.4124,6.5479,9.7801,11.4253,30.0000,30.0000,15.0000,15.0000,10.0000,10.0000,10.0000,4.1484,9.1434,4.5590,3.8200,4.1862,1.9045,1.6539,8.0000,8.0000,4.0000,4.0000,3.0000,3.0000,3.0000,1.2540,1.4138,0.7150,0.9608,0.6548,0.9780,1.1425,1.0000,1.0000,1.0000,1.0000,1.0000,1.0000,1.0000,0.5186,1.1429,1.1397,0.9550,1.3954,0.6348,0.5513,1.0000,1.0000,1.0000,1.0000,1.0000,1.0000,1.0000,True,1.4960,0.842300,0.072597,179.9052,89.3561
748,right_only,0.000000,0.200000,0.000000,0.400000,0.000000,0.000000,0.000000,-0.804635,-1.385130,-1.497872,3.021523,-1.288531,-0.212600,0.789906,30.0000,30.0000,15.0000,15.0000,10.0000,10.0000,10.0000,42.6847,31.0842,7.7858,12.8315,7.2394,10.1102,11.8257,8.0000,8.0000,4.0000,4.0000,3.0000,3.0000,3.0000,7.1395,8.2989,5.0394,2.9846,2.0879,3.9169,1.6111,1.0000,1.0000,1.0000,1.0000,1.0000,1.0000,1.0000,1.4228,1.0361,0.5191,0.8554,0.7239,1.0110,1.1826,1.0000,1.0000,1.0000,1.0000,1.0000,1.0000,1.0000,0.8924,1.0374,1.2599,0.7461,0.6960,1.3056,0.5370,True,1.4100,0.855751,0.089295,179.3567,88.2825
749,both,-2.430690,-0.333292,0.489032,1.528354,0.048737,-0.079301,0.073734,-2.226553,-0.276803,2.550983,1.282773,-0.593712,0.269899,-0.779597,24.6232,43.1994,10.2944,9.1817,10.4635,10.8742,10.9715,21.0854,33.8572,10.9382,13.9213,6.7951,9.2881,6.3652,5.3158,9.7692,2.9691,5.7924,2.1839,1.5519,3.2035,6.7038,5.5915,5.2644,4.9174,2.0005,1.7487,1.5772,0.8208,1.4400,0.6863,0.6121,1.0464,1.0874,1.0972,0.7028,1.1286,0.7292,0.9281,0.6795,0.9288,0.6365,0.6645,1.2211,0.7423,1.4481,0.7280,0.5173,1.0678,0.8380,0.6989,1.3161,1.2294,0.6668,0.5829,0.5257,True,2.7460,1.152716,0.225082,87.8403,69.3782
750,left_only,-2.072376,1.435071,-0.392662,3.062291,1.553335,-0.390177,-0.866312,0.000000,-0.200000,0.000000,0.400000,0.000000,0.000000,0.000000,15.7980,19.1468,15.4413,8.6511,5.5987,6.1816,11.6941,30.0000,30.0000,15.0000,15.0000,10.0000,10.0000,10.0000,4.1549,11.7570,3.5231,3.3463,2.9244,3.0536,2.7600,8.0000,8.0000,4.0000,4.0000,3.0000,3.0000,3.0000,0.5266,0.6382,1.0294,0.5767,0.5599,0.6182,1.1694,1.0000,1.0000,1.0000,1.0000,1.0000,1.0000,1.0000,0.5194,1.4696,0.8808,0.8366,0.9748,1.0179,0.9200,1.0000,1.0000,1.0000,1.0000,1.0000,1.0000,1.0000,True,1.3720,0.838868,0.113162,179.9358,84.9843
751,both,-0.849405,0.904194,-0.834218,-0.837188,0.859571,0.108477,0.428804,1.292369,-1.611740,1.989638,0.883486,0.001057,0.122981,-0.721610,21.5207,30.2950,8.5291,11.0499,12.9341,9.6373,5.2662,38.5547,31.1127,19.1948,12.9077,13.6951,9.2916,9.1737,4.4859,11.3561,5.8269,4.5644,2.0548,2.6043,2.4164,7.9128,8.7344,5.5764,3.8310,4.2904,2.6810,2.4737,0.7174,1.0098,0.5686,0.7367,1.2934,0.9637,0.5266,1.2852,1.0371,1.2797,0.8605,1.3695,0.9292,0.9174,0.5607,1.4195,1.4567,1.1411,0.6849,0.8681,0.8055,0.9891,1.0918,1.3941,0.9578,1.4301,0.8937,0.8246,True,1.3880,0.838424,0.083398,153.5656,84.7532
752,left_only,-1.750335,-0.300045,2.154646,-0.622765,-1.084251,-0.230827,0.620869,0.000000,-0.200000,0.000000,0.400000,0.000000,0.000000,0.000000,42.9776,39.5013,12.3000,14.3364,7.4704,14.2398,6.1874,30.0000,30.0000,15.0000,15.0000,10.0000,10.0000,10.0000,11.6156,10.5093,4.8463,5.0960,2.5180,2.3877,2.6443,8.0000,8.0000,4.0000,4.0000,3.0000,3.0000,3.0000,1.4326,1.3167,0.8200,0.9558,0.7470,1.4240,0.6187,1.0000,1.0000,1.0000,1.0000,1.0000,1.0000,1.0000,1.4520,1.3137,1.2116,1.2740,0.8393,0.7959,0.8814,1.0000,1.0000,1.0000,1.0000,1.0000,1.0000,1.0000,True,2.0300,1.105731,0.145201,94.0930,68.6962
753,right_only,0.000000,0.200000,0.000000,0.400000,0.000000,0.000000,0.000000,-2.284602,-0.578759,-0.316501,2.708395,2.309478,-0.318335,-0.714202,30.0000,30.0000,15.0000,15.0000,10.0000,10.0000,10.0000,27.3192,18.5644,17.8415,18.5639,12.2135,9.7021,13.4322,8.0000,8.0000,4.0000,4.0000,3.0000,3.0000,3.0000,8.8468,11.9489,5.2618,4.8890,1.8699,3.9978,2.4167,1.0000,1.0000,1.0000,1.0000,1.0000,1.0000,1.0000,0.9106,0.6188,1.1894,1.2376,1.2214,0.9702,1.3432,1.0000,1.0000,1.0000,1.0000,1.0000,1.0000,1.0000,1.1058,1.4936,1.3154,1.2223,0.6233,1.3326,0.8056,True,1.9440,1.107221,0.179118,64.6248,74.4813
754,left_only,-1.166914,1.369234,-0.781469,-0.502148,-1.861664,0.280706,0.386766,0.000000,-0.200000,0.000000,0.400000,0.000000,0.000000,0.000000,43.2852,39.6321,13.5333,19.2931,10.7643,7.8630,14.7509,30.0000,30.0000,15.0000,15.0000,10.0000,10.0000,10.0000,11.4279,4.8976,5.3577,2.3107,4.2865,3.3725,1.9997,8.0000,8.0000,4.0000,4.0000,3.0000,3.0000,3.0000,1.4428,1.3211,0.9022,1.2862,1.0764,0.7863,1.4751,1.0000,1.0000,1.0000,1.0000,1.0000,1.0000,1.0000,1.4285,0.6122,1.3394,0.5777,1.4288,1.1242,0.6666,1.0000,1.0000,1.0000,1.0000,1.0000,1.0000,1.0000,False,,0.063465,0.998829,10.4887,15.6680
755,both,0.709306,1.569655,-2.322352,2.347505,1.530828,-0.016595,0.587019,-2.950902,-2.197557,0.807171,0.002402,-0.155630,0.399551,0.829949,31.7399,32.3015,20.8051,20.4459,5.8830,9.6558,6.9085,19.5976,20.8452,9.0374,22.1385,6.2760,12.5664,8.1776,4.6658,6.3392,4.4426,5.1775,4.2374,2.7689,2.7670,8.2972,10.9817,5.7447,2.9609,4.2338,2.2562,3.9144,1.0580,1.0767,1.3870,1.3631,0.5883,0.9656,0.6909,0.6533,0.6948,0.6025,1.4759,0.6276,1.2566,0.8178,0.5832,0.7924,1.1106,1.2944,1.4125,0.9230,0.9223,1.0371,1.3727,1.4362,0.7402,1.4113,0.7521,1.3048,True,1.2060,0.867544,0.076585,179.9749,89.6970
756,left_only,-3.068171,1.643175,1.455358,2.514818,1.834902,-0.186047,0.897000,0.000000,-0.200000,0.000000,0.400000,0.000000,0.000000,0.000000,24.7094,22.0130,7.5221,11.0357,6.1844,11.7494,6.4479,30.0000,30.0000,15.0000,15.0000,10.0000,10.0000,10.0000,8.6831,5.0117,4.8177,3.1422,2.4261,3.4212,4.3168,8.0000,8.0000,4.0000,4.0000,3.0000,3.0000,3.0000,0.8236,0.7338,0.5015,0.7357,0.6184,1.1749,0.6448,1.0000,1.0000,1.0000,1.0000,1.0000,1.0000,1.0000,1.0854,0.6265,1.2044,0.7855,0.8087,1.1404,1.4389,1.0000,1.0000,1.0000,1.0000,1.0000,1.0000,1.0000,True,1.6200,0.850179,0.099885,179.5620,89.3189
757,left_only,1.530441,0.970456,2.705672,1.578888,2.211259,-0.436737,-1.185741,0.000000,-0.200000,0.000000,0.400000,0.000000,0.000000,0.000000,17.2372,39.1318,9.5693,10.1488,10.8540,14.5745,10.6711,30.0000,30.0000,15.0000,15.0000,10.0000,10.0000,10.0000,9.8608,5.5019,5.6567,2.2235,2.3485,2.8612,2.1785,8.0000,8.0000,4.0000,4.0000,3.0000,3.0000,3.0000,0.5746,1.3044,0.6380,0.6766,1.0854,1.4574,1.0671,1.0000,1.0000,1.0000,1.0000,1.0000,1.0000,1.0000,1.2326,0.6877,1.4142,0.5559,0.7828,0.9537,0.7262,1.0000,1.0000,1.0000,1.0000,1.0000,1.0000,1.0000,True,1.6200,0.897046,0.081224,179.7439,89.0293
758,both,-0.013687,2.185835,-1.458765,-0.914518,-2.581933,-0.462104,1.029700,-0.211955,-2.876715,-2.485452,2.426667,1.921588,0.395326,-0.865445,30.6682,18.6443,19.4346,13.6873,11.9583,5.3031,12.7793,26.5870,22.3300,12.6679,11.9489,11.3307,5.4456,5.4144,5.8359,10.7424,2.7434,5.1604,1.9023,3.4903,3.8378,6.3022,6.2158,2.7083,4.8673,1.5713,4.2727,3.7725,1.0223,0.6215,1.2956,0.9125,1.1958,0.5303,1.2779,0.8862,0.7443,0.8445,0.7966,1.1331,0.5446,0.5414,0.7295,1.3428,0.6859,1.2901,0.6341,1.1634,1.2793,0.7878,0.7770,0.6771,1.2168,0.5238,1.4242,1.2575,True,1.6060,0.931498,0.082375,176.2800,88.1040
759,right_only,0.000000,0.200000,0.000000,0.400000,0.000000,0.000000,0.000000,-1.242069,-0.153228,0.494931,1.405048,-0.947017,0.150872,-0.915175,30.0000,30.0000,15.0000,15.0000,10.0000,10.0000,10.0000,30.7470,18.4833,14.1772,16.7441,6.5550,7.2212,13.1326,8.0000,8.0000,4.0000,4.0000,3.0000,3.0000,3.0000,6.0457,4.7644,3.3228,5.7406,3.5813,3.2263,4.0213,1.0000,1.0000,1.0000,1.0000,1.0000,1.0000,1.0000,1.0249,0.6161,0.9451,1.1163,0.6555,0.7221,1.3133,1.0000,1.0000,1.0000,1.0000,1.0000,1.0000,1.0000,0.7557,0.5956,0.8307,1.4351,1.1938,1.0754,1.3404,False,,0.080909,1.000197,10.1035,16.2393
760,right_only,0.000000,0.200000,0.000000,0.400000,0.000000,0.000000,0.000000,-0.030518,-0.333870,0.716080,2.619385,0.844287,-0.217491,-1.165560,30.0000,30.0000,15.0000,15.0000,10.0000,10.0000,10.0000,18.1596,30.3734,22.0765,18.8919,12.7544,11.6379,14.0349,8.0000,8.0000,4.0000,4.0000,3.0000,3.0000,3.0000,9.8837,6.0669,3.9979,3.6174,1.9962,2.1671,2.3555,1.0000,1.0000,1.0000,1.0000,1.0000,1.0000,1.0000,0.6053,1.0124,1.4718,1.2595,1.2754,1.1638,1.4035,1.0000,1.0000,1.0000,1.0000,1.0000,1.0000,1.0000,1.2355,0.7584,0.9995,0.9043,0.6654,0.7224,0.7852,False,,0.093359,0.999550,10.4989,15.5196
761,left_only,-2.322138,0.441426,2.535950,0.467578,1.756496,-0.402939,1.223796,0.000000,-0.200000,0.000000,0.400000,0.000000,0.000000,0.000000,37.9438,42.2015,15.3887,17.0181,8.6082,9.3203,12.5074,30.0000,30.0000,15.0000,15.0000,10.0000,10.0000,10.0000,4.3997,4.2924,5.4997,2.4400,3.6631,2.0986,2.5986,8.0000,8.0000,4.0000,4.0000,3.0000,3.0000,3.0000,1.2648,1.4067,1.0259,1.1345,0.8608,0.9320,1.2507,1.0000,1.0000,1.0000,1.0000,1.0000,1.0000,1.0000,0.5500,0.5366,1.3749,0.6100,1.2210,0.6995,0.8662,1.0000,1.0000,1.0000,1.0000,1.0000,1.0000,1.0000,True,2.1520,1.107955,0.093526,99.4896,72.4234
762,left_only,-1.757380,1.473468,2.027171,2.665956,-1.731024,-0.150175,0.855769,0.000000,-0.200000,0.000000,0.400000,0.000000,0.000000,0.000000,17.6891,18.5069,14.6937,19.3522,8.3598,5.6943,14.6787,30.0000,30.0000,15.0000,15.0000,10.0000,10.0000,10.0000,11.5113,9.2152,4.7275,5.7348,3.4316,3.8652,2.8905,8.0000,8.0000,4.0000,4.0000,3.0000,3.0000,3.0000,0.5896,0.6169,0.9796,1.2901,0.8360,0.5694,1.4679,1.0000,1.0000,1.0000,1.0000,1.0000,1.0000,1.0000,1.4389,1.1519,1.1819,1.4337,1.1439,1.2884,0.9635,1.0000,1.0000,1.0000,1.0000,1.0000,1.0000,1.0000,False,,0.091550,0.995782,16.0123,15.8181
763,both,-2.066108,2.766972,1.220446,0.245892,0.580067,0.292748,-0.583323,0.477996,-3.126542,0.533460,3.175596,2.240319,0.347484,0.458107,28.8356,35.3165,12.3179,15.7915,10.3968,10.4373,9.1199,40.1226,22.2375,20.2983,18.3040,14.2098,13.7023,12.0109,6.8224,6.6428,2.8989,3.7542,1.8532,4.2047,1.7091,5.2134,8.3924,3.3593,5.5431,4.1167,2.4421,3.5151,0.9612,1.1772,0.8212,1.0528,1.0397,1.0437,0.9120,1.3374,0.7412,1.3532,1.2203,1.4210,1.3702,1.2011,0.8528,0.8304,0.7247,0.9385,0.6177,1.4016,0.5697,0.6517,1.0490,0.8398,1.3858,1.3722,0.8140,1.1717,True,1.2160,0.998006,0.083684,178.3376,87.8265
764,right_only,0.000000,0.200000,0.000000,0.400000,0.000000,0.000000,0.000000,-1.546679,-0.836440,0.470649,1.160215,2.309619,-0.234904,0.755565,30.0000,30.0000,15.0000,15.0000,10.0000,10.0000,10.0000,35.6852,23.4380,13.8253,8.5352,10.9758,13.8789,6.1782,8.0000,8.0000,4.0000,4.0000,3.0000,3.0000,3.0000,5.0560,7.7965,3.1249,3.1077,3.4160,2.7308,4.0339,1.0000,1.0000,1.0000,1.0000,1.0000,1.0000,1.0000,1.1895,0.7813,0.9217,0.5690,1.0976,1.3879,0.6178,1.0000,1.0000,1.0000,1.0000,1.0000,1.0000,1.0000,0.6320,0.9746,0.7812,0.7769,1.1387,0.9103,1.3446,False,,0.503249,0.838775,16.5599,40.8505
765,left_only,-1.119852,1.945741,-0.403956,0.107377,-0.295127,0.203944,1.150135,0.000000,-0.200000,0.000000,0.400000,0.000000,0.000000,0.000000,16.2650,30.9548,17.0395,8.7858,13.2917,7.7595,13.7491,30.0000,30.0000,15.0000,15.0000,10.0000,10.0000,10.0000,8.4209,5.2166,4.9569,2.6289,3.6611,3.9246,3.2266,8.0000,8.0000,4.0000,4.0000,3.0000,3.0000,3.0000,0.5422,1.0318,1.1360,0.5857,1.3292,0.7760,1.3749,1.0000,1.0000,1.0000,1.0000,1.0000,1.0000,1.0000,1.0526,0.6521,1.2392,0.6572,1.2204,1.3082,1.0755,1.0000,1.0000,1.0000,1.0000,1.0000,1.0000,1.0000,False,,0.058764,0.999332,13.7332,18.5315
766,right_only,0.000000,0.200000,0.000000,0.400000,0.000000,0.000000,0.000000,-1.863155,-1.746863,-0.016124,1.799676,0.901411,-0.092107,0.655743,30.0000,30.0000,15.0000,15.0000,10.0000,10.0000,10.0000,38.1425,35.8899,11.5823,14.5409,9.3276,13.1679,13.0818,8.0000,8.0000,4.0000,4.0000,3.0000,3.0000,3.0000,10.9286,5.8494,4.9938,5.4816,1.9995,1.6198,1.8165,1.0000,1.0000,1.0000,1.0000,1.0000,1.0000,1.0000,1.2714,1.1963,0.7722,0.9694,0.9328,1.3168,1.3082,1.0000,1.0000,1.0000,1.0000,1.0000,1.0000,1.0000,1.3661,0.7312,1.2485,1.3704,0.6665,0.5399,0.6055,False,,0.097807,1.001774,9.3560,15.0378
767,right_only,0.000000,0.200000,0.000000,0.400000,0.000000,0.000000,0.000000,-0.284787,-1.806171,-1.904059,1.231894,1.774610,0.329131,0.639371,30.0000,30.0000,15.0000,15.0000,10.0000,10.0000,10.0000,41.5653,33.1256,20.0561,13.7578,13.5248,13.9581,11.8641,8.0000,8.0000,4.0000,4.0000,3.0000,3.0000,3.0000,7.4484,6.2534,3.3007,2.5294,1.6415,2.7433,1.6280,1.0000,1.0000,1.0000,1.0000,1.0000,1.0000,1.0000,1.3855,1.1042,1.3371,0.9172,1.3525,1.3958,1.1864,1.0000,1.0000,1.0000,1.0000,1.0000,1.0000,1.0000,0.9310,0.7817,0.8252,0.6324,0.5472,0.9144,0.5427,False,,0.103344,1.000472,9.0227,18.3749
768,both,1.007570,2.076842,2.123593,0.885441,-1.720031,-0.193992,0.901022,-2.565883,-0.760555,-1.730336,0.508592,-2.732451,-0.019343,-0.943984,40.7894,17.9318,11.2555,7.7220,14.9288,11.4144,11.4358,31.4145,17.7057,11.7355,13.5551,6.5722,12.0415,9.9506,8.1509,10.9444,2.5768,5.1714,3.9214,1.6084,1.8980,9.1185,7.7944,3.6499,3.9696,4.1985,2.6881,3.4268,1.3596,0.5977,0.7504,0.5148,1.4929,1.1414,1.1436,1.0471,0.5902,0.7824,0.9037,0.6572,1.2041,0.9951,1.0189,1.3681,0.6442,1.2929,1.3071,0.5361,0.6327,1.1398,0.9743,0.9125,0.9924,1.3995,0.8960,1.1423,True,1.5980,1.038494,0.080074,179.3562,88.3261
769,left_only,0.787963,1.967711,-1.378215,-0.446306,0.393452,0.210341,0.682592,0.000000,-0.200000,0.000000,0.400000,0.000000,0.000000,0.000000,35.8141,15.1036,19.1076,16.5693,14.8818,12.6459,9.3021,30.0000,30.0000,15.0000,15.0000,10.0000,10.0000,10.0000,9.4092,8.9275,3.3496,4.1341,2.1131,1.7635,3.6991,8.0000,8.0000,4.0000,4.0000,3.0000,3.0000,3.0000,1.1938,0.5035,1.2738,1.1046,1.4882,1.2646,0.9302,1.0000,1.0000,1.0000,1.0000,1.0000,1.0000,1.0000,1.1761,1.1159,0.8374,1.0335,0.7044,0.5878,1.2330,1.0000,1.0000,1.0000,1.0000,1.0000,1.0000,1.0000,True,1.3940,0.889581,0.097211,179.8910,85.9084
770,left_only,-1.330754,2.476596,0.108871,2.394430,1.250147,0.244321,-0.179498,0.000000,-0.200000,0.000000,0.400000,0.000000,0.000000,0.000000,43.8354,27.1576,19.3972,14.8438,7.3509,11.2891,9.6911,30.0000,30.0000,15.0000,15.0000,10.0000,10.0000,10.0000,6.1126,7.0603,2.6397,5.9482,3.4296,2.0206,3.7938,8.0000,8.0000,4.0000,4.0000,3.0000,3.0000,3.0000,1.4612,0.9053,1.2931,0.9896,0.7351,1.1289,0.9691,1.0000,1.0000,1.0000,1.0000,1.0000,1.0000,1.0000,0.7641,0.8825,0.6599,1.4870,1.1432,0.6735,1.2646,1.0000,1.0000,1.0000,1.0000,1.0000,1.0000,1.0000,True,1.3720,0.943951,0.095886,179.7398,86.7255
771,right_only,0.000000,0.200000,0.000000,0.400000,0.000000,0.000000,0.000000,-0.305152,-0.668756,0.304038,-0.700270,-1.579339,0.248589,0.646050,30.0000,30.0000,15.0000,15.0000,10.0000,10.0000,10.0000,37.6163,15.4564,19.5773,14.0869,11.9366,7.7208,12.6953,8.0000,8.0000,4.0000,4.0000,3.0000,3.0000,3.0000,11.8583,6.0283,5.1368,4.4198,2.3193,2.3831,3.6949,1.0000,1.0000,1.0000,1.0000,1.0000,1.0000,1.0000,1.2539,0.5152,1.3052,0.9391,1.1937,0.7721,1.2695,1.0000,1.0000,1.0000,1.0000,1.0000,1.0000,1.0000,1.4823,0.7535,1.2842,1.1050,0.7731,0.7944,1.2316,False,,0.081004,0.999404,9.0172,19.0139
772,left_only,-1.800730,-0.199340,2.295355,1.482360,1.358808,0.095482,0.041802,0.000000,-0.200000,0.000000,0.400000,0.000000,0.000000,0.000000,38.0995,15.9647,12.1783,16.9120,14.4397,8.9365,14.7529,30.0000,30.0000,15.0000,15.0000,10.0000,10.0000,10.0000,10.0423,7.8792,3.7166,2.5178,3.3456,1.6571,2.7872,8.0000,8.0000,4.0000,4.0000,3.0000,3.0000,3.0000,1.2700,0.5322,0.8119,1.1275,1.4440,0.8937,1.4753,1.0000,1.0000,1.0000,1.0000,1.0000,1.0000,1.0000,1.2553,0.9849,0.9292,0.6294,1.1152,0.5524,0.9291,1.0000,1.0000,1.0000,1.0000,1.0000,1.0000,1.0000,False,,0.101717,1.000373,10.4484,14.6989
773,right_only,0.000000,0.200000,0.000000,0.400000,0.000000,0.000000,0.000000,-2.020392,0.214761,-0.950293,1.070618,-0.587160,-0.335581,-0.374442,30.0000,30.0000,15.0000,15.0000,10.0000,10.0000,10.0000,38.3700,33.6359,14.0612,19.8086,5.0415,13.2660,5.5954,8.0000,8.0000,4.0000,4.0000,3.0000,3.0000,3.0000,10.9622,11.5806,5.2767,2.0784,3.0786,3.9864,3.1350,1.0000,1.0000,1.0000,1.0000,1.0000,1.0000,1.0000,1.2790,1.1212,0.9374,1.3206,0.5041,1.3266,0.5595,1.0000,1.0000,1.0000,1.0000,1.0000,1.0000,1.0000,1.3703,1.4476,1.3192,0.5196,1.0262,1.3288,1.0450,False,,0.079330,0.999835,8.1413,13.4412
774,left_only,-1.444698,1.399229,-2.202466,1.099775,-2.849602,0.133307,-0.278251,0.000000,-0.200000,0.000000,0.400000,0.000000,0.000000,0.000000,20.7403,15.5215,21.3318,15.8448,11.4695,12.7936,11.2659,30.0000,30.0000,15.0000,15.0000,10.0000,10.0000,10.0000,7.3048,9.0207,3.0101,4.2454,2.1168,4.2523,3.0287,8.0000,8.0000,4.0000,4.0000,3.0000,3.0000,3.0000,0.6913,0.5174,1.4221,1.0563,1.1470,1.2794,1.1266,1.0000,1.0000,1.0000,1.0000,1.0000,1.0000,1.0000,0.9131,1.1276,0.7525,1.0614,0.7056,1.4174,1.0096,1.0000,1.0000,1.0000,1.0000,1.0000,1.0000,1.0000,True,1.5800,0.815553,0.122423,179.9604,83.7624
775,left_only,-2.038612,2.037811,-2.147888,0.842499,1.977956,0.247769,0.516736,0.000000,-0.200000,0.000000,0.400000,0.000000,0.000000,0.000000,29.1181,28.4064,7.6696,16.5006,10.7701,5.0528,6.3704,30.0000,30.0000,15.0000,15.0000,10.0000,10.0000,10.0000,4.0995,6.0254,2.0154,3.6695,2.9292,2.8112,2.0982,8.0000,8.0000,4.0000,4.0000,3.0000,3.0000,3.0000,0.9706,0.9469,0.5113,1.1000,1.0770,0.5053,0.6370,1.0000,1.0000,1.0000,1.0000,1.0000,1.0000,1.0000,0.5124,0.7532,0.5039,0.9174,0.9764,0.9371,0.6994,1.0000,1.0000,1.0000,1.0000,1.0000,1.0000,1.0000,True,1.5560,0.855041,0.079646,179.6503,87.8256
776,right_only,0.000000,0.200000,0.000000,0.400000,0.000000,0.000000,0.000000,-0.674036,-0.322722,-1.358809,0.340937,0.376677,-0.246277,-0.412023,30.0000,30.0000,15.0000,15.0000,10.0000,10.0000,10.0000,28.5731,26.5891,19.7735,20.2349,9.0288,9.4779,14.5689,8.0000,8.0000,4.0000,4.0000,3.0000,3.0000,3.0000,8.0247,11.9443,5.0512,3.0569,2.1873,1.9772,3.9184,1.0000,1.0000,1.0000,1.0000,1.0000,1.0000,1.0000,0.9524,0.8863,1.3182,1.3490,0.9029,0.9478,1.4569,1.0000,1.0000,1.0000,1.0000,1.0000,1.0000,1.0000,1.0031,1.4930,1.2628,0.7642,0.7291,0.6591,1.3061,False,,0.109278,1.000926,8.8494,13.6457
777,both,-1.694680,2.174496,0.402572,2.461369,1.314708,-0.403532,-0.410394,-0.690335,-0.362245,1.038536,1.319038,1.906242,-0.060191,-1.128625,41.1161,30.7978,19.6260,13.3812,10.8855,8.3109,9.0957,35.4842,35.2707,13.8552,14.7284,6.4032,10.2151,13.7706,5.1792,9.9328,3.1211,3.2069,2.5626,2.7964,3.2285,7.6836,11.5041,2.6231,4.9476,3.6240,3.5446,3.4886,1.3705,1.0266,1.3084,0.8921,1.0886,0.8311,0.9096,1.1828,1.1757,0.9237,0.9819,0.6403,1.0215,1.3771,0.6474,1.2416,0.7803,0.8017,0.8542,0.9321,1.0762,0.9604,1.4380,0.6558,1.2369,1.2080,1.1815,1.1629,True,1.5680,0.877759,0.095353,179.5662,86.9174
778,left_only,-3.034928,2.425222,0.173210,1.214889,-2.716974,-0.288247,1.043957,0.000000,-0.200000,0.000000,0.400000,0.000000,0.000000,0.000000,24.4659,26.8164,10.3381,16.9829,12.4070,14.2126,10.6206,30.0000,30.0000,15.0000,15.0000,10.0000,10.0000,10.0000,6.2050,4.5677,3.0644,4.4735,4.4223,1.7376,2.6651,8.0000,8.0000,4.0000,4.0000,3.0000,3.0000,3.0000,0.8155,0.8939,0.6892,1.1322,1.2407,1.4213,1.0621,1.0000,1.0000,1.0000,1.0000,1.0000,1.0000,1.0000,0.7756,0.5710,0.7661,1.1184,1.4741,0.5792,0.8884,1.0000,1.0000,1.0000,1.0000,1.0000,1.0000,1.0000,False,,0.099640,0.999038,12.6306,15.3727
779,right_only,0.000000,0.200000,0.000000,0.400000,0.000000,0.000000,0.000000,0.002680,-1.228122,0.685097,0.963051,-1.211869,-0.015954,-0.300898,30.0000,30.0000,15.0000,15.0000,10.0000,10.0000,10.0000,36.2789,20.1487,14.9422,21.8859,10.3179,7.3721,14.3585,8.0000,8.0000,4.0000,4.0000,3.0000,3.0000,3.0000,5.9533,10.0094,2.4381,5.4084,2.0417,2.6825,4.3969,1.0000,1.0000,1.0000,1.0000,1.0000,1.0000,1.0000,1.2093,0.6716,0.9961,1.4591,1.0318,0.7372,1.4359,1.0000,1.0000,1.0000,1.0000,1.0000,1.0000,1.0000,0.7442,1.2512,0.6095,1.3521,0.6806,0.8942,1.4656,True,1.4880,0.861120,0.072706,179.9085,89.2188
780,left_only,-0.411051,0.617905,-2.656444,-0.921960,-1.428375,0.024841,-0.038376,0.000000,-0.200000,0.000000,0.400000,0.000000,0.000000,0.000000,42.6564,37.9228,21.3710,15.1767,9.4667,10.6609,8.7215,30.0000,30.0000,15.0000,15.0000,10.0000,10.0000,10.0000,5.6865,10.6933,4.7221,3.3026,2.8388,2.1763,3.1885,8.0000,8.0000,4.0000,4.0000,3.0000,3.0000,3.0000,1.4219,1.2641,1.4247,1.0118,0.9467,1.0661,0.8721,1.0000,1.0000,1.0000,1.0000,1.0000,1.0000,1.0000,0.7108,1.3367,1.1805,0.8257,0.9463,0.7254,1.0628,1.0000,1.0000,1.0000,1.0000,1.0000,1.0000,1.0000,False,,0.084923,0.998224,8.7868,16.2239
781,right_only,0.000000,0.200000,0.000000,0.400000,0.000000,0.000000,0.000000,-1.452133,-0.090325,-0.014182,0.750448,1.567810,0.374719,0.806244,30.0000,30.0000,15.0000,15.0000,10.0000,10.0000,10.0000,29.8475,25.6933,17.4319,19.7530,14.7864,9.5725,11.6824,8.0000,8.0000,4.0000,4.0000,3.0000,3.0000,3.0000,6.3448,4.6997,3.0122,2.0580,3.0283,2.6195,3.5348,1.0000,1.0000,1.0000,1.0000,1.0000,1.0000,1.0000,0.9949,0.8564,1.1621,1.3169,1.4786,0.9573,1.1682,1.0000,1.0000,1.0000,1.0000,1.0000,1.0000,1.0000,0.7931,0.5875,0.7531,0.5145,1.0094,0.8732,1.1783,False,,0.087997,1.000007,9.8243,13.8806
782,right_only,0.000000,0.200000,0.000000,0.400000,0.000000,0.000000,0.000000,-0.241871,-2.765465,0.810569,-0.176037,-2.715710,0.434928,-1.201458,30.0000,30.0000,15.0000,15.0000,10.0000,10.0000,10.0000,25.2525,34.1253,13.0556,13.2181,12.2273,11.0215,10.1838,8.0000,8.0000,4.0000,4.0000,3.0000,3.0000,3.0000,11.0905,4.8649,3.8791,2.9563,1.6104,4.4371,3.7021,1.0000,1.0000,1.0000,1.0000,1.0000,1.0000,1.0000,0.8417,1.1375,0.8704,0.8812,1.2227,1.1022,1.0184,1.0000,1.0000,1.0000,1.0000,1.0000,1.0000,1.0000,1.3863,0.6081,0.9698,0.7391,0.5368,1.4790,1.2340,True,1.4020,0.844485,0.098860,179.8972,86.5211
783,left_only,-2.121766,1.141201,-1.378443,1.878452,-0.991425,0.388373,-0.742810,0.000000,-0.200000,0.000000,0.400000,0.000000,0.000000,0.000000,25.4948,42.9544,20.7702,11.8976,9.8307,13.8371,11.7063,30.0000,30.0000,15.0000,15.0000,10.0000,10.0000,10.0000,9.0982,9.2845,5.6839,4.0687,2.0453,2.9182,3.6867,8.0000,8.0000,4.0000,4.0000,3.0000,3.0000,3.0000,0.8498,1.4318,1.3847,0.7932,0.9831,1.3837,1.1706,1.0000,1.0000,1.0000,1.0000,1.0000,1.0000,1.0000,1.1373,1.1606,1.4210,1.0172,0.6818,0.9727,1.2289,1.0000,1.0000,1.0000,1.0000,1.0000,1.0000,1.0000,True,1.8120,0.825856,0.116086,176.0781,84.6698
784,left_only,-0.822047,0.804133,1.118091,0.909449,2.535845,-0.136770,0.552417,0.000000,-0.200000,0.000000,0.400000,0.000000,0.000000,0.000000,31.6522,17.3269,14.5464,7.9375,12.8983,12.3453,5.5051,30.0000,30.0000,15.0000,15.0000,10.0000,10.0000,10.0000,7.9976,11.6923,3.1386,5.6172,1.9533,1.5198,3.0916,8.0000,8.0000,4.0000,4.0000,3.0000,3.0000,3.0000,1.0551,0.5776,0.9698,0.5292,1.2898,1.2345,0.5505,1.0000,1.0000,1.0000,1.0000,1.0000,1.0000,1.0000,0.9997,1.4615,0.7846,1.4043,0.6511,0.5066,1.0305,1.0000,1.0000,1.0000,1.0000,1.0000,1.0000,1.0000,True,1.9040,0.842366,0.081289,179.8087,89.2460
785,right_only,0.000000,0.200000,0.000000,0.400000,0.000000,0.000000,0.000000,-2.013164,-0.076533,0.811138,1.886857,1.128095,0.165536,0.627672,30.0000,30.0000,15.0000,15.0000,10.0000,10.0000,10.0000,35.0966,40.0283,15.8718,12.7603,9.6685,9.4024,8.3251,8.0000,8.0000,4.0000,4.0000,3.0000,3.0000,3.0000,7.3237,7.0799,2.4446,5.3222,3.7694,2.5126,4.3354,1.0000,1.0000,1.0000,1.0000,1.0000,1.0000,1.0000,1.1699,1.3343,1.0581,0.8507,0.9668,0.9402,0.8325,1.0000,1.0000,1.0000,1.0000,1.0000,1.0000,1.0000,0.9155,0.8850,0.6111,1.3306,1.2565,0.8375,1.4451,False,,0.084062,0.999364,11.5018,13.4153
786,right_only,0.000000,0.200000,0.000000,0.400000,0.000000,0.000000,0.000000,1.331498,-0.161599,-2.843456,0.583130,-0.115741,0.202313,0.342423,30.0000,30.0000,15.0000,15.0000,10.0000,10.0000,10.0000,35.3514,38.0164,21.7265,15.7726,14.0404,13.1482,8.3792,8.0000,8.0000,4.0000,4.0000,3.0000,3.0000,3.0000,10.5094,4.9388,2.6350,5.9695,2.7861,2.8819,4.3531,1.0000,1.0000,1.0000,1.0000,1.0000,1.0000,1.0000,1.1784,1.2672,1.4484,1.0515,1.4040,1.3148,0.8379,1.0000,1.0000,1.0000,1.0000,1.0000,1.0000,1.0000,1.3137,0.6173,0.6588,1.4924,0.9287,0.9606,1.4510,False,,0.099217,0.992742,10.0307,18.2871
787,left_only,-1.435735,0.515734,-2.218751,1.208420,-1.859791,-0.402554,0.795196,0.000000,-0.200000,0.000000,0.400000,0.000000,0.000000,0.000000,24.8579,32.3817,9.0697,15.0837,11.3184,9.4986,8.3748,30.0000,30.0000,15.0000,15.0000,10.0000,10.0000,10.0000,6.4876,4.8751,2.4628,3.9828,1.9165,2.1704,1.9945,8.0000,8.0000,4.0000,4.0000,3.0000,3.0000,3.0000,0.8286,1.0794,0.6046,1.0056,1.1318,0.9499,0.8375,1.0000,1.0000,1.0000,1.0000,1.0000,1.0000,1.0000,0.8110,0.6094,0.6157,0.9957,0.6388,0.7235,0.6648,1.0000,1.0000,1.0000,1.0000,1.0000,1.0000,1.0000,False,,0.102473,1.000336,8.0255,14.5723
788,both,0.639701,1.319931,0.473183,1.457617,-0.726823,-0.186451,-0.298588,-0.620983,-2.044578,-2.235388,2.823527,1.468660,-0.401200,1.030478,20.1140,17.9319,10.0983,21.4955,7.2129,12.8699,11.4304,38.2781,35.7681,15.4395,14.9446,8.3703,8.4240,5.6847,8.1458,6.9247,2.3717,4.8426,2.6843,3.1050,1.6553,9.4937,4.3598,2.0057,2.1239,2.1103,3.2106,3.5435,0.6705,0.5977,0.6732,1.4330,0.7213,1.2870,1.1430,1.2759,1.1923,1.0293,0.9963,0.8370,0.8424,0.5685,1.0182,0.8656,0.5929,1.2107,0.8948,1.0350,0.5518,1.1867,0.5450,0.5014,0.5310,0.7034,1.0702,1.1812,True,1.6680,0.848784,0.089970,179.9924,87.8816
789,right_only,0.000000,0.200000,0.000000,0.400000,0.000000,0.000000,0.000000,-1.158322,-1.855346,0.260376,1.514898,2.117186,0.295157,0.821757,30.0000,30.0000,15.0000,15.0000,10.0000,10.0000,10.0000,40.3252,41.3949,15.8298,16.4275,12.2723,6.9901,8.6046,8.0000,8.0000,4.0000,4.0000,3.0000,3.0000,3.0000,11.3012,8.1821,2.2072,3.6222,1.9824,2.5689,3.1349,1.0000,1.0000,1.0000,1.0000,1.0000,1.0000,1.0000,1.3442,1.3798,1.0553,1.0952,1.2272,0.6990,0.8605,1.0000,1.0000,1.0000,1.0000,1.0000,1.0000,1.0000,1.4127,1.0228,0.5518,0.9056,0.6608,0.8563,1.0450,False,,0.081397,0.999167,9.2438,15.9242
790,right_only,0.000000,0.200000,0.000000,0.400000,0.000000,0.000000,0.000000,-0.760808,-1.546027,-2.906018,0.888283,-2.583169,-0.088004,0.373380,30.0000,30.0000,15.0000,15.0000,10.0000,10.0000,10.0000,18.7771,42.5032,16.9577,10.7640,8.9409,5.9691,5.2206,8.0000,8.0000,4.0000,4.0000,3.0000,3.0000,3.0000,11.3269,9.4015,5.1186,4.4887,4.2203,4.1878,1.6745,1.0000,1.0000,1.0000,1.0000,1.0000,1.0000,1.0000,0.6259,1.4168,1.1305,0.7176,0.8941,0.5969,0.5221,1.0000,1.0000,1.0000,1.0000,1.0000,1.0000,1.0000,1.4159,1.1752,1.2796,1.1222,1.4068,1.3959,0.5582,True,1.5920,0.829739,0.122108,175.3417,83.9101
791,right_only,0.000000,0.200000,0.000000,0.400000,0.000000,0.000000,0.000000,-2.247597,-1.903914,-1.076022,1.220615,-1.214777,0.275150,-1.250966,30.0000,30.0000,15.0000,15.0000,10.0000,10.0000,10.0000,38.7454,26.8011,7.5770,20.2060,9.4675,12.2473,13.7845,8.0000,8.0000,4.0000,4.0000,3.0000,3.0000,3.0000,4.2745,6.0973,2.4756,2.3920,4.3369,3.9167,2.5942,1.0000,1.0000,1.0000,1.0000,1.0000,1.0000,1.0000,1.2915,0.8934,0.5051,1.3471,0.9468,1.2247,1.3784,1.0000,1.0000,1.0000,1.0000,1.0000,1.0000,1.0000,0.5343,0.7622,0.6189,0.5980,1.4456,1.3056,0.8647,False,,0.102887,0.996751,9.3249,17.6908
792,both,0.097150,3.095503,-1.407988,-0.891557,1.736864,0.205996,-0.862947,-0.833768,-2.793560,0.406821,1.724464,-1.156308,0.259774,-0.067065,36.1907,34.1943,14.2614,11.8908,7.0430,12.4594,11.4194,43.9301,34.1407,8.4926,14.1523,7.2197,9.9045,7.4703,6.2475,11.7368,5.2414,2.5072,1.9877,3.1321,1.8071,10.6544,9.7688,5.6263,2.7918,2.6562,3.9164,2.6215,1.2064,1.1398,0.9508,0.7927,0.7043,1.2459,1.1419,1.4643,1.1380,0.5662,0.9435,0.7220,0.9905,0.7470,0.7809,1.4671,1.3103,0.6268,0.6626,1.0440,0.6024,1.3318,1.2211,1.4066,0.6980,0.8854,1.3055,0.8738,True,1.2380,0.888809,0.144363,149.4390,79.8916
793,right_only,0.000000,0.200000,0.000000,0.400000,0.000000,0.000000,0.000000,-1.354494,0.327225,1.360794,2.605176,-0.405836,0.079475,-0.125594,30.0000,30.0000,15.0000,15.0000,10.0000,10.0000,10.0000,28.5088,18.8310,20.1320,13.3581,10.8182,13.5707,12.7348,8.0000,8.0000,4.0000,4.0000,3.0000,3.0000,3.0000,5.5859,8.9481,3.9829,3.0406,1.6226,3.3894,3.8396,1.0000,1.0000,1.0000,1.0000,1.0000,1.0000,1.0000,0.9503,0.6277,1.3421,0.8905,1.0818,1.3571,1.2735,1.0000,1.0000,1.0000,1.0000,1.0000,1.0000,1.0000,0.6982,1.1185,0.9957,0.7602,0.5409,1.1298,1.2799,False,,0.075279,0.999059,12.0653,15.4302
794,right_only,0.000000,0.200000,0.000000,0.400000,0.000000,0.000000,0.000000,1.295494,-2.058161,-0.746439,-0.276787,2.921388,0.323368,1.162313,30.0000,30.0000,15.0000,15.0000,10.0000,10.0000,10.0000,29.8604,21.2934,16.0978,13.0814,8.4786,5.8236,5.7315,8.0000,8.0000,4.0000,4.0000,3.0000,3.0000,3.0000,7.0304,11.4096,4.8921,5.0422,2.2029,3.7036,2.7190,1.0000,1.0000,1.0000,1.0000,1.0000,1.0000,1.0000,0.9953,0.7098,1.0732,0.8721,0.8479,0.5824,0.5731,1.0000,1.0000,1.0000,1.0000,1.0000,1.0000,1.0000,0.8788,1.4262,1.2230,1.2606,0.7343,1.2345,0.9063,True,1.7920,0.839557,0.077470,179.9744,88.2675
795,both,-2.860270,1.112395,-1.915791,2.575779,1.830094,-0.196591,0.284283,-1.426692,-2.817025,0.672140,2.189240,1.712403,-0.324471,0.031949,15.7170,17.7051,8.7158,8.3579,8.3377,8.5768,11.9787,43.7733,25.6793,8.9718,18.4027,12.1172,7.4103,8.2146,6.6390,5.1232,5.7875,5.5019,1.8727,2.5883,2.0043,7.3202,6.1416,3.1556,5.2064,3.7556,3.5779,3.5603,0.5239,0.5902,0.5811,0.5572,0.8338,0.8577,1.1979,1.4591,0.8560,0.5981,1.2268,1.2117,0.7410,0.8215,0.8299,0.6404,1.4469,1.3755,0.6242,0.8628,0.6681,0.9150,0.7677,0.7889,1.3016,1.2519,1.1926,1.1868,True,1.2080,0.855453,0.109302,179.9742,88.7437
796,right_only,0.000000,0.200000,0.000000,0.400000,0.000000,0.000000,0.000000,-0.681936,-2.073518,1.075490,-0.469401,-1.937434,-0.345705,0.591104,30.0000,30.0000,15.0000,15.0000,10.0000,10.0000,10.0000,32.7462,28.5048,14.6435,19.9134,6.2168,8.8324,12.6017,8.0000,8.0000,4.0000,4.0000,3.0000,3.0000,3.0000,9.2627,7.4812,2.8974,5.7858,2.7238,4.1335,3.8335,1.0000,1.0000,1.0000,1.0000,1.0000,1.0000,1.0000,1.0915,0.9502,0.9762,1.3276,0.6217,0.8832,1.2602,1.0000,1.0000,1.0000,1.0000,1.0000,1.0000,1.0000,1.1578,0.9351,0.7243,1.4464,0.9079,1.3778,1.2778,True,1.4580,0.831750,0.120442,179.8889,84.1782
797,both,0.917807,-0.316035,0.046809,0.121462,-1.431637,-0.212898,-0.281143,-1.205581,-1.003328,-1.306933,0.176570,-0.672897,0.172526,-1.269565,37.4078,25.1691,16.1436,18.9228,10.1084,11.4715,14.1994,40.7387,35.9481,11.7848,9.4837,12.8077,10.7622,14.6344,4.2389,6.7962,5.7074,5.3497,3.3505,2.1879,2.4916,7.2519,6.7922,3.1630,3.9275,2.4682,1.7196,2.4364,1.2469,0.8390,1.0762,1.2615,1.0108,1.1472,1.4199,1.3580,1.1983,0.7857,0.6322,1.2808,1.0762,1.4634,0.5299,0.8495,1.4269,1.3374,1.1168,0.7293,0.8305,0.9065,0.8490,0.7908,0.9819,0.8227,0.5732,0.8121,False,,0.093252,1.000177,6.5337,15.1800
798,left_only,-2.109047,2.702155,-1.324190,0.945140,0.864972,-0.324465,0.079458,0.000000,-0.200000,0.000000,0.400000,0.000000,0.000000,0.000000,40.4156,32.5224,14.7358,20.0832,14.4725,13.2099,9.0841,30.0000,30.0000,15.0000,15.0000,10.0000,10.0000,10.0000,8.8935,8.2131,3.2132,3.7413,3.9878,2.4014,4.1687,8.0000,8.0000,4.0000,4.0000,3.0000,3.0000,3.0000,1.3472,1.0841,0.9824,1.3389,1.4473,1.3210,0.9084,1.0000,1.0000,1.0000,1.0000,1.0000,1.0000,1.0000,1.1117,1.0266,0.8033,0.9353,1.3293,0.8005,1.3896,1.0000,1.0000,1.0000,1.0000,1.0000,1.0000,1.0000,True,1.4920,0.934770,0.083411,179.7191,86.7839
799,left_only,1.529632,0.779580,-1.964075,3.003130,-2.024665,0.251104,-1.170652,0.000000,-0.200000,0.000000,0.400000,0.000000,0.000000,0.000000,22.0670,22.8047,11.9585,21.2896,6.7531,6.7364,11.9167,30.0000,30.0000,15.0000,15.0000,10.0000,10.0000,10.0000,11.6185,7.1143,5.0925,2.1241,3.9722,3.6702,4.1898,8.0000,8.0000,4.0000,4.0000,3.0000,3.0000,3.0000,0.7356,0.7602,0.7972,1.4193,0.6753,0.6736,1.1917,1.0000,1.0000,1.0000,1.0000,1.0000,1.0000,1.0000,1.4523,0.8893,1.2731,0.5310,1.3241,1.2234,1.3966,1.0000,1.0000,1.0000,1.0000,1.0000,1.0000,1.0000,True,1.3500,0.902546,0.072659,179.8784,89.9970
800,right_only,0.000000,0.200000,0.000000,0.400000,0.000000,0.000000,0.000000,-0.137590,0.158253,-0.799508,2.075355,1.429250,-0.214038,1.068272,30.0000,30.0000,15.0000,15.0000,10.0000,10.0000,10.0000,38.3753,40.9906,12.9389,20.1188,8.1498,14.6440,5.2395,8.0000,8.0000,4.0000,4.0000,3.0000,3.0000,3.0000,8.9535,4.8979,4.8749,3.4548,4.1119,4.1181,2.6043,1.0000,1.0000,1.0000,1.0000,1.0000,1.0000,1.0000,1.2792,1.3664,0.8626,1.3413,0.8150,1.4644,0.5239,1.0000,1.0000,1.0000,1.0000,1.0000,1.0000,1.0000,1.1192,0.6122,1.2187,0.8637,1.3706,1.3727,0.8681,False,,0.063569,0.996633,10.1624,13.9233
801,right_only,0.000000,0.200000,0.000000,0.400000,0.000000,0.000000,0.000000,0.675014,-0.825303,-0.591365,0.467567,-1.538644,-0.404032,0.044093,30.0000,30.0000,15.0000,15.0000,10.0000,10.0000,10.0000,31.2012,28.3206,21.7590,7.7054,13.5030,13.0082,12.5875,8.0000,8.0000,4.0000,4.0000,3.0000,3.0000,3.0000,8.1993,5.5228,5.4515,4.9784,3.9985,2.2074,3.1631,1.0000,1.0000,1.0000,1.0000,1.0000,1.0000,1.0000,1.0400,0.9440,1.4506,0.5137,1.3503,1.3008,1.2588,1.0000,1.0000,1.0000,1.0000,1.0000,1.0000,1.0000,1.0249,0.6904,1.3629,1.2446,1.3328,0.7358,1.0544,True,1.7140,0.876230,0.114122,179.7741,86.3748
802,right_only,0.000000,0.200000,0.000000,0.400000,0.000000,0.000000,0.000000,-1.180832,-0.982042,1.257286,-0.232556,-1.747540,-0.422164,-0.870750,30.0000,30.0000,15.0000,15.0000,10.0000,10.0000,10.0000,22.2052,17.1756,12.8354,17.6275,12.9307,8.4582,5.8382,8.0000,8.0000,4.0000,4.0000,3.0000,3.0000,3.0000,10.0750,7.1295,3.0057,3.8828,4.4096,2.6179,4.3784,1.0000,1.0000,1.0000,1.0000,1.0000,1.0000,1.0000,0.7402,0.5725,0.8557,1.1752,1.2931,0.8458,0.5838,1.0000,1.0000,1.0000,1.0000,1.0000,1.0000,1.0000,1.2594,0.8912,0.7514,0.9707,1.4699,0.8726,1.4595,False,,0.344189,0.937686,11.1567,24.9430
803,left_only,-1.947573,0.018959,-1.768796,2.245719,0.086652,0.075778,1.187979,0.000000,-0.200000,0.000000,0.400000,0.000000,0.000000,0.000000,30.1451,18.5106,18.2777,10.6178,10.8154,13.5438,9.7708,30.0000,30.0000,15.0000,15.0000,10.0000,10.0000,10.0000,6.5143,8.6044,2.5078,3.2303,3.0124,2.2625,1.6178,8.0000,8.0000,4.0000,4.0000,3.0000,3.0000,3.0000,1.0048,0.6170,1.2185,0.7079,1.0815,1.3544,0.9771,1.0000,1.0000,1.0000,1.0000,1.0000,1.0000,1.0000,0.8143,1.0755,0.6270,0.8076,1.0041,0.7542,0.5393,1.0000,1.0000,1.0000,1.0000,1.0000,1.0000,1.0000,False,,0.107320,0.999572,7.8408,15.1659
804,left_only,-0.383986,1.136715,-0.445240,3.166837,-2.366124,-0.319888,0.955705,0.000000,-0.200000,0.000000,0.400000,0.000000,0.000000,0.000000,18.9079,42.5287,17.5794,15.4224,7.7840,8.5947,13.2595,30.0000,30.0000,15.0000,15.0000,10.0000,10.0000,10.0000,4.4600,10.1484,5.3113,4.8239,1.6635,3.7280,3.6695,8.0000,8.0000,4.0000,4.0000,3.0000,3.0000,3.0000,0.6303,1.4176,1.1720,1.0282,0.7784,0.8595,1.3260,1.0000,1.0000,1.0000,1.0000,1.0000,1.0000,1.0000,0.5575,1.2685,1.3278,1.2060,0.5545,1.2427,1.2232,1.0000,1.0000,1.0000,1.0000,1.0000,1.0000,1.0000,True,1.5160,0.838194,0.119092,179.9872,84.2658
805,both,-3.078328,2.992831,-1.910450,3.018030,-2.602361,-0.242304,0.483215,-2.493593,-2.700823,-2.946657,2.463363,-2.533324,0.122630,0.209061,30.3372,26.2547,11.9934,21.8542,12.8536,14.2273,12.3390,28.6192,28.1464,15.5579,15.5756,13.7056,8.4591,8.1624,10.6321,11.7134,3.8146,5.6276,1.6292,1.8236,2.9711,9.6152,9.1878,5.3194,3.2371,1.5192,4.3322,1.6327,1.0112,0.8752,0.7996,1.4569,1.2854,1.4227,1.2339,0.9540,0.9382,1.0372,1.0384,1.3706,0.8459,0.8162,1.3290,1.4642,0.9536,1.4069,0.5431,0.6079,0.9904,1.2019,1.1485,1.3298,0.8093,0.5064,1.4441,0.5442,True,1.2040,1.029844,0.078651,94.6008,87.4568
806,both,0.062861,0.836525,-0.258568,2.511075,-0.593222,-0.328956,0.646265,-3.044804,-2.361509,0.040877,0.857964,0.822515,-0.109753,-0.277915,25.4597,41.6181,7.7594,21.5946,8.5822,8.6488,12.2589,38.2813,20.1055,8.1845,15.6110,7.1534,12.2873,6.0132,7.1062,8.9332,5.6145,5.3848,3.0461,3.6500,2.6773,4.0680,9.4056,4.0032,5.8081,2.2425,1.8698,1.5693,0.8487,1.3873,0.5173,1.4396,0.8582,0.8649,1.2259,1.2760,0.6702,0.5456,1.0407,0.7153,1.2287,0.6013,0.8883,1.1166,1.4036,1.3462,1.0154,1.2167,0.8924,0.5085,1.1757,1.0008,1.4520,0.7475,0.6233,0.5231,True,1.6260,0.889673,0.074820,179.9615,89.5919
807,both,-1.047595,0.001088,1.737898,-0.652699,2.293548,0.037790,0.498785,-2.523381,-3.061670,-1.004613,1.199395,0.564891,-0.157446,-0.577438,44.4423,23.1799,9.5689,12.8919,8.0387,9.2174,11.2371,28.6704,36.4892,9.9538,21.0360,8.2153,14.8266,7.8541,8.8252,9.5863,2.6267,2.1838,3.8724,2.1515,2.4470,9.8052,7.0134,5.3464,3.8496,4.1116,3.7618,3.2581,1.4814,0.7727,0.6379,0.8595,0.8039,0.9217,1.1237,0.9557,1.2163,0.6636,1.4024,0.8215,1.4827,0.7854,1.1031,1.1983,0.6567,0.5459,1.2908,0.7172,0.8157,1.2257,0.8767,1.3366,0.9624,1.3705,1.2539,1.0860,False,,0.146699,1.002511,11.1851,15.1718
808,right_only,0.000000,0.200000,0.000000,0.400000,0.000000,0.000000,0.000000,-1.962548,-2.417700,2.611363,2.871852,-1.952710,-0.273740,-0.998691,30.0000,30.0000,15.0000,15.0000,10.0000,10.0000,10.0000,21.0401,23.7071,20.0644,8.9277,13.8212,14.7193,7.8174,8.0000,8.0000,4.0000,4.0000,3.0000,3.0000,3.0000,7.6499,8.2346,2.8228,4.9263,3.2400,1.8365,4.1879,1.0000,1.0000,1.0000,1.0000,1.0000,1.0000,1.0000,0.7013,0.7902,1.3376,0.5952,1.3821,1.4719,0.7817,1.0000,1.0000,1.0000,1.0000,1.0000,1.0000,1.0000,0.9562,1.0293,0.7057,1.2316,1.0800,0.6122,1.3960,True,1.3640,0.816164,0.153248,145.8171,78.5054
809,right_only,0.000000,0.200000,0.000000,0.400000,0.000000,0.000000,0.000000,-1.716672,-2.809385,2.557115,-0.524986,-2.406147,-0.242763,-0.459067,30.0000,30.0000,15.0000,15.0000,10.0000,10.0000,10.0000,28.0141,35.5551,12.9857,15.8900,5.0581,8.8490,14.4497,8.0000,8.0000,4.0000,4.0000,3.0000,3.0000,3.0000,10.1988,9.9264,3.2181,3.9527,4.0336,4.1405,3.6316,1.0000,1.0000,1.0000,1.0000,1.0000,1.0000,1.0000,0.9338,1.1852,0.8657,1.0593,0.5058,0.8849,1.4450,1.0000,1.0000,1.0000,1.0000,1.0000,1.0000,1.0000,1.2748,1.2408,0.8045,0.9882,1.3445,1.3802,1.2105,True,1.5520,0.829318,0.167325,133.1379,75.5709
810,right_only,0.000000,0.200000,0.000000,0.400000,0.000000,0.000000,0.000000,-0.989690,-3.123436,-2.333267,-0.948790,-0.681009,-0.440870,-0.165045,30.0000,30.0000,15.0000,15.0000,10.0000,10.0000,10.0000,32.9262,32.8764,15.8295,10.8926,10.1919,14.7984,9.4462,8.0000,8.0000,4.0000,4.0000,3.0000,3.0000,3.0000,10.9959,7.0512,4.4922,3.9274,3.5659,4.1921,2.8227,1.0000,1.0000,1.0000,1.0000,1.0000,1.0000,1.0000,1.0975,1.0959,1.0553,0.7262,1.0192,1.4798,0.9446,1.0000,1.0000,1.0000,1.0000,1.0000,1.0000,1.0000,1.3745,0.8814,1.1230,0.9818,1.1886,1.3974,0.9409,True,1.4400,0.866943,0.258861,172.6311,85.4018
811,left_only,0.427351,2.956000,1.816718,-0.848584,-3.008908,0.354238,0.582456,0.000000,-0.200000,0.000000,0.400000,0.000000,0.000000,0.000000,43.7440,23.7745,19.3195,19.5228,13.5733,11.9203,6.3831,30.0000,30.0000,15.0000,15.0000,10.0000,10.0000,10.0000,9.4475,8.8359,3.3347,2.8345,4.1553,1.9258,2.7666,8.0000,8.0000,4.0000,4.0000,3.0000,3.0000,3.0000,1.4581,0.7925,1.2880,1.3015,1.3573,1.1920,0.6383,1.0000,1.0000,1.0000,1.0000,1.0000,1.0000,1.0000,1.1809,1.1045,0.8337,0.7086,1.3851,0.6419,0.9222,1.0000,1.0000,1.0000,1.0000,1.0000,1.0000,1.0000,True,1.5020,0.827925,0.108759,179.9299,85.3282
812,right_only,0.000000,0.200000,0.000000,0.400000,0.000000,0.000000,0.000000,-0.206619,0.273391,0.794436,0.309147,-2.400587,-0.168625,-0.526322,30.0000,30.0000,15.0000,15.0000,10.0000,10.0000,10.0000,39.5724,26.2975,8.9767,20.5497,5.1805,5.0301,9.7475,8.0000,8.0000,4.0000,4.0000,3.0000,3.0000,3.0000,4.5538,5.4168,5.9411,5.3775,3.7921,3.5124,1.6434,1.0000,1.0000,1.0000,1.0000,1.0000,1.0000,1.0000,1.3191,0.8766,0.5984,1.3700,0.5181,0.5030,0.9748,1.0000,1.0000,1.0000,1.0000,1.0000,1.0000,1.0000,0.5692,0.6771,1.4853,1.3444,1.2640,1.1708,0.5478,False,,0.083217,0.998458,9.8732,17.9812
813,right_only,0.000000,0.200000,0.000000,0.400000,0.000000,0.000000,0.000000,0.797130,-1.618908,-2.452526,0.292102,0.141336,-0.449832,-0.628855,30.0000,30.0000,15.0000,15.0000,10.0000,10.0000,10.0000,25.0777,28.9137,7.5297,15.9816,6.9763,10.9725,7.3915,8.0000,8.0000,4.0000,4.0000,3.0000,3.0000,3.0000,7.2217,8.9890,4.6263,2.1224,3.1052,3.9499,2.1193,1.0000,1.0000,1.0000,1.0000,1.0000,1.0000,1.0000,0.8359,0.9638,0.5020,1.0654,0.6976,1.0973,0.7392,1.0000,1.0000,1.0000,1.0000,1.0000,1.0000,1.0000,0.9027,1.1236,1.1566,0.5306,1.0351,1.3166,0.7064,True,2.0320,0.875294,0.114487,179.9978,84.6869
814,both,-0.634334,1.311983,2.159131,0.862092,2.426521,0.140996,0.155913,-1.765059,-1.145133,-2.265833,0.769088,-1.111695,0.157506,0.670550,42.8589,21.6630,20.7713,20.1893,13.6243,12.4048,7.6772,27.4988,41.6282,7.6953,8.7007,8.2541,6.6773,9.0675,11.0230,8.7964,4.9624,2.8210,1.9722,2.3306,3.0341,9.7407,11.9473,2.8083,3.0639,3.8062,2.3161,3.6112,1.4286,0.7221,1.3848,1.3460,1.3624,1.2405,0.7677,0.9166,1.3876,0.5130,0.5800,0.8254,0.6677,0.9068,1.3779,1.0995,1.2406,0.7053,0.6574,0.7769,1.0114,1.2176,1.4934,0.7021,0.7660,1.2687,0.7720,1.2038,False,,0.056024,0.993179,10.9870,21.1960
815,right_only,0.000000,0.200000,0.000000,0.400000,0.000000,0.000000,0.000000,-0.391767,-0.168500,-2.820981,3.096355,2.804084,-0.441791,-0.001246,30.0000,30.0000,15.0000,15.0000,10.0000,10.0000,10.0000,27.0428,22.6249,22.1674,10.1190,7.6355,5.0822,10.8022,8.0000,8.0000,4.0000,4.0000,3.0000,3.0000,3.0000,10.8864,8.9753,4.6064,2.2653,3.6444,2.7270,2.9211,1.0000,1.0000,1.0000,1.0000,1.0000,1.0000,1.0000,0.9014,0.7542,1.4778,0.6746,0.7636,0.5082,1.0802,1.0000,1.0000,1.0000,1.0000,1.0000,1.0000,1.0000,1.3608,1.1219,1.1516,0.5663,1.2148,0.9090,0.9737,True,2.4580,1.087369,0.084679,110.4219,78.0426
816,right_only,0.000000,0.200000,0.000000,0.400000,0.000000,0.000000,0.000000,-0.384577,0.286877,1.232199,1.874619,-0.262296,-0.430633,0.098259,30.0000,30.0000,15.0000,15.0000,10.0000,10.0000,10.0000,34.8264,36.1257,16.6182,12.0055,7.2103,5.9009,12.0283,8.0000,8.0000,4.0000,4.0000,3.0000,3.0000,3.0000,11.7663,8.2002,4.6927,4.7704,1.9843,2.0754,2.1245,1.0000,1.0000,1.0000,1.0000,1.0000,1.0000,1.0000,1.1609,1.2042,1.1079,0.8004,0.7210,0.5901,1.2028,1.0000,1.0000,1.0000,1.0000,1.0000,1.0000,1.0000,1.4708,1.0250,1.1732,1.1926,0.6614,0.6918,0.7082,False,,0.064938,0.997925,11.1850,13.2450
817,right_only,0.000000,0.200000,0.000000,0.400000,0.000000,0.000000,0.000000,1.253684,-3.341107,0.058427,0.607744,1.047858,-0.258545,1.171374,30.0000,30.0000,15.0000,15.0000,10.0000,10.0000,10.0000,24.9365,42.7778,16.3380,13.7169,12.3389,10.5306,6.3858,8.0000,8.0000,4.0000,4.0000,3.0000,3.0000,3.0000,9.6359,8.6360,4.2626,4.9526,3.4604,2.5987,2.4555,1.0000,1.0000,1.0000,1.0000,1.0000,1.0000,1.0000,0.8312,1.4259,1.0892,0.9145,1.2339,1.0531,0.6386,1.0000,1.0000,1.0000,1.0000,1.0000,1.0000,1.0000,1.2045,1.0795,1.0656,1.2381,1.1535,0.8662,0.8185,True,1.2640,0.832870,0.073834,179.9920,88.4197
818,right_only,0.000000,0.200000,0.000000,0.400000,0.000000,0.000000,0.000000,-1.958643,-1.225950,-1.309636,-0.452672,1.758337,-0.269053,-0.851212,30.0000,30.0000,15.0000,15.0000,10.0000,10.0000,10.0000,40.4700,36.0638,18.9924,12.7554,11.1744,14.3219,7.8270,8.0000,8.0000,4.0000,4.0000,3.0000,3.0000,3.0000,4.5517,5.3670,5.5899,3.1261,2.9738,3.1037,4.3800,1.0000,1.0000,1.0000,1.0000,1.0000,1.0000,1.0000,1.3490,1.2021,1.2662,0.8504,1.1174,1.4322,0.7827,1.0000,1.0000,1.0000,1.0000,1.0000,1.0000,1.0000,0.5690,0.6709,1.3975,0.7815,0.9913,1.0346,1.4600,True,1.9600,1.207847,0.082095,83.9584,76.9822
819,left_only,-1.720034,1.590859,2.772565,-0.118446,0.433819,-0.403664,-0.602043,0.000000,-0.200000,0.000000,0.400000,0.000000,0.000000,0.000000,17.0764,24.9046,10.5965,19.4762,9.6340,9.0500,11.9232,30.0000,30.0000,15.0000,15.0000,10.0000,10.0000,10.0000,11.5776,6.4123,2.2670,2.4391,4.0716,4.0376,2.9261,8.0000,8.0000,4.0000,4.0000,3.0000,3.0000,3.0000,0.5692,0.8302,0.7064,1.2984,0.9634,0.9050,1.1923,1.0000,1.0000,1.0000,1.0000,1.0000,1.0000,1.0000,1.4472,0.8015,0.5668,0.6098,1.3572,1.3459,0.9754,1.0000,1.0000,1.0000,1.0000,1.0000,1.0000,1.0000,True,2.4540,0.849095,0.107732,179.6399,87.7616
820,right_only,0.000000,0.200000,0.000000,0.400000,0.000000,0.000000,0.000000,-2.444602,-1.409870,0.779952,0.422137,-2.274696,-0.164704,0.484058,30.0000,30.0000,15.0000,15.0000,10.0000,10.0000,10.0000,44.3510,20.7027,21.2183,14.3493,11.6322,13.6370,10.5746,8.0000,8.0000,4.0000,4.0000,3.0000,3.0000,3.0000,4.4917,6.1262,5.2116,4.2116,2.4872,3.2499,2.3057,1.0000,1.0000,1.0000,1.0000,1.0000,1.0000,1.0000,1.4784,0.6901,1.4146,0.9566,1.1632,1.3637,1.0575,1.0000,1.0000,1.0000,1.0000,1.0000,1.0000,1.0000,0.5615,0.7658,1.3029,1.0529,0.8291,1.0833,0.7686,False,,0.082817,0.997174,9.7794,19.2026
821,right_only,0.000000,0.200000,0.000000,0.400000,0.000000,0.000000,0.000000,-2.004842,-0.268674,-0.741617,0.181574,-0.393144,0.389086,-0.810797,30.0000,30.0000,15.0000,15.0000,10.0000,10.0000,10.0000,20.5569,25.6129,8.4066,8.6238,5.1098,6.4619,11.4039,8.0000,8.0000,4.0000,4.0000,3.0000,3.0000,3.0000,5.5714,7.0223,4.8223,2.1273,2.1272,4.4877,3.2909,1.0000,1.0000,1.0000,1.0000,1.0000,1.0000,1.0000,0.6852,0.8538,0.5604,0.5749,0.5110,0.6462,1.1404,1.0000,1.0000,1.0000,1.0000,1.0000,1.0000,1.0000,0.6964,0.8778,1.2056,0.5318,0.7091,1.4959,1.0970,False,,0.119169,0.997643,7.8989,15.5130
822,right_only,0.000000,0.200000,0.000000,0.400000,0.000000,0.000000,0.000000,-0.031496,-1.449339,2.466610,-0.354053,-2.361933,0.292454,-1.259595,30.0000,30.0000,15.0000,15.0000,10.0000,10.0000,10.0000,31.8469,15.0424,12.7237,17.2633,10.4733,10.5986,6.5735,8.0000,8.0000,4.0000,4.0000,3.0000,3.0000,3.0000,6.3579,9.6802,2.0932,4.3811,3.0512,2.5319,2.5043,1.0000,1.0000,1.0000,1.0000,1.0000,1.0000,1.0000,1.0616,0.5014,0.8482,1.1509,1.0473,1.0599,0.6573,1.0000,1.0000,1.0000,1.0000,1.0000,1.0000,1.0000,0.7947,1.2100,0.5233,1.0953,1.0171,0.8440,0.8348,True,1.4440,0.818862,0.118582,175.0211,84.3490
823,right_only,0.000000,0.200000,0.000000,0.400000,0.000000,0.000000,0.000000,0.623041,-1.956052,-2.557195,3.023223,-1.999073,0.275145,-1.234584,30.0000,30.0000,15.0000,15.0000,10.0000,10.0000,10.0000,25.9320,30.4554,7.9467,18.5113,7.6058,10.4117,12.9233,8.0000,8.0000,4.0000,4.0000,3.0000,3.0000,3.0000,8.7289,7.6449,3.3444,2.1804,4.2391,3.2758,3.3946,1.0000,1.0000,1.0000,1.0000,1.0000,1.0000,1.0000,0.8644,1.0152,0.5298,1.2341,0.7606,1.0412,1.2923,1.0000,1.0000,1.0000,1.0000,1.0000,1.0000,1.0000,1.0911,0.9556,0.8361,0.5451,1.4130,1.0919,1.1315,True,1.2380,0.851155,0.114730,171.7965,84.7895
824,left_only,-1.065186,1.028852,-2.395468,-0.252065,-0.558841,-0.238923,-1.157117,0.000000,-0.200000,0.000000,0.400000,0.000000,0.000000,0.000000,31.3804,28.9234,13.8206,19.2634,10.9953,5.0142,12.6191,30.0000,30.0000,15.0000,15.0000,10.0000,10.0000,10.0000,7.8607,8.1345,5.5583,2.4369,3.2982,2.3465,1.6101,8.0000,8.0000,4.0000,4.0000,3.0000,3.0000,3.0000,1.0460,0.9641,0.9214,1.2842,1.0995,0.5014,1.2619,1.0000,1.0000,1.0000,1.0000,1.0000,1.0000,1.0000,0.9826,1.0168,1.3896,0.6092,1.0994,0.7822,0.5367,1.0000,1.0000,1.0000,1.0000,1.0000,1.0000,1.0000,False,,0.070174,1.000273,10.4274,15.9877
825,both,-1.079933,0.692057,-2.651535,1.085863,-1.217929,-0.060936,-1.240203,-1.247607,-1.621871,-0.367660,2.010905,2.959811,-0.436727,-0.264093,40.7015,33.7709,22.2540,18.2012,12.2425,5.7608,7.7525,40.1445,39.5158,16.8059,22.3979,8.5790,6.1629,6.3256,8.6705,8.1791,5.0504,5.9746,2.1204,2.7852,4.1005,7.4855,10.4396,3.8114,4.4455,2.5741,3.6445,1.9594,1.3567,1.1257,1.4836,1.2134,1.2242,0.5761,0.7753,1.3381,1.3172,1.1204,1.4932,0.8579,0.6163,0.6326,1.0838,1.0224,1.2626,1.4937,0.7068,0.9284,1.3668,0.9357,1.3049,0.9528,1.1114,0.8580,1.2148,0.6531,True,2.6140,1.139128,0.085311,95.7162,81.1022
826,both,-0.690255,0.319790,-0.003083,0.827940,0.472278,0.008829,1.208382,1.100468,-2.288385,-2.322927,-0.682575,-1.609556,-0.257051,0.987251,42.7452,21.9141,18.8810,20.0365,8.7751,13.7159,14.8865,22.9237,29.8836,9.1557,19.6358,10.0511,9.1950,8.6314,11.7424,9.9353,3.4867,2.9080,4.4786,2.3285,2.8151,8.6383,10.2391,5.6102,5.3661,2.8365,4.0020,3.0858,1.4248,0.7305,1.2587,1.3358,0.8775,1.3716,1.4887,0.7641,0.9961,0.6104,1.3091,1.0051,0.9195,0.8631,1.4678,1.2419,0.8717,0.7270,1.4929,0.7762,0.9384,1.0798,1.2799,1.4026,1.3415,0.9455,1.3340,1.0286,True,1.4060,0.860452,0.121666,175.1868,83.9620
827,both,-0.134181,2.169838,-0.393804,1.057399,0.979313,-0.177666,0.627160,-1.472174,-1.186850,1.739321,-0.854164,-1.365641,0.056580,-1.000500,21.1681,37.4727,7.8873,16.6506,5.3416,6.1592,8.9034,20.9188,29.8593,17.1728,19.7487,10.9280,11.9243,9.8398,11.7181,8.3668,3.2489,3.6453,3.2063,3.3582,2.3037,8.5338,9.0836,2.9453,5.7363,2.5360,3.3141,3.1829,0.7056,1.2491,0.5258,1.1100,0.5342,0.6159,0.8903,0.6973,0.9953,1.1449,1.3166,1.0928,1.1924,0.9840,1.4648,1.0458,0.8122,0.9113,1.0688,1.1194,0.7679,1.0667,1.1354,0.7363,1.4341,0.8453,1.1047,1.0610,True,1.4120,0.884077,0.111872,179.4965,85.0959
828,right_only,0.000000,0.200000,0.000000,0.400000,0.000000,0.000000,0.000000,0.879257,-2.970576,2.003590,-0.384128,-1.917505,0.335086,-0.616961,30.0000,30.0000,15.0000,15.0000,10.0000,10.0000,10.0000,33.3536,28.9083,21.5140,19.2313,8.3499,13.1344,7.2579,8.0000,8.0000,4.0000,4.0000,3.0000,3.0000,3.0000,8.9246,10.0127,4.8126,4.6267,3.9899,3.1686,4.2850,1.0000,1.0000,1.0000,1.0000,1.0000,1.0000,1.0000,1.1118,0.9636,1.4343,1.2821,0.8350,1.3134,0.7258,1.0000,1.0000,1.0000,1.0000,1.0000,1.0000,1.0000,1.1156,1.2516,1.2032,1.1567,1.3300,1.0562,1.4283,True,1.2760,0.848539,0.100965,179.9985,86.4428
829,left_only,-2.457946,0.964579,1.779565,0.322270,-0.458613,0.252414,0.097967,0.000000,-0.200000,0.000000,0.400000,0.000000,0.000000,0.000000,20.6285,20.2452,12.0185,12.0452,6.3667,13.3466,7.8263,30.0000,30.0000,15.0000,15.0000,10.0000,10.0000,10.0000,10.4180,11.7876,3.3278,5.8809,2.0736,3.4424,4.4735,8.0000,8.0000,4.0000,4.0000,3.0000,3.0000,3.0000,0.6876,0.6748,0.8012,0.8030,0.6367,1.3347,0.7826,1.0000,1.0000,1.0000,1.0000,1.0000,1.0000,1.0000,1.3022,1.4735,0.8320,1.4702,0.6912,1.1475,1.4912,1.0000,1.0000,1.0000,1.0000,1.0000,1.0000,1.0000,True,2.9040,1.062753,0.088926,113.3350,77.3664
830,right_only,0.000000,0.200000,0.000000,0.400000,0.000000,0.000000,0.000000,0.667432,-2.531731,-1.550924,0.133838,2.681638,-0.235494,0.024423,30.0000,30.0000,15.0000,15.0000,10.0000,10.0000,10.0000,25.4967,25.8381,13.6233,12.6757,10.9993,9.2547,9.4101,8.0000,8.0000,4.0000,4.0000,3.0000,3.0000,3.0000,8.0480,6.8494,5.0182,4.0139,3.0276,2.1295,1.5925,1.0000,1.0000,1.0000,1.0000,1.0000,1.0000,1.0000,0.8499,0.8613,0.9082,0.8450,1.0999,0.9255,0.9410,1.0000,1.0000,1.0000,1.0000,1.0000,1.0000,1.0000,1.0060,0.8562,1.2546,1.0035,1.0092,0.7098,0.5308,True,2.4220,1.053944,0.292002,96.6063,36.2881
831,left_only,0.671686,2.853721,-1.292131,0.536933,-0.947817,0.170396,-0.794421,0.000000,-0.200000,0.000000,0.400000,0.000000,0.000000,0.000000,44.3614,16.8558,22.1065,8.5317,8.1751,7.5069,7.5963,30.0000,30.0000,15.0000,15.0000,10.0000,10.0000,10.0000,11.9574,7.6668,2.4780,5.9291,2.2280,1.7176,1.5725,8.0000,8.0000,4.0000,4.0000,3.0000,3.0000,3.0000,1.4787,0.5619,1.4738,0.5688,0.8175,0.7507,0.7596,1.0000,1.0000,1.0000,1.0000,1.0000,1.0000,1.0000,1.4947,0.9584,0.6195,1.4823,0.7427,0.5725,0.5242,1.0000,1.0000,1.0000,1.0000,1.0000,1.0000,1.0000,True,1.2640,0.883854,0.092875,179.9181,87.4459
832,both,-0.958183,3.091296,-2.563834,2.044979,-1.509970,-0.259869,0.517626,0.382483,-1.286922,-1.863212,-0.923947,1.496720,0.092143,-0.196733,21.4075,37.8580,8.5634,17.1405,11.8840,7.2326,9.8332,24.9942,38.0382,10.3486,9.6451,7.3103,13.7609,11.8093,8.1616,8.7303,5.6048,4.1857,1.7020,2.5349,3.3850,8.1604,6.4027,5.6744,5.5551,2.6982,3.7582,4.2407,0.7136,1.2619,0.5709,1.1427,1.1884,0.7233,0.9833,0.8331,1.2679,0.6899,0.6430,0.7310,1.3761,1.1809,1.0202,1.0913,1.4012,1.0464,0.5673,0.8450,1.1283,1.0200,0.8003,1.4186,1.3888,0.8994,1.2527,1.4136,True,1.5800,1.142581,0.082019,102.2021,88.4327
833,right_only,0.000000,0.200000,0.000000,0.400000,0.000000,0.000000,0.000000,-1.664106,-2.157445,0.084722,0.736554,1.636122,0.034160,-0.731887,30.0000,30.0000,15.0000,15.0000,10.0000,10.0000,10.0000,25.6916,35.1372,8.3015,12.6325,5.1610,13.2087,6.1719,8.0000,8.0000,4.0000,4.0000,3.0000,3.0000,3.0000,4.6176,10.2927,2.3580,4.7371,2.6396,3.9651,2.0486,1.0000,1.0000,1.0000,1.0000,1.0000,1.0000,1.0000,0.8564,1.1712,0.5534,0.8422,0.5161,1.3209,0.6172,1.0000,1.0000,1.0000,1.0000,1.0000,1.0000,1.0000,0.5772,1.2866,0.5895,1.1843,0.8799,1.3217,0.6829,True,2.4440,1.098597,0.085749,100.2090,80.4435
834,right_only,0.000000,0.200000,0.000000,0.400000,0.000000,0.000000,0.000000,-2.742396,-2.536620,2.275206,2.474270,-1.103865,-0.271844,-0.871622,30.0000,30.0000,15.0000,15.0000,10.0000,10.0000,10.0000,21.6361,21.1513,20.8228,7.7998,13.8012,5.4142,13.2683,8.0000,8.0000,4.0000,4.0000,3.0000,3.0000,3.0000,7.4060,4.6176,5.1960,3.0258,4.1341,3.7568,4.4453,1.0000,1.0000,1.0000,1.0000,1.0000,1.0000,1.0000,0.7212,0.7050,1.3882,0.5200,1.3801,0.5414,1.3268,1.0000,1.0000,1.0000,1.0000,1.0000,1.0000,1.0000,0.9257,0.5772,1.2990,0.7564,1.3780,1.2523,1.4818,True,1.5380,0.816151,0.113313,179.9557,85.0169
835,left_only,0.778121,0.530834,-0.339750,1.927083,-1.189466,0.043016,-0.666376,0.000000,-0.200000,0.000000,0.400000,0.000000,0.000000,0.000000,34.8885,25.2640,8.3277,22.0166,13.4390,8.0372,6.2962,30.0000,30.0000,15.0000,15.0000,10.0000,10.0000,10.0000,9.8818,5.7654,4.4218,5.1163,2.3173,2.3539,1.6848,8.0000,8.0000,4.0000,4.0000,3.0000,3.0000,3.0000,1.1630,0.8421,0.5552,1.4678,1.3439,0.8037,0.6296,1.0000,1.0000,1.0000,1.0000,1.0000,1.0000,1.0000,1.2352,0.7207,1.1055,1.2791,0.7724,0.7846,0.5616,1.0000,1.0000,1.0000,1.0000,1.0000,1.0000,1.0000,True,1.7060,0.871004,0.072708,179.7964,89.9970
836,both,-1.633515,1.878365,-1.776632,2.986232,1.151115,-0.273892,0.077766,-1.296314,-1.954705,0.165133,-0.503338,-1.509794,-0.324046,-0.828093,34.6565,44.8849,17.2666,22.2709,10.7701,7.8331,13.7230,22.0443,25.3006,20.9849,13.6688,11.7054,13.8728,13.7087,4.5375,4.8194,5.7905,4.6007,4.2869,1.8987,3.8048,4.0713,5.2657,5.6745,4.2497,2.9406,1.6958,1.5752,1.1552,1.4962,1.1511,1.4847,1.0770,0.7833,1.3723,0.7348,0.8434,1.3990,0.9113,1.1705,1.3873,1.3709,0.5672,0.6024,1.4476,1.1502,1.4290,0.6329,1.2683,0.5089,0.6582,1.4186,1.0624,0.9802,0.5653,0.5251,True,1.4160,0.923542,0.072695,179.9591,88.6447
837,left_only,1.350583,1.411157,1.798986,-0.041394,-1.644466,0.055736,0.955106,0.000000,-0.200000,0.000000,0.400000,0.000000,0.000000,0.000000,23.6574,24.8640,15.7594,8.1001,8.7876,10.5628,5.0483,30.0000,30.0000,15.0000,15.0000,10.0000,10.0000,10.0000,9.1040,4.4077,4.8798,5.2067,4.0164,3.5202,3.1847,8.0000,8.0000,4.0000,4.0000,3.0000,3.0000,3.0000,0.7886,0.8288,1.0506,0.5400,0.8788,1.0563,0.5048,1.0000,1.0000,1.0000,1.0000,1.0000,1.0000,1.0000,1.1380,0.5510,1.2200,1.3017,1.3388,1.1734,1.0616,1.0000,1.0000,1.0000,1.0000,1.0000,1.0000,1.0000,True,1.7820,0.877771,0.081729,179.9089,86.5808
838,left_only,-1.691385,1.225040,-2.166392,1.970330,-2.867818,-0.080071,0.015775,0.000000,-0.200000,0.000000,0.400000,0.000000,0.000000,0.000000,34.5027,25.2960,14.1418,16.3106,14.2317,11.7197,7.5443,30.0000,30.0000,15.0000,15.0000,10.0000,10.0000,10.0000,10.7781,4.4405,3.0892,2.4326,2.8411,3.4108,3.0930,8.0000,8.0000,4.0000,4.0000,3.0000,3.0000,3.0000,1.1501,0.8432,0.9428,1.0874,1.4232,1.1720,0.7544,1.0000,1.0000,1.0000,1.0000,1.0000,1.0000,1.0000,1.3473,0.5551,0.7723,0.6082,0.9470,1.1369,1.0310,1.0000,1.0000,1.0000,1.0000,1.0000,1.0000,1.0000,True,1.8020,0.825371,0.109122,179.9790,85.4636
839,right_only,0.000000,0.200000,0.000000,0.400000,0.000000,0.000000,0.000000,0.681045,-1.254895,-1.690778,1.265422,1.486420,0.002732,-0.147397,30.0000,30.0000,15.0000,15.0000,10.0000,10.0000,10.0000,30.8729,31.4417,12.1584,20.3134,7.0768,5.3283,12.4149,8.0000,8.0000,4.0000,4.0000,3.0000,3.0000,3.0000,10.7385,9.1419,3.8758,5.9008,2.6123,2.7177,3.2733,1.0000,1.0000,1.0000,1.0000,1.0000,1.0000,1.0000,1.0291,1.0481,0.8106,1.3542,0.7077,0.5328,1.2415,1.0000,1.0000,1.0000,1.0000,1.0000,1.0000,1.0000,1.3423,1.1427,0.9689,1.4752,0.8708,0.9059,1.0911,True,2.8080,1.099627,0.086781,100.2811,80.4866
840,both,-1.112689,1.719028,2.820416,0.030870,-2.154278,-0.070715,0.010156,0.219156,0.210555,0.894761,3.127033,-1.331089,-0.269277,-0.491402,38.6137,20.5954,10.4429,13.6760,8.1754,11.4648,13.9017,34.2920,39.5672,10.3084,18.6507,11.6702,5.7971,8.4470,5.1093,8.3740,2.3536,2.8860,2.4273,3.2373,3.1646,4.2216,4.7215,3.1351,2.9725,4.2005,4.1814,3.2336,1.2871,0.6865,0.6962,0.9117,0.8175,1.1465,1.3902,1.1431,1.3189,0.6872,1.2434,1.1670,0.5797,0.8447,0.6387,1.0468,0.5884,0.7215,0.8091,1.0791,1.0549,0.5277,0.5902,0.7838,0.7431,1.4002,1.3938,1.0779,True,1.5340,0.848038,0.072208,179.8997,89.7278
841,right_only,0.000000,0.200000,0.000000,0.400000,0.000000,0.000000,0.000000,0.322017,0.378493,-0.684207,1.207617,1.000624,0.389016,0.754422,30.0000,30.0000,15.0000,15.0000,10.0000,10.0000,10.0000,16.9327,36.3885,11.2790,11.3235,10.4724,11.9630,6.5923,8.0000,8.0000,4.0000,4.0000,3.0000,3.0000,3.0000,6.5161,9.7290,2.6080,5.3988,2.8681,3.2580,1.7412,1.0000,1.0000,1.0000,1.0000,1.0000,1.0000,1.0000,0.5644,1.2130,0.7519,0.7549,1.0472,1.1963,0.6592,1.0000,1.0000,1.0000,1.0000,1.0000,1.0000,1.0000,0.8145,1.2161,0.6520,1.3497,0.9560,1.0860,0.5804,False,,0.054257,0.993653,9.9692,15.8592
842,both,1.355701,3.050472,-1.582254,1.788612,1.558355,-0.349680,0.196732,0.865638,-1.484621,2.227863,-0.752578,2.544653,0.441427,-0.873907,27.9285,33.6229,20.8986,9.8929,8.3403,12.9793,9.1000,18.5383,34.2451,20.1017,19.3032,5.0994,9.5221,6.1535,8.8395,8.4800,5.8927,2.5661,4.3453,3.1925,4.2125,5.2226,9.6503,5.8263,4.5364,1.8071,2.2320,2.6366,0.9310,1.1208,1.3932,0.6595,0.8340,1.2979,0.9100,0.6179,1.1415,1.3401,1.2869,0.5099,0.9522,0.6153,1.1049,1.0600,1.4732,0.6415,1.4484,1.0642,1.4042,0.6528,1.2063,1.4566,1.1341,0.6024,0.7440,0.8789,True,1.2300,0.853474,0.072869,154.3747,89.9781
843,right_only,0.000000,0.200000,0.000000,0.400000,0.000000,0.000000,0.000000,-2.549566,-0.194681,-1.907156,-0.414954,1.429944,-0.345180,-0.227789,30.0000,30.0000,15.0000,15.0000,10.0000,10.0000,10.0000,30.4652,17.4069,15.8368,14.7025,11.6842,7.1915,8.5663,8.0000,8.0000,4.0000,4.0000,3.0000,3.0000,3.0000,9.2772,4.2848,2.4632,3.1342,1.8191,1.6185,4.4621,1.0000,1.0000,1.0000,1.0000,1.0000,1.0000,1.0000,1.0155,0.5802,1.0558,0.9802,1.1684,0.7191,0.8566,1.0000,1.0000,1.0000,1.0000,1.0000,1.0000,1.0000,1.1597,0.5356,0.6158,0.7836,0.6064,0.5395,1.4874,True,1.8960,1.097062,0.106421,88.5246,74.2167
844,left_only,-0.993371,1.637326,-1.214689,-0.918252,1.314171,0.206972,1.200253,0.000000,-0.200000,0.000000,0.400000,0.000000,0.000000,0.000000,15.6331,19.1106,18.1821,12.4511,5.6377,8.0096,5.8772,30.0000,30.0000,15.0000,15.0000,10.0000,10.0000,10.0000,10.7008,11.0155,4.5476,3.5424,3.8064,3.3948,3.8759,8.0000,8.0000,4.0000,4.0000,3.0000,3.0000,3.0000,0.5211,0.6370,1.2121,0.8301,0.5638,0.8010,0.5877,1.0000,1.0000,1.0000,1.0000,1.0000,1.0000,1.0000,1.3376,1.3769,1.1369,0.8856,1.2688,1.1316,1.2920,1.0000,1.0000,1.0000,1.0000,1.0000,1.0000,1.0000,True,2.0700,0.833339,0.114384,178.5817,86.8794
845,left_only,-0.733626,3.242544,-1.015509,1.545284,1.644383,0.364332,1.134741,0.000000,-0.200000,0.000000,0.400000,0.000000,0.000000,0.000000,26.8503,35.9803,11.8530,17.2407,6.8423,9.2145,14.2024,30.0000,30.0000,15.0000,15.0000,10.0000,10.0000,10.0000,10.4873,7.9720,2.5874,3.5943,1.9160,1.7056,4.2195,8.0000,8.0000,4.0000,4.0000,3.0000,3.0000,3.0000,0.8950,1.1993,0.7902,1.1494,0.6842,0.9215,1.4202,1.0000,1.0000,1.0000,1.0000,1.0000,1.0000,1.0000,1.3109,0.9965,0.6468,0.8986,0.6387,0.5685,1.4065,1.0000,1.0000,1.0000,1.0000,1.0000,1.0000,1.0000,True,1.3280,0.736364,0.252619,132.5760,66.6920
846,right_only,0.000000,0.200000,0.000000,0.400000,0.000000,0.000000,0.000000,-0.825358,-3.062111,1.053511,-0.643630,-0.468087,-0.249481,-0.851839,30.0000,30.0000,15.0000,15.0000,10.0000,10.0000,10.0000,31.0065,36.5907,14.8078,19.8120,14.1739,13.0718,14.5649,8.0000,8.0000,4.0000,4.0000,3.0000,3.0000,3.0000,11.4323,10.6601,3.1705,2.6973,3.6810,4.0366,3.9694,1.0000,1.0000,1.0000,1.0000,1.0000,1.0000,1.0000,1.0335,1.2197,0.9872,1.3208,1.4174,1.3072,1.4565,1.0000,1.0000,1.0000,1.0000,1.0000,1.0000,1.0000,1.4290,1.3325,0.7926,0.6743,1.2270,1.3455,1.3231,True,1.4320,0.858164,0.083944,179.8651,89.0539
847,left_only,-0.108538,2.756902,1.349632,1.797961,-2.741719,-0.036561,-1.184031,0.000000,-0.200000,0.000000,0.400000,0.000000,0.000000,0.000000,17.7711,31.2301,8.2122,21.1983,9.5034,11.9997,6.4780,30.0000,30.0000,15.0000,15.0000,10.0000,10.0000,10.0000,10.7808,7.8245,4.2351,4.5939,3.1197,3.1896,3.7336,8.0000,8.0000,4.0000,4.0000,3.0000,3.0000,3.0000,0.5924,1.0410,0.5475,1.4132,0.9503,1.2000,0.6478,1.0000,1.0000,1.0000,1.0000,1.0000,1.0000,1.0000,1.3476,0.9781,1.0588,1.1485,1.0399,1.0632,1.2445,1.0000,1.0000,1.0000,1.0000,1.0000,1.0000,1.0000,True,1.3920,0.866297,0.098477,179.5658,86.5381
848,both,0.658480,0.777308,2.568019,0.511593,-1.441404,-0.174427,-0.359371,-1.647257,-0.210624,0.171736,3.046376,-2.266416,0.105432,-1.026098,28.7655,26.4820,17.7116,18.6817,7.3809,6.9371,9.1951,38.3152,19.4737,20.0389,14.7226,12.0916,12.0261,13.8597,5.9359,9.4130,4.0708,5.3079,4.4438,2.6343,4.2360,10.0893,10.5970,3.2836,5.8925,3.4848,3.8211,4.0766,0.9589,0.8827,1.1808,1.2454,0.7381,0.6937,0.9195,1.2772,0.6491,1.3359,0.9815,1.2092,1.2026,1.3860,0.7420,1.1766,1.0177,1.3270,1.4813,0.8781,1.4120,1.2612,1.3246,0.8209,1.4731,1.1616,1.2737,1.3589,True,1.3560,0.882474,0.074757,179.8412,89.9942
849,both,-2.556981,0.891633,2.079757,2.857786,1.345098,-0.016364,-0.632149,-0.667121,-1.898205,2.011527,1.392805,-0.491698,-0.001406,1.101261,33.3978,21.8694,15.0012,14.4849,8.1040,12.3630,7.6829,38.1851,42.2324,8.1699,8.6005,14.3383,6.4794,14.7929,7.9404,7.5284,3.8675,4.2671,3.5499,1.9290,2.3650,10.6258,4.9656,2.4101,5.9092,2.2645,3.1160,2.2087,1.1133,0.7290,1.0001,0.9657,0.8104,1.2363,0.7683,1.2728,1.4077,0.5447,0.5734,1.4338,0.6479,1.4793,0.9925,0.9410,0.9669,1.0668,1.1833,0.6430,0.7883,1.3282,0.6207,0.6025,1.4773,0.7548,1.0387,0.7362,True,1.3600,0.872679,0.072816,179.9739,88.8855
850,left_only,-0.310823,2.795308,1.064675,-0.757473,0.418291,0.148940,-0.759719,0.000000,-0.200000,0.000000,0.400000,0.000000,0.000000,0.000000,37.8635,33.8068,7.6432,21.7583,9.4558,7.3238,5.8620,30.0000,30.0000,15.0000,15.0000,10.0000,10.0000,10.0000,6.9954,6.4622,3.1918,5.1728,3.4378,1.8992,3.6242,8.0000,8.0000,4.0000,4.0000,3.0000,3.0000,3.0000,1.2621,1.1269,0.5095,1.4506,0.9456,0.7324,0.5862,1.0000,1.0000,1.0000,1.0000,1.0000,1.0000,1.0000,0.8744,0.8078,0.7980,1.2932,1.1459,0.6331,1.2081,1.0000,1.0000,1.0000,1.0000,1.0000,1.0000,1.0000,True,1.5800,0.884591,0.090026,179.9909,87.9023
851,right_only,0.000000,0.200000,0.000000,0.400000,0.000000,0.000000,0.000000,0.267600,-1.456065,2.635999,0.220769,-2.413296,-0.435854,-0.455808,30.0000,30.0000,15.0000,15.0000,10.0000,10.0000,10.0000,29.9375,17.3469,15.9870,21.0131,12.9686,11.7247,11.6173,8.0000,8.0000,4.0000,4.0000,3.0000,3.0000,3.0000,9.8424,7.9537,3.6072,3.2266,1.7989,3.1865,2.9176,1.0000,1.0000,1.0000,1.0000,1.0000,1.0000,1.0000,0.9979,0.5782,1.0658,1.4009,1.2969,1.1725,1.1617,1.0000,1.0000,1.0000,1.0000,1.0000,1.0000,1.0000,1.2303,0.9942,0.9018,0.8067,0.5996,1.0622,0.9725,True,1.3320,0.817878,0.072777,165.5087,89.9957
852,left_only,-2.579967,0.634060,1.803440,0.105645,-0.557858,-0.313290,-0.838590,0.000000,-0.200000,0.000000,0.400000,0.000000,0.000000,0.000000,37.6904,17.0002,11.7754,22.2127,9.7589,11.0621,11.4079,30.0000,30.0000,15.0000,15.0000,10.0000,10.0000,10.0000,5.5691,6.9547,3.6028,2.9227,2.2020,3.3236,1.8254,8.0000,8.0000,4.0000,4.0000,3.0000,3.0000,3.0000,1.2563,0.5667,0.7850,1.4808,0.9759,1.1062,1.1408,1.0000,1.0000,1.0000,1.0000,1.0000,1.0000,1.0000,0.6961,0.8693,0.9007,0.7307,0.7340,1.1079,0.6085,1.0000,1.0000,1.0000,1.0000,1.0000,1.0000,1.0000,False,,0.093368,1.002872,10.8403,12.9664
853,right_only,0.000000,0.200000,0.000000,0.400000,0.000000,0.000000,0.000000,-2.531725,-1.232918,-0.462253,1.577285,-2.594713,0.189547,0.888720,30.0000,30.0000,15.0000,15.0000,10.0000,10.0000,10.0000,30.7242,40.2252,13.4949,8.6839,8.7754,9.4637,13.6554,8.0000,8.0000,4.0000,4.0000,3.0000,3.0000,3.0000,6.6777,6.5208,5.5521,3.0039,3.4273,2.4799,4.3544,1.0000,1.0000,1.0000,1.0000,1.0000,1.0000,1.0000,1.0241,1.3408,0.8997,0.5789,0.8775,0.9464,1.3655,1.0000,1.0000,1.0000,1.0000,1.0000,1.0000,1.0000,0.8347,0.8151,1.3880,0.7510,1.1424,0.8266,1.4515,True,2.1340,0.829177,0.099776,179.9385,86.6156
854,right_only,0.000000,0.200000,0.000000,0.400000,0.000000,0.000000,0.000000,-2.246867,-0.663513,0.108864,3.092063,2.975765,0.271671,-1.007222,30.0000,30.0000,15.0000,15.0000,10.0000,10.0000,10.0000,29.0702,40.6354,17.0772,20.6845,12.9937,8.1296,6.9507,8.0000,8.0000,4.0000,4.0000,3.0000,3.0000,3.0000,6.5805,9.5676,3.9243,2.1754,3.7274,1.6341,2.7279,1.0000,1.0000,1.0000,1.0000,1.0000,1.0000,1.0000,0.9690,1.3545,1.1385,1.3790,1.2994,0.8130,0.6951,1.0000,1.0000,1.0000,1.0000,1.0000,1.0000,1.0000,0.8226,1.1959,0.9811,0.5438,1.2425,0.5447,0.9093,False,,0.103653,0.998686,10.3735,12.3876
855,left_only,-0.962641,1.521442,-1.871355,2.138374,1.882384,0.183058,1.145719,0.000000,-0.200000,0.000000,0.400000,0.000000,0.000000,0.000000,22.7250,19.8219,8.5094,18.3228,6.6211,14.3818,10.9835,30.0000,30.0000,15.0000,15.0000,10.0000,10.0000,10.0000,10.4331,7.4776,4.9394,3.7746,3.1163,3.8207,2.2145,8.0000,8.0000,4.0000,4.0000,3.0000,3.0000,3.0000,0.7575,0.6607,0.5673,1.2215,0.6621,1.4382,1.0984,1.0000,1.0000,1.0000,1.0000,1.0000,1.0000,1.0000,1.3041,0.9347,1.2348,0.9437,1.0388,1.2736,0.7382,1.0000,1.0000,1.0000,1.0000,1.0000,1.0000,1.0000,True,1.4040,0.831257,0.103364,179.9628,85.9757
856,both,1.026040,2.327610,1.572883,0.033613,-2.490866,-0.395108,0.373422,-2.433489,0.376944,2.439140,-0.829500,1.426332,-0.221286,-0.404115,22.2093,39.9164,20.9063,8.1060,7.7004,9.4870,10.2182,39.5715,29.1909,15.7157,11.6200,12.1218,6.5906,7.4316,4.7012,10.6402,5.7359,3.6115,4.0717,3.5291,3.2752,7.8394,7.0825,2.9583,2.7676,4.0827,3.2726,2.6322,0.7403,1.3305,1.3938,0.5404,0.7700,0.9487,1.0218,1.3191,0.9730,1.0477,0.7747,1.2122,0.6591,0.7432,0.5876,1.3300,1.4340,0.9029,1.3572,1.1764,1.0917,0.9799,0.8853,0.7396,0.6919,1.3609,1.0909,0.8774,False,,0.089205,0.997671,12.7581,10.5352
857,left_only,0.843626,2.739107,-2.031271,1.392890,-1.249670,0.037772,0.553717,0.000000,-0.200000,0.000000,0.400000,0.000000,0.000000,0.000000,15.2552,30.4070,11.8760,15.5102,6.0984,13.1757,10.4367,30.0000,30.0000,15.0000,15.0000,10.0000,10.0000,10.0000,5.6885,10.1575,2.1511,4.3713,3.0053,1.6189,2.2491,8.0000,8.0000,4.0000,4.0000,3.0000,3.0000,3.0000,0.5085,1.0136,0.7917,1.0340,0.6098,1.3176,1.0437,1.0000,1.0000,1.0000,1.0000,1.0000,1.0000,1.0000,0.7111,1.2697,0.5378,1.0928,1.0018,0.5396,0.7497,1.0000,1.0000,1.0000,1.0000,1.0000,1.0000,1.0000,True,1.3220,0.840893,0.090325,179.9214,87.8564
858,both,-2.776669,2.388423,1.341721,-0.581199,-2.380967,0.351761,-0.759847,-1.709756,-0.813421,-2.665699,2.963821,-2.617468,0.322957,-0.353299,19.5012,26.3247,22.0926,15.4347,5.5928,14.4154,6.4356,23.5626,32.5936,11.1464,14.9140,8.3462,11.2263,12.5881,4.4375,4.3634,5.3053,2.6121,2.0369,4.3323,3.3348,6.7881,5.1513,3.4230,5.0326,3.8612,3.8567,4.4237,0.6500,0.8775,1.4728,1.0290,0.5593,1.4415,0.6436,0.7854,1.0865,0.7431,0.9943,0.8346,1.1226,1.2588,0.5547,0.5454,1.3263,0.6530,0.6790,1.4441,1.1116,0.8485,0.6439,0.8557,1.2582,1.2871,1.2856,1.4746,True,1.6680,0.859714,0.072695,179.9484,89.1053
859,right_only,0.000000,0.200000,0.000000,0.400000,0.000000,0.000000,0.000000,0.744727,0.261206,0.543913,-0.002791,0.753211,-0.279503,-1.053271,30.0000,30.0000,15.0000,15.0000,10.0000,10.0000,10.0000,24.0397,25.8833,18.1333,12.9461,5.0315,14.1694,10.8940,8.0000,8.0000,4.0000,4.0000,3.0000,3.0000,3.0000,5.6861,6.0183,2.4966,5.6262,2.1906,4.3219,2.2929,1.0000,1.0000,1.0000,1.0000,1.0000,1.0000,1.0000,0.8013,0.8628,1.2089,0.8631,0.5031,1.4169,1.0894,1.0000,1.0000,1.0000,1.0000,1.0000,1.0000,1.0000,0.7108,0.7523,0.6241,1.4065,0.7302,1.4406,0.7643,False,,0.092797,0.996065,10.2931,13.4581
860,left_only,0.624473,-0.340491,0.080161,0.574856,-1.082786,0.455245,0.561001,0.000000,-0.200000,0.000000,0.400000,0.000000,0.000000,0.000000,22.6733,37.5733,9.4435,21.3889,9.2639,6.9066,7.7282,30.0000,30.0000,15.0000,15.0000,10.0000,10.0000,10.0000,5.2412,11.4445,3.2236,2.5714,3.9387,2.1398,1.7825,8.0000,8.0000,4.0000,4.0000,3.0000,3.0000,3.0000,0.7558,1.2524,0.6296,1.4259,0.9264,0.6907,0.7728,1.0000,1.0000,1.0000,1.0000,1.0000,1.0000,1.0000,0.6551,1.4306,0.8059,0.6429,1.3129,0.7133,0.5942,1.0000,1.0000,1.0000,1.0000,1.0000,1.0000,1.0000,False,,0.090565,0.998514,8.1574,17.6561
861,right_only,0.000000,0.200000,0.000000,0.400000,0.000000,0.000000,0.000000,0.008140,-3.372007,1.709825,1.373991,-1.328326,-0.024426,-0.603466,30.0000,30.0000,15.0000,15.0000,10.0000,10.0000,10.0000,30.9857,32.1493,19.0752,14.4913,12.8664,5.6924,14.2134,8.0000,8.0000,4.0000,4.0000,3.0000,3.0000,3.0000,5.4841,10.6926,3.9785,2.4189,2.5794,4.2550,4.0041,1.0000,1.0000,1.0000,1.0000,1.0000,1.0000,1.0000,1.0329,1.0716,1.2717,0.9661,1.2866,0.5692,1.4213,1.0000,1.0000,1.0000,1.0000,1.0000,1.0000,1.0000,0.6855,1.3366,0.9946,0.6047,0.8598,1.4183,1.3347,True,1.2900,0.849386,0.124201,179.9787,83.6167
862,both,0.262107,1.055817,0.678444,0.008664,0.721579,-0.221130,0.835677,0.178187,-1.940581,0.729263,0.392812,-1.853439,-0.244955,-0.579912,21.7985,35.3507,18.5949,14.3571,14.8779,13.9102,5.8705,41.3845,20.1353,17.9891,19.5420,7.2648,5.4336,6.7836,7.6836,11.2678,2.8811,3.5136,4.3408,3.8282,3.9970,9.9312,9.5543,5.5669,3.2678,3.3652,1.5804,4.3053,0.7266,1.1784,1.2397,0.9571,1.4878,1.3910,0.5871,1.3795,0.6712,1.1993,1.3028,0.7265,0.5434,0.6784,0.9605,1.4085,0.7203,0.8784,1.4469,1.2761,1.3323,1.2414,1.1943,1.3917,0.8170,1.1217,0.5268,1.4351,True,1.1840,0.847005,0.101818,179.9753,86.3835
863,both,-0.528340,2.448897,-1.050764,-0.611528,-2.648145,0.291061,-0.884057,0.741049,-2.397296,0.059013,0.131716,-2.461517,0.039108,-0.337514,28.0533,33.0468,12.2049,15.9571,11.5777,5.8954,8.5010,15.2645,32.1974,7.6538,9.1379,14.8825,9.5702,5.2721,4.7196,4.0555,2.2049,4.3689,1.7529,4.1055,3.7783,10.8025,11.3388,4.1935,4.8238,3.8404,3.7040,2.9836,0.9351,1.1016,0.8137,1.0638,1.1578,0.5895,0.8501,0.5088,1.0732,0.5103,0.6092,1.4882,0.9570,0.5272,0.5899,0.5069,0.5512,1.0922,0.5843,1.3685,1.2594,1.3503,1.4173,1.0484,1.2059,1.2801,1.2347,0.9945,True,1.3200,0.845698,0.098132,179.9150,85.7645
864,right_only,0.000000,0.200000,0.000000,0.400000,0.000000,0.000000,0.000000,0.781944,-1.406698,-1.538616,-0.933203,-0.684522,-0.386108,-1.109278,30.0000,30.0000,15.0000,15.0000,10.0000,10.0000,10.0000,29.0767,43.3102,9.0827,11.6062,13.3008,9.0183,12.5880,8.0000,8.0000,4.0000,4.0000,3.0000,3.0000,3.0000,8.3387,8.8315,2.6446,3.4091,3.3653,1.5803,2.0650,1.0000,1.0000,1.0000,1.0000,1.0000,1.0000,1.0000,0.9692,1.4437,0.6055,0.7738,1.3301,0.9018,1.2588,1.0000,1.0000,1.0000,1.0000,1.0000,1.0000,1.0000,1.0423,1.1039,0.6611,0.8523,1.1218,0.5268,0.6883,True,2.9560,1.174546,0.079670,90.3944,80.5508
865,both,-1.319610,2.169968,0.229368,2.018364,1.176725,-0.433774,1.020350,0.742053,-2.375362,-0.262744,0.322659,2.472259,-0.108392,-0.264025,42.3574,33.0208,9.5680,16.8903,12.9445,8.3784,10.2701,16.3173,44.1897,18.4839,13.3992,5.1767,6.6640,5.0975,9.0147,8.0833,5.9965,4.0272,3.4301,3.8808,1.9097,7.1717,8.4388,2.6423,4.5594,4.3627,4.4714,3.9995,1.4119,1.1007,0.6379,1.1260,1.2944,0.8378,1.0270,0.5439,1.4730,1.2323,0.8933,0.5177,0.6664,0.5097,1.1268,1.0104,1.4991,1.0068,1.1434,1.2936,0.6366,0.8965,1.0549,0.6606,1.1399,1.4542,1.4905,1.3332,True,1.5220,0.865857,0.087881,179.9769,88.7844
866,both,-1.049307,1.689208,0.193751,-0.307096,1.911426,0.162607,0.350356,-2.102240,-2.821058,1.940060,-0.209020,-2.325382,0.116185,0.519032,18.5887,21.2058,19.3315,21.4438,9.7649,12.9200,8.1940,15.9838,35.3712,14.6387,8.6295,11.8856,9.8287,13.6010,9.6259,8.4578,5.3728,5.1036,2.3524,1.9484,3.9230,5.6691,4.0184,2.5219,3.0784,3.4567,2.5879,1.8547,0.6196,0.7069,1.2888,1.4296,0.9765,1.2920,0.8194,0.5328,1.1790,0.9759,0.5753,1.1886,0.9829,1.3601,1.2032,1.0572,1.3432,1.2759,0.7841,0.6495,1.3077,0.7086,0.5023,0.6305,0.7696,1.1522,0.8626,0.6182,True,1.3520,0.896282,0.087921,153.9444,81.4743
867,right_only,0.000000,0.200000,0.000000,0.400000,0.000000,0.000000,0.000000,1.483211,-2.990900,-0.996468,2.670376,1.009065,-0.166687,1.194681,30.0000,30.0000,15.0000,15.0000,10.0000,10.0000,10.0000,30.0330,15.2433,7.5925,21.6151,7.8118,13.1207,5.4356,8.0000,8.0000,4.0000,4.0000,3.0000,3.0000,3.0000,5.1753,10.8542,5.9764,2.2077,2.0029,3.6687,3.0885,1.0000,1.0000,1.0000,1.0000,1.0000,1.0000,1.0000,1.0011,0.5081,0.5062,1.4410,0.7812,1.3121,0.5436,1.0000,1.0000,1.0000,1.0000,1.0000,1.0000,1.0000,0.6469,1.3568,1.4941,0.5519,0.6676,1.2229,1.0295,True,1.3200,0.861146,0.135862,174.5850,82.1723
868,left_only,-1.227900,0.355087,2.700619,-0.238531,-1.482162,-0.162524,-0.917999,0.000000,-0.200000,0.000000,0.400000,0.000000,0.000000,0.000000,31.0870,25.2398,16.6177,13.0179,6.1642,13.7260,10.0965,30.0000,30.0000,15.0000,15.0000,10.0000,10.0000,10.0000,6.5748,4.1309,4.3914,5.1300,3.4502,3.8632,1.9650,8.0000,8.0000,4.0000,4.0000,3.0000,3.0000,3.0000,1.0362,0.8413,1.1078,0.8679,0.6164,1.3726,1.0097,1.0000,1.0000,1.0000,1.0000,1.0000,1.0000,1.0000,0.8219,0.5164,1.0978,1.2825,1.1501,1.2877,0.6550,1.0000,1.0000,1.0000,1.0000,1.0000,1.0000,1.0000,True,2.7500,1.071513,0.093450,108.0636,73.4821
869,both,1.436721,0.418840,-1.147360,1.165921,-2.980074,-0.053235,-0.772858,0.387875,-0.535692,0.481217,0.791560,-0.963052,0.302902,0.018018,29.8940,18.4030,10.7757,12.9073,11.9885,13.4527,14.9286,23.3877,25.6857,16.1653,11.5562,7.0817,6.4951,13.0931,7.4195,7.6256,5.0642,3.2849,3.1216,3.5311,2.2087,11.0878,11.2378,5.2865,2.5492,1.7933,2.9975,3.0643,0.9965,0.6134,0.7184,0.8605,1.1989,1.3453,1.4929,0.7796,0.8562,1.0777,0.7704,0.7082,0.6495,1.3093,0.9274,0.9532,1.2661,0.8212,1.0405,1.1770,0.7362,1.3860,1.4047,1.3216,0.6373,0.5978,0.9992,1.0214,True,1.4320,0.955248,0.088848,179.8870,84.5439
870,right_only,0.000000,0.200000,0.000000,0.400000,0.000000,0.000000,0.000000,0.311597,-2.557511,2.268485,0.330010,0.578180,0.336898,0.059558,30.0000,30.0000,15.0000,15.0000,10.0000,10.0000,10.0000,37.6067,37.4708,19.3503,19.6657,8.9246,8.6356,13.0350,8.0000,8.0000,4.0000,4.0000,3.0000,3.0000,3.0000,8.6377,8.8617,3.6477,2.8065,2.8708,4.4089,2.3726,1.0000,1.0000,1.0000,1.0000,1.0000,1.0000,1.0000,1.2536,1.2490,1.2900,1.3110,0.8925,0.8636,1.3035,1.0000,1.0000,1.0000,1.0000,1.0000,1.0000,1.0000,1.0797,1.1077,0.9119,0.7016,0.9569,1.4696,0.7909,True,1.4760,0.834082,0.072842,163.6695,89.9979
871,right_only,0.000000,0.200000,0.000000,0.400000,0.000000,0.000000,0.000000,-1.858841,-2.905636,-0.281707,0.241631,1.207833,-0.337510,-0.641826,30.0000,30.0000,15.0000,15.0000,10.0000,10.0000,10.0000,16.8555,16.2441,19.7122,21.0882,12.6389,13.6516,5.8660,8.0000,8.0000,4.0000,4.0000,3.0000,3.0000,3.0000,11.1851,7.7283,5.0746,4.4630,2.5496,2.2944,1.8544,1.0000,1.0000,1.0000,1.0000,1.0000,1.0000,1.0000,0.5619,0.5415,1.3141,1.4059,1.2639,1.3652,0.5866,1.0000,1.0000,1.0000,1.0000,1.0000,1.0000,1.0000,1.3981,0.9660,1.2686,1.1158,0.8499,0.7648,0.6181,True,1.8800,1.307807,0.087801,92.8190,77.6729
872,right_only,0.000000,0.200000,0.000000,0.400000,0.000000,0.000000,0.000000,-1.196413,-1.532292,2.564263,-0.795990,0.649259,0.023120,-1.211844,30.0000,30.0000,15.0000,15.0000,10.0000,10.0000,10.0000,24.8923,27.6878,14.9140,11.0018,5.3410,7.9384,13.3636,8.0000,8.0000,4.0000,4.0000,3.0000,3.0000,3.0000,10.4629,5.4460,4.5852,5.6946,2.0163,1.8860,1.5664,1.0000,1.0000,1.0000,1.0000,1.0000,1.0000,1.0000,0.8297,0.9229,0.9943,0.7335,0.5341,0.7938,1.3364,1.0000,1.0000,1.0000,1.0000,1.0000,1.0000,1.0000,1.3079,0.6808,1.1463,1.4236,0.6721,0.6287,0.5221,False,,0.097965,0.999333,10.3685,14.5475
873,both,-2.327942,2.696741,1.955322,1.282067,-1.088669,0.283772,-0.774661,-2.481288,-3.062785,1.817018,2.002301,0.847617,0.210407,-0.905564,26.5437,39.4235,21.2515,15.1964,6.2206,14.7852,8.9503,30.8403,28.0622,12.0548,10.7735,13.5931,14.8383,8.5558,6.5520,4.9599,2.0505,4.4147,3.3373,2.2027,1.9860,9.5850,10.9244,2.1077,5.6323,2.9974,3.1702,3.1196,0.8848,1.3141,1.4168,1.0131,0.6221,1.4785,0.8950,1.0280,0.9354,0.8037,0.7182,1.3593,1.4838,0.8556,0.8190,0.6200,0.5126,1.1037,1.1124,0.7342,0.6620,1.1981,1.3655,0.5269,1.4081,0.9991,1.0567,1.0399,True,1.5280,0.962099,0.080917,179.9733,88.3861
874,right_only,0.000000,0.200000,0.000000,0.400000,0.000000,0.000000,0.000000,-1.995813,-0.443127,1.142359,-0.554378,0.491679,0.422749,0.942740,30.0000,30.0000,15.0000,15.0000,10.0000,10.0000,10.0000,33.7771,20.9608,12.7083,9.7554,13.2193,12.7867,14.1036,8.0000,8.0000,4.0000,4.0000,3.0000,3.0000,3.0000,4.5072,11.7177,5.8657,4.6976,4.1452,2.8153,2.4402,1.0000,1.0000,1.0000,1.0000,1.0000,1.0000,1.0000,1.1259,0.6987,0.8472,0.6504,1.3219,1.2787,1.4104,1.0000,1.0000,1.0000,1.0000,1.0000,1.0000,1.0000,0.5634,1.4647,1.4664,1.1744,1.3817,0.9384,0.8134,False,,0.085338,0.999340,10.0122,15.0197
875,left_only,-2.412925,-0.260630,-2.421875,1.906171,-1.071330,-0.412493,-0.985006,0.000000,-0.200000,0.000000,0.400000,0.000000,0.000000,0.000000,34.9585,43.1604,13.6197,19.1649,14.7358,12.0830,12.2301,30.0000,30.0000,15.0000,15.0000,10.0000,10.0000,10.0000,8.9272,11.8214,3.1992,5.1320,2.7452,1.9663,3.7181,8.0000,8.0000,4.0000,4.0000,3.0000,3.0000,3.0000,1.1653,1.4387,0.9080,1.2777,1.4736,1.2083,1.2230,1.0000,1.0000,1.0000,1.0000,1.0000,1.0000,1.0000,1.1159,1.4777,0.7998,1.2830,0.9151,0.6554,1.2394,1.0000,1.0000,1.0000,1.0000,1.0000,1.0000,1.0000,False,,0.104830,1.000882,8.9016,13.3410
876,left_only,0.766483,2.884405,2.567051,2.126485,0.029083,0.405793,-0.737703,0.000000,-0.200000,0.000000,0.400000,0.000000,0.000000,0.000000,17.3193,27.9488,16.2333,17.6998,13.1542,5.2676,13.0205,30.0000,30.0000,15.0000,15.0000,10.0000,10.0000,10.0000,8.8010,11.6236,3.3916,4.4679,3.7996,3.0492,1.9677,8.0000,8.0000,4.0000,4.0000,3.0000,3.0000,3.0000,0.5773,0.9316,1.0822,1.1800,1.3154,0.5268,1.3020,1.0000,1.0000,1.0000,1.0000,1.0000,1.0000,1.0000,1.1001,1.4529,0.8479,1.1170,1.2665,1.0164,0.6559,1.0000,1.0000,1.0000,1.0000,1.0000,1.0000,1.0000,True,1.3760,0.854635,0.092755,179.8574,87.4604
877,both,-2.905443,0.041095,0.146109,1.691584,0.276201,0.196947,-1.170954,-2.497835,-0.522890,1.419304,1.950474,1.543677,0.428682,1.128315,34.3345,24.5800,7.7116,16.9741,9.3130,6.4703,7.1526,34.5987,23.3110,16.9448,9.5481,12.0765,14.0300,10.2168,11.4922,4.5298,5.1499,5.6082,3.5650,1.6840,4.0376,11.6168,7.5048,5.4303,5.0946,1.7653,4.2380,4.2313,1.1445,0.8193,0.5141,1.1316,0.9313,0.6470,0.7153,1.1533,0.7770,1.1297,0.6365,1.2076,1.4030,1.0217,1.4365,0.5662,1.2875,1.4020,1.1883,0.5613,1.3459,1.4521,0.9381,1.3576,1.2736,0.5884,1.4127,1.4104,True,2.1800,0.878973,0.094867,179.7672,87.2385
878,left_only,-1.484831,2.619199,-1.386306,-0.824477,-1.812282,-0.014811,-1.123271,0.000000,-0.200000,0.000000,0.400000,0.000000,0.000000,0.000000,19.8002,43.5131,14.9076,19.8465,7.0662,5.8852,12.8055,30.0000,30.0000,15.0000,15.0000,10.0000,10.0000,10.0000,6.7907,7.6784,5.9685,3.2661,2.9194,3.4044,1.7672,8.0000,8.0000,4.0000,4.0000,3.0000,3.0000,3.0000,0.6600,1.4504,0.9938,1.3231,0.7066,0.5885,1.2805,1.0000,1.0000,1.0000,1.0000,1.0000,1.0000,1.0000,0.8488,0.9598,1.4921,0.8165,0.9731,1.1348,0.5891,1.0000,1.0000,1.0000,1.0000,1.0000,1.0000,1.0000,True,1.6060,0.930967,0.086064,179.7081,83.7429
879,left_only,0.234395,1.327543,-1.667668,0.828138,-0.356553,0.130182,1.110320,0.000000,-0.200000,0.000000,0.400000,0.000000,0.000000,0.000000,37.9520,26.4735,22.0447,19.3625,5.2795,6.1659,7.1801,30.0000,30.0000,15.0000,15.0000,10.0000,10.0000,10.0000,4.6680,7.8834,3.3629,5.8917,2.9182,2.1365,4.4122,8.0000,8.0000,4.0000,4.0000,3.0000,3.0000,3.0000,1.2651,0.8825,1.4696,1.2908,0.5280,0.6166,0.7180,1.0000,1.0000,1.0000,1.0000,1.0000,1.0000,1.0000,0.5835,0.9854,0.8407,1.4729,0.9727,0.7122,1.4707,1.0000,1.0000,1.0000,1.0000,1.0000,1.0000,1.0000,True,1.6180,0.779383,0.112824,179.9954,85.0810
880,right_only,0.000000,0.200000,0.000000,0.400000,0.000000,0.000000,0.000000,-0.719617,-3.123834,-2.551441,1.838959,0.100024,0.114914,0.888136,30.0000,30.0000,15.0000,15.0000,10.0000,10.0000,10.0000,35.4415,40.8537,18.6403,17.6160,6.3470,9.8283,9.3309,8.0000,8.0000,4.0000,4.0000,3.0000,3.0000,3.0000,8.3256,7.1291,4.4817,3.5698,3.1729,2.6846,4.2053,1.0000,1.0000,1.0000,1.0000,1.0000,1.0000,1.0000,1.1814,1.3618,1.2427,1.1744,0.6347,0.9828,0.9331,1.0000,1.0000,1.0000,1.0000,1.0000,1.0000,1.0000,1.0407,0.8911,1.1204,0.8925,1.0576,0.8949,1.4018,True,1.3880,0.851135,0.079634,171.5214,86.7375
881,right_only,0.000000,0.200000,0.000000,0.400000,0.000000,0.000000,0.000000,-1.381212,-0.637075,0.469878,0.642212,1.901955,0.395500,0.661630,30.0000,30.0000,15.0000,15.0000,10.0000,10.0000,10.0000,43.4576,28.0892,21.2061,20.6433,12.6239,13.3520,12.3013,8.0000,8.0000,4.0000,4.0000,3.0000,3.0000,3.0000,8.0985,8.4194,3.6707,4.6572,2.4744,3.7190,3.0153,1.0000,1.0000,1.0000,1.0000,1.0000,1.0000,1.0000,1.4486,0.9363,1.4137,1.3762,1.2624,1.3352,1.2301,1.0000,1.0000,1.0000,1.0000,1.0000,1.0000,1.0000,1.0123,1.0524,0.9177,1.1643,0.8248,1.2397,1.0051,False,,0.093422,1.000616,9.9411,13.9464
882,both,-1.476485,0.176522,-1.211168,1.694028,-0.879668,-0.431819,-0.432465,-1.414455,-2.514343,-1.386594,1.961350,1.548495,0.424482,-0.970056,24.3518,17.3113,16.6996,7.7458,7.0536,10.8698,8.5874,16.2574,28.5671,10.7712,7.6082,11.7937,13.1616,6.4788,8.3550,9.1219,5.3558,3.5715,2.3367,3.1164,1.7090,8.5112,11.8719,3.0750,4.9233,1.9863,4.2963,1.5013,0.8117,0.5770,1.1133,0.5164,0.7054,1.0870,0.8587,0.5419,0.9522,0.7181,0.5072,1.1794,1.3162,0.6479,1.0444,1.1402,1.3389,0.8929,0.7789,1.0388,0.5697,1.0639,1.4840,0.7688,1.2308,0.6621,1.4321,0.5004,True,2.2100,1.219276,0.099696,84.1994,69.1409
883,both,-1.751821,3.310915,1.142814,-0.075078,1.548266,0.368229,-0.032331,-2.405129,-2.422518,2.337457,-0.284645,-0.953417,-0.327878,-1.001761,30.6608,26.9013,8.1925,9.6779,5.3766,5.2459,6.7847,23.2688,15.0042,8.0733,8.9628,14.7524,10.7005,12.9937,9.9492,4.1182,3.2179,4.2592,3.7311,3.5337,4.4653,11.8806,10.7541,3.6305,5.5035,2.8013,1.8419,3.1444,1.0220,0.8967,0.5462,0.6452,0.5377,0.5246,0.6785,0.7756,0.5001,0.5382,0.5975,1.4752,1.0700,1.2994,1.2436,0.5148,0.8045,1.0648,1.2437,1.1779,1.4884,1.4851,1.3443,0.9076,1.3759,0.9338,0.6140,1.0481,True,1.4120,1.070997,0.105573,179.7891,80.9816
884,both,1.173170,2.585555,-0.381073,2.580598,-0.336309,0.170732,-0.423837,-2.222897,-2.215082,1.952178,3.137754,-1.229839,-0.309539,-1.089450,37.6146,30.8400,15.8415,8.1781,5.8106,14.1462,10.7673,26.5339,31.1209,12.3010,14.6818,13.6501,7.4410,12.9126,5.7537,5.6597,2.9636,2.2550,1.6493,3.6600,2.2913,6.1116,5.4956,2.2906,4.7368,2.7349,3.8113,1.8980,1.2538,1.0280,1.0561,0.5452,0.5811,1.4146,1.0767,0.8845,1.0374,0.8201,0.9788,1.3650,0.7441,1.2913,0.7192,0.7075,0.7409,0.5638,0.5498,1.2200,0.7638,0.7639,0.6869,0.5727,1.1842,0.9116,1.2704,0.6327,True,1.2760,0.859177,0.110938,169.1879,85.6393
885,right_only,0.000000,0.200000,0.000000,0.400000,0.000000,0.000000,0.000000,-0.298219,-3.350909,-1.684184,1.567843,-2.427217,-0.113563,0.156624,30.0000,30.0000,15.0000,15.0000,10.0000,10.0000,10.0000,36.8276,36.1697,9.7227,8.6276,8.7636,7.4081,8.0569,8.0000,8.0000,4.0000,4.0000,3.0000,3.0000,3.0000,6.7399,7.1774,4.0744,2.0372,2.3940,2.2931,2.2087,1.0000,1.0000,1.0000,1.0000,1.0000,1.0000,1.0000,1.2276,1.2057,0.6482,0.5752,0.8764,0.7408,0.8057,1.0000,1.0000,1.0000,1.0000,1.0000,1.0000,1.0000,0.8425,0.8972,1.0186,0.5093,0.7980,0.7644,0.7362,True,1.2960,0.868442,0.107141,171.4219,85.7377
886,both,0.574396,0.569906,-1.804031,2.568042,-0.804257,-0.292269,0.638068,-0.044709,0.173233,1.967101,1.917523,-1.822691,-0.015557,-0.968277,31.4819,42.5035,7.5573,20.6402,10.3932,6.5125,13.5587,35.8338,40.2236,20.1716,7.9806,12.7095,12.7209,8.4998,8.2952,7.5853,3.9989,2.5895,1.8382,3.4847,4.1412,7.2788,9.9639,5.9462,5.9513,2.9215,3.8687,2.8982,1.0494,1.4168,0.5038,1.3760,1.0393,0.6512,1.3559,1.1945,1.3408,1.3448,0.5320,1.2710,1.2721,0.8500,1.0369,0.9482,0.9997,0.6474,0.6127,1.1616,1.3804,0.9098,1.2455,1.4866,1.4878,0.9738,1.2896,0.9661,True,1.3240,0.880216,0.072668,166.6367,89.9762
887,right_only,0.000000,0.200000,0.000000,0.400000,0.000000,0.000000,0.000000,0.938668,-0.944029,2.300751,3.168602,-0.848119,0.443375,0.488983,30.0000,30.0000,15.0000,15.0000,10.0000,10.0000,10.0000,22.1426,15.0934,17.7576,10.8357,7.3138,10.5217,5.3093,8.0000,8.0000,4.0000,4.0000,3.0000,3.0000,3.0000,7.3310,10.3950,2.1090,4.4958,1.9751,4.0885,2.6721,1.0000,1.0000,1.0000,1.0000,1.0000,1.0000,1.0000,0.7381,0.5031,1.1838,0.7224,0.7314,1.0522,0.5309,1.0000,1.0000,1.0000,1.0000,1.0000,1.0000,1.0000,0.9164,1.2994,0.5273,1.1239,0.6584,1.3628,0.8907,True,1.2220,0.811294,0.072707,157.7838,89.9888
888,left_only,0.685096,2.356041,2.317325,1.184631,-0.209989,-0.427877,0.085888,0.000000,-0.200000,0.000000,0.400000,0.000000,0.000000,0.000000,30.6593,33.1918,9.4653,15.5995,9.5403,10.9598,11.6055,30.0000,30.0000,15.0000,15.0000,10.0000,10.0000,10.0000,6.8914,8.0324,3.5804,5.0620,3.8893,2.3788,2.2786,8.0000,8.0000,4.0000,4.0000,3.0000,3.0000,3.0000,1.0220,1.1064,0.6310,1.0400,0.9540,1.0960,1.1606,1.0000,1.0000,1.0000,1.0000,1.0000,1.0000,1.0000,0.8614,1.0041,0.8951,1.2655,1.2964,0.7929,0.7595,1.0000,1.0000,1.0000,1.0000,1.0000,1.0000,1.0000,True,1.4160,0.849867,0.095232,179.9808,87.2350
889,right_only,0.000000,0.200000,0.000000,0.400000,0.000000,0.000000,0.000000,0.054902,-0.474219,-2.948393,0.815311,-0.977470,0.246531,-0.905407,30.0000,30.0000,15.0000,15.0000,10.0000,10.0000,10.0000,38.3474,34.8422,20.1439,22.3536,9.7656,11.9941,12.0996,8.0000,8.0000,4.0000,4.0000,3.0000,3.0000,3.0000,10.7566,8.1450,2.4306,5.9175,1.6705,4.3871,2.2661,1.0000,1.0000,1.0000,1.0000,1.0000,1.0000,1.0000,1.2782,1.1614,1.3429,1.4902,0.9766,1.1994,1.2100,1.0000,1.0000,1.0000,1.0000,1.0000,1.0000,1.0000,1.3446,1.0181,0.6076,1.4794,0.5568,1.4624,0.7554,False,,0.100135,0.996369,7.3987,18.5847
890,left_only,-0.820401,3.213500,1.176665,1.468368,-1.132857,-0.192024,-1.186745,0.000000,-0.200000,0.000000,0.400000,0.000000,0.000000,0.000000,32.5900,27.9030,10.8645,13.2632,14.4094,13.4840,9.3041,30.0000,30.0000,15.0000,15.0000,10.0000,10.0000,10.0000,11.8396,7.6969,3.3966,3.5517,4.1239,2.3033,2.1663,8.0000,8.0000,4.0000,4.0000,3.0000,3.0000,3.0000,1.0863,0.9301,0.7243,0.8842,1.4409,1.3484,0.9304,1.0000,1.0000,1.0000,1.0000,1.0000,1.0000,1.0000,1.4800,0.9621,0.8491,0.8879,1.3746,0.7678,0.7221,1.0000,1.0000,1.0000,1.0000,1.0000,1.0000,1.0000,True,1.3920,0.814664,0.100607,179.6371,85.9427
891,right_only,0.000000,0.200000,0.000000,0.400000,0.000000,0.000000,0.000000,1.384178,-0.624464,1.320637,2.107399,1.183546,-0.378096,0.644344,30.0000,30.0000,15.0000,15.0000,10.0000,10.0000,10.0000,22.4677,18.9722,22.2450,7.9180,5.3164,8.0991,13.4420,8.0000,8.0000,4.0000,4.0000,3.0000,3.0000,3.0000,11.8236,4.9482,3.5818,4.9372,3.4366,2.2001,2.4876,1.0000,1.0000,1.0000,1.0000,1.0000,1.0000,1.0000,0.7489,0.6324,1.4830,0.5279,0.5316,0.8099,1.3442,1.0000,1.0000,1.0000,1.0000,1.0000,1.0000,1.0000,1.4779,0.6185,0.8954,1.2343,1.1455,0.7334,0.8292,True,1.6180,0.919608,0.079256,153.1694,86.5021
892,right_only,0.000000,0.200000,0.000000,0.400000,0.000000,0.000000,0.000000,-0.340495,-3.266163,1.289158,0.187422,2.021274,0.169894,0.369353,30.0000,30.0000,15.0000,15.0000,10.0000,10.0000,10.0000,38.0208,17.2540,11.3996,15.3261,12.7716,13.4906,8.8210,8.0000,8.0000,4.0000,4.0000,3.0000,3.0000,3.0000,10.3492,5.7622,2.3297,2.9863,4.2094,3.1321,2.9440,1.0000,1.0000,1.0000,1.0000,1.0000,1.0000,1.0000,1.2674,0.5751,0.7600,1.0217,1.2772,1.3491,0.8821,1.0000,1.0000,1.0000,1.0000,1.0000,1.0000,1.0000,1.2936,0.7203,0.5824,0.7466,1.4031,1.0440,0.9813,True,1.4720,0.872419,0.073851,179.7922,88.2464
893,left_only,0.361106,-0.341849,-1.989221,-0.538641,-2.309197,-0.043058,-0.557065,0.000000,-0.200000,0.000000,0.400000,0.000000,0.000000,0.000000,38.5718,40.1712,21.3741,10.4409,10.0285,5.4870,7.3991,30.0000,30.0000,15.0000,15.0000,10.0000,10.0000,10.0000,8.9206,7.3791,4.7628,5.3569,1.6786,4.3158,1.6272,8.0000,8.0000,4.0000,4.0000,3.0000,3.0000,3.0000,1.2857,1.3390,1.4249,0.6961,1.0029,0.5487,0.7399,1.0000,1.0000,1.0000,1.0000,1.0000,1.0000,1.0000,1.1151,0.9224,1.1907,1.3392,0.5595,1.4386,0.5424,1.0000,1.0000,1.0000,1.0000,1.0000,1.0000,1.0000,True,3.4980,1.152726,0.164352,99.9319,57.4061
894,left_only,1.483660,2.030248,-2.414489,0.675687,-1.522719,0.276179,-0.697344,0.000000,-0.200000,0.000000,0.400000,0.000000,0.000000,0.000000,39.7864,24.3702,22.3372,11.5561,11.8496,13.0019,7.1646,30.0000,30.0000,15.0000,15.0000,10.0000,10.0000,10.0000,4.6060,8.4100,4.7083,5.2691,2.3183,4.1169,4.2473,8.0000,8.0000,4.0000,4.0000,3.0000,3.0000,3.0000,1.3262,0.8123,1.4891,0.7704,1.1850,1.3002,0.7165,1.0000,1.0000,1.0000,1.0000,1.0000,1.0000,1.0000,0.5758,1.0512,1.1771,1.3173,0.7728,1.3723,1.4158,1.0000,1.0000,1.0000,1.0000,1.0000,1.0000,1.0000,True,1.3160,0.898347,0.072703,179.8646,89.8580
895,left_only,0.529971,-0.351284,-2.165483,3.170655,1.217544,0.117282,1.019459,0.000000,-0.200000,0.000000,0.400000,0.000000,0.000000,0.000000,16.1892,37.7213,17.3202,20.2233,12.7790,9.8493,5.7097,30.0000,30.0000,15.0000,15.0000,10.0000,10.0000,10.0000,11.2752,10.1080,3.4256,5.9357,2.4333,2.6117,4.4240,8.0000,8.0000,4.0000,4.0000,3.0000,3.0000,3.0000,0.5396,1.2574,1.1547,1.3482,1.2779,0.9849,0.5710,1.0000,1.0000,1.0000,1.0000,1.0000,1.0000,1.0000,1.4094,1.2635,0.8564,1.4839,0.8111,0.8706,1.4747,1.0000,1.0000,1.0000,1.0000,1.0000,1.0000,1.0000,True,1.5280,0.773552,0.072759,172.3365,89.9918
896,right_only,0.000000,0.200000,0.000000,0.400000,0.000000,0.000000,0.000000,0.006803,-0.076643,2.023566,1.265532,-1.212271,0.321387,0.004794,30.0000,30.0000,15.0000,15.0000,10.0000,10.0000,10.0000,31.9305,31.2410,7.6438,8.1880,11.1638,12.9444,9.5704,8.0000,8.0000,4.0000,4.0000,3.0000,3.0000,3.0000,5.5233,7.2531,5.0733,2.4345,3.1806,3.6066,2.7475,1.0000,1.0000,1.0000,1.0000,1.0000,1.0000,1.0000,1.0644,1.0414,0.5096,0.5459,1.1164,1.2944,0.9570,1.0000,1.0000,1.0000,1.0000,1.0000,1.0000,1.0000,0.6904,0.9066,1.2683,0.6086,1.0602,1.2022,0.9158,True,2.2620,0.785124,0.119432,175.3977,84.2450
897,both,-0.308055,2.959543,-1.453349,-0.392107,-2.659514,0.209247,1.017348,0.111754,0.290992,1.004988,0.241483,-1.277805,0.154169,0.446562,30.7144,30.8067,13.7496,12.7488,11.3405,12.4752,13.1341,18.3324,23.6543,18.8984,19.5937,10.0427,5.1610,10.0185,6.4627,10.8619,3.2110,3.2195,3.9180,4.4081,4.2967,4.2492,6.2512,4.6274,2.5384,3.6375,3.3642,2.7891,1.0238,1.0269,0.9166,0.8499,1.1341,1.2475,1.3134,0.6111,0.7885,1.2599,1.3062,1.0043,0.5161,1.0018,0.8078,1.3577,0.8027,0.8049,1.3060,1.4694,1.4322,0.5311,0.7814,1.1569,0.6346,1.2125,1.1214,0.9297,True,1.4640,0.812859,0.109859,179.8038,85.2241
898,left_only,-1.387150,3.077439,0.476478,2.721155,-0.634333,0.087542,1.154706,0.000000,-0.200000,0.000000,0.400000,0.000000,0.000000,0.000000,18.7226,22.8834,21.2504,13.8301,7.7204,14.9734,6.0221,30.0000,30.0000,15.0000,15.0000,10.0000,10.0000,10.0000,8.8923,10.3046,5.1470,3.7674,1.6319,4.0231,3.9082,8.0000,8.0000,4.0000,4.0000,3.0000,3.0000,3.0000,0.6241,0.7628,1.4167,0.9220,0.7720,1.4973,0.6022,1.0000,1.0000,1.0000,1.0000,1.0000,1.0000,1.0000,1.1115,1.2881,1.2867,0.9418,0.5440,1.3410,1.3027,1.0000,1.0000,1.0000,1.0000,1.0000,1.0000,1.0000,True,1.4400,0.948682,0.098579,179.3816,80.9001
899,left_only,-2.021937,0.907194,0.246398,-0.478586,1.716452,0.390442,-0.487186,0.000000,-0.200000,0.000000,0.400000,0.000000,0.000000,0.000000,42.7209,39.0261,18.4174,22.0373,8.2465,14.1564,5.9840,30.0000,30.0000,15.0000,15.0000,10.0000,10.0000,10.0000,7.8241,8.4161,2.4912,4.9494,2.9255,2.8666,3.2443,8.0000,8.0000,4.0000,4.0000,3.0000,3.0000,3.0000,1.4240,1.3009,1.2278,1.4692,0.8247,1.4156,0.5984,1.0000,1.0000,1.0000,1.0000,1.0000,1.0000,1.0000,0.9780,1.0520,0.6228,1.2374,0.9752,0.9555,1.0814,1.0000,1.0000,1.0000,1.0000,1.0000,1.0000,1.0000,False,,0.072720,0.997301,11.4718,17.1019
900,both,-2.505508,0.376095,-1.635519,2.981482,1.443574,0.027007,0.405016,-0.078603,-2.408336,-2.518934,1.341897,-1.234875,0.345461,-0.670425,32.1858,27.6028,18.6435,21.7612,9.1157,5.4435,11.6143,42.4114,23.2840,13.5140,18.1128,13.2702,8.4912,11.3108,5.0335,4.8360,4.6462,2.4112,1.8863,2.8172,2.8570,8.9935,6.4257,2.4745,4.7301,2.3042,2.4548,3.2171,1.0729,0.9201,1.2429,1.4507,0.9116,0.5444,1.1614,1.4137,0.7761,0.9009,1.2075,1.3270,0.8491,1.1311,0.6292,0.6045,1.1616,0.6028,0.6288,0.9391,0.9523,1.1242,0.8032,0.6186,1.1825,0.7681,0.8183,1.0724,True,1.3800,0.890146,0.072957,179.9137,88.8633
901,right_only,0.000000,0.200000,0.000000,0.400000,0.000000,0.000000,0.000000,-2.382590,-2.487137,-0.480733,2.678136,1.698195,-0.168723,-0.502745,30.0000,30.0000,15.0000,15.0000,10.0000,10.0000,10.0000,44.6203,34.6015,17.7830,8.3269,6.0497,7.9445,13.4201,8.0000,8.0000,4.0000,4.0000,3.0000,3.0000,3.0000,11.2854,5.5282,4.8568,5.4966,4.1367,2.8764,2.2763,1.0000,1.0000,1.0000,1.0000,1.0000,1.0000,1.0000,1.4873,1.1534,1.1855,0.5551,0.6050,0.7945,1.3420,1.0000,1.0000,1.0000,1.0000,1.0000,1.0000,1.0000,1.4107,0.6910,1.2142,1.3741,1.3789,0.9588,0.7588,True,1.9320,1.283067,0.085677,99.1652,78.5751
902,right_only,0.000000,0.200000,0.000000,0.400000,0.000000,0.000000,0.000000,1.364097,-2.354516,-1.577219,-0.100530,0.317404,-0.363354,0.179547,30.0000,30.0000,15.0000,15.0000,10.0000,10.0000,10.0000,43.3107,30.1491,21.9802,21.0856,12.9230,11.0806,13.8068,8.0000,8.0000,4.0000,4.0000,3.0000,3.0000,3.0000,8.4399,5.6576,5.7007,4.0088,4.2232,2.6794,2.5072,1.0000,1.0000,1.0000,1.0000,1.0000,1.0000,1.0000,1.4437,1.0050,1.4653,1.4057,1.2923,1.1081,1.3807,1.0000,1.0000,1.0000,1.0000,1.0000,1.0000,1.0000,1.0550,0.7072,1.4252,1.0022,1.4077,0.8931,0.8357,True,1.4360,0.850437,0.097461,179.9863,88.4970
903,both,0.467819,2.018204,-0.166760,2.678573,-0.034519,-0.450668,0.490738,-2.842532,-1.581433,-1.920909,0.049392,2.893736,-0.357532,0.654576,34.1234,20.8513,21.5301,10.5212,10.1558,12.9052,12.6357,29.0915,20.9140,17.8410,9.9836,5.0518,9.3948,5.7642,6.5577,10.7142,5.8484,3.8961,3.4569,2.5935,2.5622,8.4995,8.1630,2.5491,2.9840,1.5734,3.2819,2.3786,1.1374,0.6950,1.4353,0.7014,1.0156,1.2905,1.2636,0.9697,0.6971,1.1894,0.6656,0.5052,0.9395,0.5764,0.8197,1.3393,1.4621,0.9740,1.1523,0.8645,0.8541,1.0624,1.0204,0.6373,0.7460,0.5245,1.0940,0.7929,True,1.5180,1.118876,0.074878,87.5746,84.8511
904,left_only,0.218158,2.000742,-0.541758,-0.860283,-1.165853,-0.162001,-0.424929,0.000000,-0.200000,0.000000,0.400000,0.000000,0.000000,0.000000,43.6033,19.9368,11.5509,19.9860,14.2516,9.6829,10.4005,30.0000,30.0000,15.0000,15.0000,10.0000,10.0000,10.0000,4.4229,10.4643,4.3782,3.9160,2.4077,2.8313,3.7059,8.0000,8.0000,4.0000,4.0000,3.0000,3.0000,3.0000,1.4534,0.6646,0.7701,1.3324,1.4252,0.9683,1.0400,1.0000,1.0000,1.0000,1.0000,1.0000,1.0000,1.0000,0.5529,1.3080,1.0946,0.9790,0.8026,0.9438,1.2353,1.0000,1.0000,1.0000,1.0000,1.0000,1.0000,1.0000,True,1.5940,0.862550,0.095617,179.5972,87.0082
905,right_only,0.000000,0.200000,0.000000,0.400000,0.000000,0.000000,0.000000,-2.759554,-1.484242,-2.813602,2.239405,-1.534537,0.373134,-0.060720,30.0000,30.0000,15.0000,15.0000,10.0000,10.0000,10.0000,28.7179,25.8106,15.2454,12.5704,8.5992,6.9561,8.4521,8.0000,8.0000,4.0000,4.0000,3.0000,3.0000,3.0000,10.4937,5.9655,5.2851,5.4453,3.4990,1.5921,3.1831,1.0000,1.0000,1.0000,1.0000,1.0000,1.0000,1.0000,0.9573,0.8604,1.0164,0.8380,0.8599,0.6956,0.8452,1.0000,1.0000,1.0000,1.0000,1.0000,1.0000,1.0000,1.3117,0.7457,1.3213,1.3613,1.1663,0.5307,1.0610,False,,0.103339,0.996211,7.9215,21.0255
906,both,0.784131,1.002661,-1.056398,0.377286,-0.573080,-0.397594,-0.666280,-0.092936,-1.614010,-1.607575,2.894531,-1.047676,-0.342881,-0.763655,23.8975,30.6768,8.4948,20.3241,13.7748,8.1835,12.7531,23.8364,28.3623,10.9767,20.6521,8.8453,6.7912,11.0799,8.7975,10.7636,3.1079,4.4409,1.7181,1.5284,4.1241,5.6437,6.0855,4.6912,5.8369,3.7644,1.8724,2.4377,0.7966,1.0226,0.5663,1.3549,1.3775,0.8184,1.2753,0.7945,0.9454,0.7318,1.3768,0.8845,0.6791,1.1080,1.0997,1.3454,0.7770,1.1102,0.5727,0.5095,1.3747,0.7055,0.7607,1.1728,1.4592,1.2548,0.6241,0.8126,True,1.1920,0.884717,0.073101,179.8693,89.9906
907,right_only,0.000000,0.200000,0.000000,0.400000,0.000000,0.000000,0.000000,0.610879,-2.359943,1.186194,0.998503,2.344193,-0.130287,1.103812,30.0000,30.0000,15.0000,15.0000,10.0000,10.0000,10.0000,27.2230,36.7871,10.4279,15.4618,8.1013,5.1273,9.3727,8.0000,8.0000,4.0000,4.0000,3.0000,3.0000,3.0000,5.3800,11.6687,5.2344,4.9581,2.8600,2.2773,2.4731,1.0000,1.0000,1.0000,1.0000,1.0000,1.0000,1.0000,0.9074,1.2262,0.6952,1.0308,0.8101,0.5127,0.9373,1.0000,1.0000,1.0000,1.0000,1.0000,1.0000,1.0000,0.6725,1.4586,1.3086,1.2395,0.9533,0.7591,0.8244,True,1.7140,0.847799,0.072869,179.9735,88.6411
908,left_only,-2.177445,1.706139,1.939937,-0.175993,-2.983807,-0.346314,-0.099232,0.000000,-0.200000,0.000000,0.400000,0.000000,0.000000,0.000000,15.5579,27.0980,9.1674,9.1165,12.1261,14.9950,6.9448,30.0000,30.0000,15.0000,15.0000,10.0000,10.0000,10.0000,5.8367,6.3713,5.1404,4.0236,3.2120,3.1395,4.3121,8.0000,8.0000,4.0000,4.0000,3.0000,3.0000,3.0000,0.5186,0.9033,0.6112,0.6078,1.2126,1.4995,0.6945,1.0000,1.0000,1.0000,1.0000,1.0000,1.0000,1.0000,0.7296,0.7964,1.2851,1.0059,1.0707,1.0465,1.4374,1.0000,1.0000,1.0000,1.0000,1.0000,1.0000,1.0000,True,2.6520,1.139405,0.082789,131.8071,86.3312
909,both,-2.975843,0.216921,-0.493419,1.065568,-2.353723,0.363682,0.451762,1.250866,0.156229,-0.103938,2.572924,1.493706,-0.129030,0.399667,43.5824,37.9203,18.1412,10.8281,13.3113,8.8966,11.2408,33.5983,18.5222,12.6783,20.8428,9.5307,13.9450,9.9272,9.4218,8.1219,2.6623,4.7898,2.2417,2.2961,1.8804,5.4307,10.0713,3.4138,5.8656,2.2864,3.9664,2.9816,1.4527,1.2640,1.2094,0.7219,1.3311,0.8897,1.1241,1.1199,0.6174,0.8452,1.3895,0.9531,1.3945,0.9927,1.1777,1.0152,0.6656,1.1975,0.7472,0.7654,0.6268,0.6788,1.2589,0.8534,1.4664,0.7621,1.3221,0.9939,False,,0.072637,0.988112,11.1967,17.7842
910,both,0.826443,0.311877,0.932900,-0.482543,1.629771,-0.244520,-0.183958,-0.050356,-1.592349,1.406346,1.892144,-1.998863,0.252953,-0.194355,32.9327,21.4972,13.8464,19.7574,14.2626,14.3870,12.0009,16.5814,40.3064,10.5341,7.8602,10.4808,14.6923,7.6750,4.6313,7.5411,2.7723,4.7905,1.9841,4.4327,2.0836,7.2698,5.8973,4.2319,3.2912,3.2741,2.9341,4.2867,1.0978,0.7166,0.9231,1.3172,1.4263,1.4387,1.2001,0.5527,1.3435,0.7023,0.5240,1.0481,1.4692,0.7675,0.5789,0.9426,0.6931,1.1976,0.6614,1.4776,0.6945,0.9087,0.7372,1.0580,0.8228,1.0914,0.9780,1.4289,True,1.2220,0.883904,0.075102,179.8484,89.9997
911,left_only,0.015782,2.200206,0.098267,0.301989,-1.201572,0.003692,-0.782546,0.000000,-0.200000,0.000000,0.400000,0.000000,0.000000,0.000000,18.9728,26.1710,9.4571,10.9614,10.3502,12.9009,7.2477,30.0000,30.0000,15.0000,15.0000,10.0000,10.0000,10.0000,10.3333,4.1243,5.9881,4.0678,2.9277,3.4517,2.9255,8.0000,8.0000,4.0000,4.0000,3.0000,3.0000,3.0000,0.6324,0.8724,0.6305,0.7308,1.0350,1.2901,0.7248,1.0000,1.0000,1.0000,1.0000,1.0000,1.0000,1.0000,1.2917,0.5155,1.4970,1.0169,0.9759,1.1506,0.9752,1.0000,1.0000,1.0000,1.0000,1.0000,1.0000,1.0000,True,1.5540,0.875516,0.093217,179.9873,87.3908
912,right_only,0.000000,0.200000,0.000000,0.400000,0.000000,0.000000,0.000000,-1.218215,-1.997683,2.534313,2.607981,0.143885,0.311219,-0.891313,30.0000,30.0000,15.0000,15.0000,10.0000,10.0000,10.0000,30.8833,28.5051,12.3732,21.2766,13.3249,14.0709,11.3522,8.0000,8.0000,4.0000,4.0000,3.0000,3.0000,3.0000,7.0098,10.0545,2.4343,5.4123,1.5863,3.9546,3.6118,1.0000,1.0000,1.0000,1.0000,1.0000,1.0000,1.0000,1.0294,0.9502,0.8249,1.4184,1.3325,1.4071,1.1352,1.0000,1.0000,1.0000,1.0000,1.0000,1.0000,1.0000,0.8762,1.2568,0.6086,1.3531,0.5288,1.3182,1.2039,True,2.5680,0.826448,0.190897,137.9978,70.9828
913,right_only,0.000000,0.200000,0.000000,0.400000,0.000000,0.000000,0.000000,-2.723351,-2.844348,-0.444940,0.288483,2.245606,-0.284129,-0.210617,30.0000,30.0000,15.0000,15.0000,10.0000,10.0000,10.0000,22.8141,18.8155,11.3961,20.3998,12.1550,14.1424,9.0528,8.0000,8.0000,4.0000,4.0000,3.0000,3.0000,3.0000,5.9233,4.2105,3.9806,2.1589,1.5128,3.3141,1.9945,1.0000,1.0000,1.0000,1.0000,1.0000,1.0000,1.0000,0.7605,0.6272,0.7597,1.3600,1.2155,1.4142,0.9053,1.0000,1.0000,1.0000,1.0000,1.0000,1.0000,1.0000,0.7404,0.5263,0.9952,0.5397,0.5043,1.1047,0.6648,True,1.7840,1.249722,0.086317,97.4638,79.7696
914,left_only,-0.503442,1.787916,1.444168,0.632321,1.051696,-0.123982,-1.021621,0.000000,-0.200000,0.000000,0.400000,0.000000,0.000000,0.000000,24.2997,15.2270,14.4369,18.6047,12.8475,7.3210,6.0564,30.0000,30.0000,15.0000,15.0000,10.0000,10.0000,10.0000,5.4834,11.8697,3.2484,3.7171,1.7269,3.8680,2.8455,8.0000,8.0000,4.0000,4.0000,3.0000,3.0000,3.0000,0.8100,0.5076,0.9625,1.2403,1.2847,0.7321,0.6056,1.0000,1.0000,1.0000,1.0000,1.0000,1.0000,1.0000,0.6854,1.4837,0.8121,0.9293,0.5756,1.2893,0.9485,1.0000,1.0000,1.0000,1.0000,1.0000,1.0000,1.0000,True,1.4240,0.846605,0.116959,179.9605,84.4801
915,right_only,0.000000,0.200000,0.000000,0.400000,0.000000,0.000000,0.000000,-2.728356,-1.612280,1.034267,1.003646,2.829325,0.343789,0.037610,30.0000,30.0000,15.0000,15.0000,10.0000,10.0000,10.0000,43.2152,39.3416,13.0241,19.0711,10.0585,10.3911,10.2062,8.0000,8.0000,4.0000,4.0000,3.0000,3.0000,3.0000,10.4294,11.3486,3.2781,4.5677,3.3852,4.1625,2.8416,1.0000,1.0000,1.0000,1.0000,1.0000,1.0000,1.0000,1.4405,1.3114,0.8683,1.2714,1.0059,1.0391,1.0206,1.0000,1.0000,1.0000,1.0000,1.0000,1.0000,1.0000,1.3037,1.4186,0.8195,1.1419,1.1284,1.3875,0.9472,False,,0.091044,0.999455,9.8082,14.6480
916,both,-2.244344,0.387665,-2.369262,-0.533991,-1.274975,-0.367629,0.942572,-1.434893,-2.007194,1.285061,0.294524,1.369450,0.298241,-0.355148,29.3344,24.6669,13.8475,16.2112,8.4964,9.6413,9.9622,24.4245,28.4952,17.2608,17.7066,14.7750,9.9298,7.4953,4.1960,5.3092,4.1655,2.0106,3.6126,4.2164,3.7637,6.8975,11.3795,4.5308,5.4570,3.6723,4.3963,3.0037,0.9778,0.8222,0.9232,1.0807,0.8496,0.9641,0.9962,0.8142,0.9498,1.1507,1.1804,1.4775,0.9930,0.7495,0.5245,0.6636,1.0414,0.5027,1.2042,1.4055,1.2546,0.8622,1.4224,1.1327,1.3643,1.2241,1.4654,1.0012,True,2.3540,1.126848,0.146703,90.8873,74.8491
917,both,1.334054,2.968665,2.120346,2.928455,0.017097,0.224617,0.140553,0.516189,-0.513016,1.290152,0.819495,1.836618,0.348253,0.346088,28.6396,40.5974,19.1768,14.5440,10.7987,11.8583,11.8832,20.0161,36.9864,8.1883,9.2087,14.4101,10.1762,7.6638,6.4883,6.3415,5.5494,5.7480,2.7062,4.2401,2.9121,7.8433,8.6254,4.5557,3.3929,2.6622,3.1493,3.3800,0.9547,1.3532,1.2785,0.9696,1.0799,1.1858,1.1883,0.6672,1.2329,0.5459,0.6139,1.4410,1.0176,0.7664,0.8110,0.7927,1.3873,1.4370,0.9021,1.4134,0.9707,0.9804,1.0782,1.1389,0.8482,0.8874,1.0498,1.1267,True,1.3660,0.782180,0.104972,179.9424,85.5369
918,left_only,1.199589,1.102804,2.299477,3.151991,-1.057340,-0.437262,0.265103,0.000000,-0.200000,0.000000,0.400000,0.000000,0.000000,0.000000,42.1094,16.6017,10.4572,17.6423,13.0965,5.8664,8.6374,30.0000,30.0000,15.0000,15.0000,10.0000,10.0000,10.0000,5.9099,11.7190,4.7299,3.9026,4.0871,3.1130,4.2340,8.0000,8.0000,4.0000,4.0000,3.0000,3.0000,3.0000,1.4036,0.5534,0.6971,1.1762,1.3097,0.5866,0.8637,1.0000,1.0000,1.0000,1.0000,1.0000,1.0000,1.0000,0.7387,1.4649,1.1825,0.9756,1.3624,1.0377,1.4113,1.0000,1.0000,1.0000,1.0000,1.0000,1.0000,1.0000,True,1.3880,0.935889,0.094577,179.4452,82.0691
919,both,-2.015213,-0.276661,-0.229053,-0.106335,1.803811,0.030454,-0.536794,0.503533,-1.408373,-0.159154,-0.203338,2.982440,0.147092,0.901252,37.7920,30.0880,7.6460,17.5001,6.0074,14.6146,7.4926,29.0975,31.0252,20.6112,11.7350,7.4592,5.0912,12.3848,6.9387,8.4125,4.0105,4.6206,3.8503,3.7729,4.2243,9.5007,6.2138,2.5197,2.1701,2.9636,2.0804,3.8802,1.2597,1.0029,0.5097,1.1667,0.6007,1.4615,0.7493,0.9699,1.0342,1.3741,0.7823,0.7459,0.5091,1.2385,0.8673,1.0516,1.0026,1.1551,1.2834,1.2576,1.4081,1.1876,0.7767,0.6299,0.5425,0.9879,0.6935,1.2934,True,1.9260,1.360328,0.144293,94.4020,65.1425
920,right_only,0.000000,0.200000,0.000000,0.400000,0.000000,0.000000,0.000000,1.334659,-0.463471,1.818546,3.141972,1.517068,0.062274,0.787428,30.0000,30.0000,15.0000,15.0000,10.0000,10.0000,10.0000,31.9156,27.9755,7.9876,17.1447,13.9752,11.9315,9.0415,8.0000,8.0000,4.0000,4.0000,3.0000,3.0000,3.0000,8.9352,10.5036,5.0570,3.9647,2.5850,2.6906,4.2237,1.0000,1.0000,1.0000,1.0000,1.0000,1.0000,1.0000,1.0639,0.9325,0.5325,1.1430,1.3975,1.1932,0.9041,1.0000,1.0000,1.0000,1.0000,1.0000,1.0000,1.0000,1.1169,1.3130,1.2642,0.9912,0.8617,0.8969,1.4079,True,1.4360,0.847092,0.083141,147.4589,85.6850
921,left_only,-2.339989,2.882063,-1.552741,3.101075,-0.427545,0.215923,0.582611,0.000000,-0.200000,0.000000,0.400000,0.000000,0.000000,0.000000,38.1759,38.6819,8.0861,11.6000,7.2971,11.9859,11.8332,30.0000,30.0000,15.0000,15.0000,10.0000,10.0000,10.0000,6.3763,10.3483,3.2465,3.3717,2.6966,3.7338,1.5353,8.0000,8.0000,4.0000,4.0000,3.0000,3.0000,3.0000,1.2725,1.2894,0.5391,0.7733,0.7297,1.1986,1.1833,1.0000,1.0000,1.0000,1.0000,1.0000,1.0000,1.0000,0.7970,1.2935,0.8116,0.8429,0.8989,1.2446,0.5118,1.0000,1.0000,1.0000,1.0000,1.0000,1.0000,1.0000,True,1.5040,0.940514,0.074855,179.9630,89.9950
922,left_only,1.129451,2.235968,0.666013,0.030180,1.514557,0.344829,0.003929,0.000000,-0.200000,0.000000,0.400000,0.000000,0.000000,0.000000,23.7738,26.4166,13.7438,12.0887,12.1219,8.4217,13.2122,30.0000,30.0000,15.0000,15.0000,10.0000,10.0000,10.0000,7.7095,9.0317,5.7918,3.7842,2.0110,3.1498,2.9900,8.0000,8.0000,4.0000,4.0000,3.0000,3.0000,3.0000,0.7925,0.8806,0.9163,0.8059,1.2122,0.8422,1.3212,1.0000,1.0000,1.0000,1.0000,1.0000,1.0000,1.0000,0.9637,1.1290,1.4480,0.9461,0.6703,1.0499,0.9967,1.0000,1.0000,1.0000,1.0000,1.0000,1.0000,1.0000,True,1.3700,0.861654,0.089162,179.9963,88.0023
923,right_only,0.000000,0.200000,0.000000,0.400000,0.000000,0.000000,0.000000,0.545967,-0.148446,1.030554,3.062108,-1.199439,-0.241244,-0.530132,30.0000,30.0000,15.0000,15.0000,10.0000,10.0000,10.0000,35.1272,21.9762,8.8263,22.1658,8.1461,7.2239,8.5875,8.0000,8.0000,4.0000,4.0000,3.0000,3.0000,3.0000,5.2674,4.2861,3.2215,3.3515,3.9330,2.8069,3.7103,1.0000,1.0000,1.0000,1.0000,1.0000,1.0000,1.0000,1.1709,0.7325,0.5884,1.4777,0.8146,0.7224,0.8587,1.0000,1.0000,1.0000,1.0000,1.0000,1.0000,1.0000,0.6584,0.5358,0.8054,0.8379,1.3110,0.9356,1.2368,True,1.3420,0.819031,0.072874,179.9896,89.9088
924,right_only,0.000000,0.200000,0.000000,0.400000,0.000000,0.000000,0.000000,0.325206,-0.417610,2.197945,1.109347,-2.151229,-0.426737,-0.795250,30.0000,30.0000,15.0000,15.0000,10.0000,10.0000,10.0000,39.8763,32.2305,9.6018,9.4895,13.9150,10.2003,6.7190,8.0000,8.0000,4.0000,4.0000,3.0000,3.0000,3.0000,11.1740,9.7658,3.9111,3.8603,3.5180,2.5149,4.4997,1.0000,1.0000,1.0000,1.0000,1.0000,1.0000,1.0000,1.3292,1.0743,0.6401,0.6326,1.3915,1.0200,0.6719,1.0000,1.0000,1.0000,1.0000,1.0000,1.0000,1.0000,1.3967,1.2207,0.9778,0.9651,1.1727,0.8383,1.4999,True,1.5820,0.824358,0.072696,174.1834,89.5802
925,left_only,0.555252,2.042828,1.237855,3.163826,-2.947898,-0.441387,0.723971,0.000000,-0.200000,0.000000,0.400000,0.000000,0.000000,0.000000,21.2818,35.5550,15.0501,12.2801,7.3134,12.7675,6.7098,30.0000,30.0000,15.0000,15.0000,10.0000,10.0000,10.0000,5.2698,7.5355,2.4771,4.5660,4.4759,3.7437,3.3097,8.0000,8.0000,4.0000,4.0000,3.0000,3.0000,3.0000,0.7094,1.1852,1.0033,0.8187,0.7313,1.2767,0.6710,1.0000,1.0000,1.0000,1.0000,1.0000,1.0000,1.0000,0.6587,0.9419,0.6193,1.1415,1.4920,1.2479,1.1032,1.0000,1.0000,1.0000,1.0000,1.0000,1.0000,1.0000,True,1.4320,0.935268,0.087631,179.7861,87.9501
926,both,-1.281253,3.354601,2.329278,2.439040,-1.685161,-0.348188,-0.818030,-1.921574,-3.091178,2.027355,-0.185120,-1.444729,0.359046,1.163684,21.6534,23.8255,19.5015,22.0540,11.4968,9.4258,11.7458,35.0232,22.9395,12.6600,12.2161,14.9325,6.8372,13.2942,10.2423,4.9012,3.7412,5.4292,3.6163,1.9613,3.7656,8.2451,11.0442,5.9274,5.8443,4.0628,2.7407,2.3138,0.7218,0.7942,1.3001,1.4703,1.1497,0.9426,1.1746,1.1674,0.7646,0.8440,0.8144,1.4932,0.6837,1.3294,1.2803,0.6127,0.9353,1.3573,1.2054,0.6538,1.2552,1.0306,1.3805,1.4819,1.4611,1.3543,0.9136,0.7713,True,1.4240,0.831434,0.269773,110.7143,53.3730
927,both,-1.635167,2.088862,-0.721651,0.846090,-2.550718,0.250686,-0.986868,-1.552605,-1.168160,0.001761,2.738629,1.044044,0.267366,-0.499247,18.9677,37.2999,9.8037,20.0125,14.4302,7.8293,12.6101,25.0461,22.5418,16.9776,18.9193,12.1739,14.4259,6.0737,7.4987,6.3920,3.7246,4.5871,4.4642,2.4001,3.6178,8.3253,6.3268,5.2678,2.2481,2.0274,3.8161,2.5639,0.6323,1.2433,0.6536,1.3342,1.4430,0.7829,1.2610,0.8349,0.7514,1.1318,1.2613,1.2174,1.4426,0.6074,0.9373,0.7990,0.9311,1.1468,1.4881,0.8000,1.2059,1.0407,0.7908,1.3170,0.5620,0.6758,1.2720,0.8546,True,1.7600,0.883166,0.084794,179.8402,88.7899
928,left_only,0.071279,3.394351,-0.052656,1.251225,2.607890,0.227914,-0.770237,0.000000,-0.200000,0.000000,0.400000,0.000000,0.000000,0.000000,39.1290,30.4758,19.3105,16.4783,7.2733,13.1444,5.0203,30.0000,30.0000,15.0000,15.0000,10.0000,10.0000,10.0000,11.1042,10.5489,5.8806,2.1422,2.8129,2.0074,2.6220,8.0000,8.0000,4.0000,4.0000,3.0000,3.0000,3.0000,1.3043,1.0159,1.2874,1.0986,0.7273,1.3144,0.5020,1.0000,1.0000,1.0000,1.0000,1.0000,1.0000,1.0000,1.3880,1.3186,1.4701,0.5355,0.9376,0.6691,0.8740,1.0000,1.0000,1.0000,1.0000,1.0000,1.0000,1.0000,True,1.2800,0.879465,0.089462,179.9969,87.9598
929,left_only,-1.445382,1.878781,-0.179772,3.037817,-1.410023,-0.075156,0.509663,0.000000,-0.200000,0.000000,0.400000,0.000000,0.000000,0.000000,23.2963,36.7143,18.1307,18.1836,11.7508,13.1746,14.9493,30.0000,30.0000,15.0000,15.0000,10.0000,10.0000,10.0000,4.4427,7.9772,5.2523,2.0002,3.1355,3.4794,2.0752,8.0000,8.0000,4.0000,4.0000,3.0000,3.0000,3.0000,0.7765,1.2238,1.2087,1.2122,1.1751,1.3175,1.4949,1.0000,1.0000,1.0000,1.0000,1.0000,1.0000,1.0000,0.5553,0.9971,1.3131,0.5000,1.0452,1.1598,0.6917,1.0000,1.0000,1.0000,1.0000,1.0000,1.0000,1.0000,True,1.5880,0.860701,0.093734,179.7005,87.2652
930,left_only,-1.252136,2.604125,-2.281909,-0.393000,1.702080,0.286015,0.229625,0.000000,-0.200000,0.000000,0.400000,0.000000,0.000000,0.000000,27.4856,18.1696,19.6716,11.1262,14.1319,12.7584,5.8094,30.0000,30.0000,15.0000,15.0000,10.0000,10.0000,10.0000,9.0839,11.3650,5.5167,4.4534,2.0159,3.5407,3.4984,8.0000,8.0000,4.0000,4.0000,3.0000,3.0000,3.0000,0.9162,0.6057,1.3114,0.7417,1.4132,1.2758,0.5809,1.0000,1.0000,1.0000,1.0000,1.0000,1.0000,1.0000,1.1355,1.4206,1.3792,1.1134,0.6720,1.1802,1.1661,1.0000,1.0000,1.0000,1.0000,1.0000,1.0000,1.0000,True,1.3720,0.866657,0.092531,179.6718,87.5766
931,right_only,0.000000,0.200000,0.000000,0.400000,0.000000,0.000000,0.000000,-0.367059,-2.395492,2.094683,1.125643,-1.038616,-0.226420,-0.556215,30.0000,30.0000,15.0000,15.0000,10.0000,10.0000,10.0000,28.8328,21.9255,15.2612,10.3804,7.7095,6.1967,8.5739,8.0000,8.0000,4.0000,4.0000,3.0000,3.0000,3.0000,7.2478,7.2297,4.8995,3.9334,3.5790,1.5994,2.8098,1.0000,1.0000,1.0000,1.0000,1.0000,1.0000,1.0000,0.9611,0.7309,1.0174,0.6920,0.7710,0.6197,0.8574,1.0000,1.0000,1.0000,1.0000,1.0000,1.0000,1.0000,0.9060,0.9037,1.2249,0.9834,1.1930,0.5331,0.9366,True,1.2900,0.863916,0.072875,179.9276,89.9678
932,right_only,0.000000,0.200000,0.000000,0.400000,0.000000,0.000000,0.000000,-2.717052,-1.653255,0.478181,2.340534,0.419262,-0.111460,-0.598265,30.0000,30.0000,15.0000,15.0000,10.0000,10.0000,10.0000,43.7233,20.9486,8.1362,9.3882,14.9751,14.0612,8.2026,8.0000,8.0000,4.0000,4.0000,3.0000,3.0000,3.0000,4.0308,10.1376,3.2021,2.0886,2.8698,2.7725,2.5853,1.0000,1.0000,1.0000,1.0000,1.0000,1.0000,1.0000,1.4574,0.6983,0.5424,0.6259,1.4975,1.4061,0.8203,1.0000,1.0000,1.0000,1.0000,1.0000,1.0000,1.0000,0.5038,1.2672,0.8005,0.5221,0.9566,0.9242,0.8618,False,,0.110069,1.002017,9.6531,14.7098
933,both,-0.062640,2.364334,0.510572,-0.892235,-2.880884,0.353113,-0.796436,-1.265117,-3.008667,-1.709863,1.054511,-1.393252,0.147151,-0.337037,38.6540,33.0585,11.3095,19.6257,14.3209,6.2004,11.6966,41.1726,25.6331,13.3927,11.5128,9.2160,12.9751,13.3089,9.0464,9.3577,2.1247,2.1125,2.3844,1.7407,2.5982,7.3685,7.1749,2.7803,5.9024,2.4330,2.5279,2.7896,1.2885,1.1020,0.7540,1.3084,1.4321,0.6200,1.1697,1.3724,0.8544,0.8928,0.7675,0.9216,1.2975,1.3309,1.1308,1.1697,0.5312,0.5281,0.7948,0.5802,0.8661,0.9211,0.8969,0.6951,1.4756,0.8110,0.8426,0.9299,True,1.4500,0.869355,0.284733,136.8329,65.9930
934,both,-2.761158,0.861872,2.616415,-0.642597,-1.624805,-0.261080,-0.672923,1.356240,-0.721660,2.205219,2.591932,0.848538,0.055323,0.023114,35.6860,36.0547,16.4919,14.2341,11.7536,6.5668,10.5153,15.4946,18.3989,11.4349,18.9857,12.9789,7.4802,13.6976,8.1544,8.2774,4.0433,5.0011,3.7725,2.4887,2.5523,7.0056,10.3844,3.8674,4.8504,2.5689,1.7118,2.2622,1.1895,1.2018,1.0995,0.9489,1.1754,0.6567,1.0515,0.5165,0.6133,0.7623,1.2657,1.2979,0.7480,1.3698,1.0193,1.0347,1.0108,1.2503,1.2575,0.8296,0.8508,0.8757,1.2981,0.9669,1.2126,0.8563,0.5706,0.7541,True,1.6560,0.898556,0.072826,179.9836,89.9766
935,right_only,0.000000,0.200000,0.000000,0.400000,0.000000,0.000000,0.000000,0.143290,0.069877,0.552413,2.225778,-2.668649,0.240558,0.852265,30.0000,30.0000,15.0000,15.0000,10.0000,10.0000,10.0000,27.3795,29.8167,8.2856,10.1195,5.5648,12.3137,12.9986,8.0000,8.0000,4.0000,4.0000,3.0000,3.0000,3.0000,4.8693,11.3728,5.3581,4.3051,4.4349,4.1474,2.1679,1.0000,1.0000,1.0000,1.0000,1.0000,1.0000,1.0000,0.9127,0.9939,0.5524,0.6746,0.5565,1.2314,1.2999,1.0000,1.0000,1.0000,1.0000,1.0000,1.0000,1.0000,0.6087,1.4216,1.3395,1.0763,1.4783,1.3825,0.7226,True,1.4160,0.801778,0.072640,169.6109,89.9957
936,right_only,0.000000,0.200000,0.000000,0.400000,0.000000,0.000000,0.000000,1.353508,-1.725613,-2.131910,-0.123629,1.190961,0.450992,-0.139010,30.0000,30.0000,15.0000,15.0000,10.0000,10.0000,10.0000,32.1940,24.0072,20.1819,9.2273,10.8225,10.8622,5.0114,8.0000,8.0000,4.0000,4.0000,3.0000,3.0000,3.0000,11.5245,11.7947,3.8699,4.9026,4.0461,1.8501,1.7539,1.0000,1.0000,1.0000,1.0000,1.0000,1.0000,1.0000,1.0731,0.8002,1.3455,0.6152,1.0822,1.0862,0.5011,1.0000,1.0000,1.0000,1.0000,1.0000,1.0000,1.0000,1.4406,1.4743,0.9675,1.2256,1.3487,0.6167,0.5846,True,1.6580,0.857768,0.072796,179.5497,89.9969
937,both,0.106649,1.734881,1.192162,1.412346,1.174017,-0.319209,-0.722330,-2.023621,-1.825554,1.296707,2.483669,-0.438532,0.094396,-0.520247,29.2733,43.2273,11.5393,19.3192,5.4219,8.4524,11.5878,33.4529,34.6966,13.4188,13.4628,6.7678,5.0029,9.6149,10.2080,8.7375,5.4769,5.2831,3.3525,2.5444,2.5911,10.6467,10.1323,5.9758,4.6776,2.2017,3.5320,3.9854,0.9758,1.4409,0.7693,1.2879,0.5422,0.8452,1.1588,1.1151,1.1566,0.8946,0.8975,0.6768,0.5003,0.9615,1.2760,1.0922,1.3692,1.3208,1.1175,0.8481,0.8637,1.3308,1.2665,1.4939,1.1694,0.7339,1.1773,1.3285,True,1.2840,0.873785,0.072878,179.4332,89.9318
938,right_only,0.000000,0.200000,0.000000,0.400000,0.000000,0.000000,0.000000,-0.120904,-1.579082,0.496966,-0.843435,-1.222952,-0.316593,-0.219925,30.0000,30.0000,15.0000,15.0000,10.0000,10.0000,10.0000,41.7911,20.6385,8.5648,19.1538,13.6790,10.3139,8.7657,8.0000,8.0000,4.0000,4.0000,3.0000,3.0000,3.0000,7.4443,9.2719,5.3250,2.7578,4.2068,3.4722,3.7149,1.0000,1.0000,1.0000,1.0000,1.0000,1.0000,1.0000,1.3930,0.6879,0.5710,1.2769,1.3679,1.0314,0.8766,1.0000,1.0000,1.0000,1.0000,1.0000,1.0000,1.0000,0.9305,1.1590,1.3313,0.6894,1.4023,1.1574,1.2383,True,1.5700,0.857922,0.072709,179.9155,89.2767
939,left_only,-2.730643,3.091343,0.334863,0.545502,-0.712121,-0.191444,-0.856050,0.000000,-0.200000,0.000000,0.400000,0.000000,0.000000,0.000000,16.0398,22.9322,14.9492,17.5014,12.3335,10.9560,6.1606,30.0000,30.0000,15.0000,15.0000,10.0000,10.0000,10.0000,7.4524,9.3392,4.9727,3.2980,4.2853,3.8861,4.0552,8.0000,8.0000,4.0000,4.0000,3.0000,3.0000,3.0000,0.5347,0.7644,0.9966,1.1668,1.2333,1.0956,0.6161,1.0000,1.0000,1.0000,1.0000,1.0000,1.0000,1.0000,0.9315,1.1674,1.2432,0.8245,1.4284,1.2954,1.3517,1.0000,1.0000,1.0000,1.0000,1.0000,1.0000,1.0000,True,1.4860,0.929613,0.073022,179.6137,89.7224
940,both,-0.000573,1.184015,2.636735,2.772969,1.762018,0.361793,1.058191,0.375343,-2.642729,0.043563,1.594055,1.704631,-0.004489,0.032693,44.8670,28.5662,9.4501,18.1453,8.6254,7.4854,11.2846,36.0272,44.5541,12.2476,16.2799,12.9440,7.1213,13.1832,11.6349,6.5025,3.4891,3.8620,3.5640,2.6878,2.7753,6.8394,4.8882,2.0996,2.1323,3.8929,3.5248,3.8805,1.4956,0.9522,0.6300,1.2097,0.8625,0.7485,1.1285,1.2009,1.4851,0.8165,1.0853,1.2944,0.7121,1.3183,1.4544,0.8128,0.8723,0.9655,1.1880,0.8959,0.9251,0.8549,0.6110,0.5249,0.5331,1.2976,1.1749,1.2935,True,1.3100,0.876799,0.072729,178.9224,89.9905
941,both,0.406384,1.060087,2.630215,2.675915,-1.003495,0.252470,0.811932,-0.839333,-2.944817,-1.115898,3.133791,1.373788,0.254108,1.046288,21.0829,44.0521,15.2721,18.6702,8.1821,8.2941,8.5960,32.7720,35.9902,16.6236,22.0956,7.2887,9.8124,14.1590,6.7845,4.5000,3.2383,4.5895,4.2059,1.6250,1.5499,8.9400,8.6170,5.7314,3.3556,1.9715,1.8877,3.9656,0.7028,1.4684,1.0181,1.2447,0.8182,0.8294,0.8596,1.0924,1.1997,1.1082,1.4730,0.7289,0.9812,1.4159,0.8481,0.5625,0.8096,1.1474,1.4020,0.5417,0.5166,1.1175,1.0771,1.4328,0.8389,0.6572,0.6292,1.3219,True,1.7660,0.886374,0.076718,179.7389,89.5637
942,left_only,0.896227,0.504060,-0.068406,1.465438,-2.209164,0.322650,-0.206049,0.000000,-0.200000,0.000000,0.400000,0.000000,0.000000,0.000000,40.9042,37.8023,11.9243,18.2486,12.4071,8.1126,7.5374,30.0000,30.0000,15.0000,15.0000,10.0000,10.0000,10.0000,10.5874,9.4235,4.9583,3.2522,3.6666,3.6429,2.4998,8.0000,8.0000,4.0000,4.0000,3.0000,3.0000,3.0000,1.3635,1.2601,0.7950,1.2166,1.2407,0.8113,0.7537,1.0000,1.0000,1.0000,1.0000,1.0000,1.0000,1.0000,1.3234,1.1779,1.2396,0.8131,1.2222,1.2143,0.8333,1.0000,1.0000,1.0000,1.0000,1.0000,1.0000,1.0000,True,1.9620,0.840494,0.072828,179.9197,89.9947
943,right_only,0.000000,0.200000,0.000000,0.400000,0.000000,0.000000,0.000000,-1.866133,-1.769328,1.180653,-0.150484,2.285751,-0.226370,0.862670,30.0000,30.0000,15.0000,15.0000,10.0000,10.0000,10.0000,19.6743,37.1832,15.9209,17.4219,14.7414,5.5256,6.4913,8.0000,8.0000,4.0000,4.0000,3.0000,3.0000,3.0000,4.6327,8.1571,5.2112,2.2193,3.8382,2.7992,4.3243,1.0000,1.0000,1.0000,1.0000,1.0000,1.0000,1.0000,0.6558,1.2394,1.0614,1.1615,1.4741,0.5526,0.6491,1.0000,1.0000,1.0000,1.0000,1.0000,1.0000,1.0000,0.5791,1.0196,1.3028,0.5548,1.2794,0.9331,1.4414,True,2.6620,1.090746,0.081080,96.8146,87.7967
944,both,-1.337501,3.341780,0.495477,3.138672,0.629663,-0.142139,0.770658,-0.846418,-2.232706,-0.297838,2.650999,1.468091,-0.301764,0.860039,27.9426,17.4861,9.7076,8.4925,11.7659,7.5756,5.9635,20.3321,15.6414,12.9354,8.3767,6.6708,12.3900,9.0473,6.9254,10.9357,4.5149,3.9449,3.6996,1.7277,4.1483,4.0552,9.1501,4.8284,5.6079,1.9638,4.0715,3.6261,0.9314,0.5829,0.6472,0.5662,1.1766,0.7576,0.5963,0.6777,0.5214,0.8624,0.5584,0.6671,1.2390,0.9047,0.8657,1.3670,1.1287,0.9862,1.2332,0.5759,1.3828,0.5069,1.1438,1.2071,1.4020,0.6546,1.3572,1.2087,True,1.7560,1.162297,0.081599,87.2817,85.4673
945,both,-0.485337,0.609491,-0.064032,-0.131143,1.123920,0.188321,-0.783514,-1.950175,0.006203,-0.335547,1.326114,2.771682,-0.271003,0.322911,38.2204,24.5832,12.1323,20.9523,5.9941,6.5736,9.1096,24.6375,36.2562,18.0208,19.0042,10.7526,5.1470,11.5587,10.3871,7.6399,3.0823,3.6812,2.8364,3.6811,4.1063,8.8984,8.8922,3.1252,2.3915,2.0681,2.1486,2.0208,1.2740,0.8194,0.8088,1.3968,0.5994,0.6574,0.9110,0.8213,1.2085,1.2014,1.2669,1.0753,0.5147,1.1559,1.2984,0.9550,0.7706,0.9203,0.9455,1.2270,1.3688,1.1123,1.1115,0.7813,0.5979,0.6894,0.7162,0.6736,False,,0.126975,0.995905,11.4347,12.4827
946,left_only,-1.988231,-0.120345,-1.132923,3.171266,-0.064444,-0.143909,0.560038,0.000000,-0.200000,0.000000,0.400000,0.000000,0.000000,0.000000,29.0838,15.8849,15.7108,12.0610,10.7118,6.7322,9.8255,30.0000,30.0000,15.0000,15.0000,10.0000,10.0000,10.0000,5.5491,6.3905,4.7487,2.9106,2.7514,1.7194,3.5615,8.0000,8.0000,4.0000,4.0000,3.0000,3.0000,3.0000,0.9695,0.5295,1.0474,0.8041,1.0712,0.6732,0.9825,1.0000,1.0000,1.0000,1.0000,1.0000,1.0000,1.0000,0.6936,0.7988,1.1872,0.7277,0.9171,0.5731,1.1872,1.0000,1.0000,1.0000,1.0000,1.0000,1.0000,1.0000,False,,0.107764,0.999748,8.3581,14.6193
947,left_only,-0.601578,2.696128,0.373878,3.156103,-1.621080,0.223948,-0.171890,0.000000,-0.200000,0.000000,0.400000,0.000000,0.000000,0.000000,26.2789,36.9459,21.8334,18.8337,8.3012,10.0989,7.1714,30.0000,30.0000,15.0000,15.0000,10.0000,10.0000,10.0000,8.9619,7.2207,2.9125,2.0844,4.2760,1.7365,2.4879,8.0000,8.0000,4.0000,4.0000,3.0000,3.0000,3.0000,0.8760,1.2315,1.4556,1.2556,0.8301,1.0099,0.7171,1.0000,1.0000,1.0000,1.0000,1.0000,1.0000,1.0000,1.1202,0.9026,0.7281,0.5211,1.4253,0.5788,0.8293,1.0000,1.0000,1.0000,1.0000,1.0000,1.0000,1.0000,True,1.3960,0.923539,0.089465,179.8049,85.4075
948,both,-2.242963,1.487801,-1.554663,2.090552,-1.715040,-0.290953,-0.719112,-1.738477,-0.973877,-1.821407,1.927992,-0.272216,-0.280267,-0.660287,30.8200,26.3589,15.2059,19.6887,5.4583,8.9361,9.1544,37.7284,28.6514,17.3473,16.3567,9.6472,5.7893,11.3322,6.0073,7.5350,4.2665,4.3398,3.5095,1.7303,2.8800,8.2761,4.0455,2.8274,2.2456,3.2107,1.5454,4.0273,1.0273,0.8786,1.0137,1.3126,0.5458,0.8936,0.9154,1.2576,0.9550,1.1565,1.0904,0.9647,0.5789,1.1332,0.7509,0.9419,1.0666,1.0850,1.1698,0.5768,0.9600,1.0345,0.5057,0.7069,0.5614,1.0702,0.5151,1.3424,True,1.8140,0.846909,0.078228,179.8146,88.7618
949,right_only,0.000000,0.200000,0.000000,0.400000,0.000000,0.000000,0.000000,1.322508,0.287689,-1.725266,1.094932,2.383132,0.173285,-0.511185,30.0000,30.0000,15.0000,15.0000,10.0000,10.0000,10.0000,40.0186,32.2181,18.4498,22.0411,14.9751,10.0482,6.5661,8.0000,8.0000,4.0000,4.0000,3.0000,3.0000,3.0000,8.9565,9.1508,4.2886,3.6882,3.2447,3.1021,4.3341,1.0000,1.0000,1.0000,1.0000,1.0000,1.0000,1.0000,1.3340,1.0739,1.2300,1.4694,1.4975,1.0048,0.6566,1.0000,1.0000,1.0000,1.0000,1.0000,1.0000,1.0000,1.1196,1.1439,1.0721,0.9220,1.0816,1.0340,1.4447,False,,0.092681,0.990717,10.3029,17.2019
950,both,0.805098,1.108145,0.576813,1.387799,-0.068263,-0.408789,0.539990,0.304285,-1.569781,2.101919,3.113599,1.932378,0.395773,-0.031743,42.4272,43.0508,16.8535,9.7608,6.5231,9.7231,12.3558,42.9419,41.0552,14.2686,16.2076,13.4710,13.7137,10.5697,8.0112,10.3988,5.0792,2.8144,1.8983,3.6175,2.4611,11.7753,8.1677,2.1644,4.2508,3.8310,4.4548,1.8161,1.4142,1.4350,1.1236,0.6507,0.6523,0.9723,1.2356,1.4314,1.3685,0.9512,1.0805,1.3471,1.3714,1.0570,1.0014,1.2998,1.2698,0.7036,0.6328,1.2058,0.8204,1.4719,1.0210,0.5411,1.0627,1.2770,1.4849,0.6054,True,1.2640,0.891622,0.074857,179.9317,89.9922
951,left_only,-1.065070,1.837537,2.337898,2.006626,-1.678022,0.332435,0.417178,0.000000,-0.200000,0.000000,0.400000,0.000000,0.000000,0.000000,41.8547,40.0312,9.4389,21.9071,9.5430,14.8255,6.8701,30.0000,30.0000,15.0000,15.0000,10.0000,10.0000,10.0000,10.3465,6.4391,2.1792,5.9762,2.4106,1.7416,4.0815,8.0000,8.0000,4.0000,4.0000,3.0000,3.0000,3.0000,1.3952,1.3344,0.6293,1.4605,0.9543,1.4826,0.6870,1.0000,1.0000,1.0000,1.0000,1.0000,1.0000,1.0000,1.2933,0.8049,0.5448,1.4940,0.8035,0.5805,1.3605,1.0000,1.0000,1.0000,1.0000,1.0000,1.0000,1.0000,True,2.5220,0.827359,0.121771,179.9816,87.1447
952,left_only,-1.105184,1.798990,2.924064,1.035329,-2.623513,0.176847,0.534923,0.000000,-0.200000,0.000000,0.400000,0.000000,0.000000,0.000000,20.8262,31.3624,13.0383,8.2488,8.1160,14.0953,8.0025,30.0000,30.0000,15.0000,15.0000,10.0000,10.0000,10.0000,5.7845,11.5273,3.5293,5.7622,4.1407,2.9114,2.6549,8.0000,8.0000,4.0000,4.0000,3.0000,3.0000,3.0000,0.6942,1.0454,0.8692,0.5499,0.8116,1.4095,0.8002,1.0000,1.0000,1.0000,1.0000,1.0000,1.0000,1.0000,0.7231,1.4409,0.8823,1.4406,1.3802,0.9705,0.8850,1.0000,1.0000,1.0000,1.0000,1.0000,1.0000,1.0000,False,,0.108237,0.996598,16.7294,15.2419
953,right_only,0.000000,0.200000,0.000000,0.400000,0.000000,0.000000,0.000000,-2.491349,-2.679470,-1.692047,0.992562,-0.606627,0.277856,-0.516443,30.0000,30.0000,15.0000,15.0000,10.0000,10.0000,10.0000,27.7356,18.6812,11.5683,19.2453,12.0710,9.0222,10.7747,8.0000,8.0000,4.0000,4.0000,3.0000,3.0000,3.0000,7.6667,11.1618,3.5788,4.8885,2.1556,2.8023,3.0880,1.0000,1.0000,1.0000,1.0000,1.0000,1.0000,1.0000,0.9245,0.6227,0.7712,1.2830,1.2071,0.9022,1.0775,1.0000,1.0000,1.0000,1.0000,1.0000,1.0000,1.0000,0.9583,1.3952,0.8947,1.2221,0.7185,0.9341,1.0293,True,1.5120,0.886564,0.110054,179.6336,86.7011
954,right_only,0.000000,0.200000,0.000000,0.400000,0.000000,0.000000,0.000000,-2.647114,-1.179558,0.248351,-0.294351,3.002221,-0.376944,1.004071,30.0000,30.0000,15.0000,15.0000,10.0000,10.0000,10.0000,29.7455,21.6811,9.1920,17.9913,12.5445,11.7344,9.1987,8.0000,8.0000,4.0000,4.0000,3.0000,3.0000,3.0000,5.3806,10.3163,5.4849,3.5675,4.0237,3.4068,3.0809,1.0000,1.0000,1.0000,1.0000,1.0000,1.0000,1.0000,0.9915,0.7227,0.6128,1.1994,1.2545,1.1734,0.9199,1.0000,1.0000,1.0000,1.0000,1.0000,1.0000,1.0000,0.6726,1.2895,1.3712,0.8919,1.3412,1.1356,1.0270,True,2.0940,1.079007,0.080147,93.5476,85.1083
955,both,-0.264049,0.027298,-1.948988,2.051287,2.576895,0.007219,-1.132838,-2.819375,-1.633361,0.718958,-0.310359,-2.559719,0.212259,-0.898826,28.1454,37.0241,9.3794,14.1413,6.1146,8.4751,14.1243,19.5778,42.8662,19.6219,11.0914,9.0433,9.2838,10.8751,9.4891,4.1847,2.5379,3.1753,4.1866,3.7413,3.3525,6.9985,5.6802,4.6680,4.7102,2.8272,2.9600,1.6520,0.9382,1.2341,0.6253,0.9428,0.6115,0.8475,1.4124,0.6526,1.4289,1.3081,0.7394,0.9043,0.9284,1.0875,1.1861,0.5231,0.6345,0.7938,1.3955,1.2471,1.1175,0.8748,0.7100,1.1670,1.1776,0.9424,0.9867,0.5507,True,1.6340,0.827293,0.094255,179.8953,87.3332
956,right_only,0.000000,0.200000,0.000000,0.400000,0.000000,0.000000,0.000000,-0.991774,-0.374495,0.343706,2.852487,1.377117,0.256814,-0.105624,30.0000,30.0000,15.0000,15.0000,10.0000,10.0000,10.0000,20.2035,42.3656,17.3879,21.1421,11.1752,9.5448,6.3474,8.0000,8.0000,4.0000,4.0000,3.0000,3.0000,3.0000,7.1816,8.7804,5.7231,5.3172,3.0394,2.8440,1.5998,1.0000,1.0000,1.0000,1.0000,1.0000,1.0000,1.0000,0.6734,1.4122,1.1592,1.4095,1.1175,0.9545,0.6347,1.0000,1.0000,1.0000,1.0000,1.0000,1.0000,1.0000,0.8977,1.0976,1.4308,1.3293,1.0131,0.9480,0.5333,False,,0.084568,0.999214,10.4966,15.1029
957,left_only,-1.485903,3.329381,1.541614,1.217214,1.956846,-0.441173,1.162366,0.000000,-0.200000,0.000000,0.400000,0.000000,0.000000,0.000000,35.9901,15.3994,18.0830,8.7469,11.3960,8.0089,7.1209,30.0000,30.0000,15.0000,15.0000,10.0000,10.0000,10.0000,9.0247,7.4723,2.2581,5.2894,2.2984,3.3546,3.3281,8.0000,8.0000,4.0000,4.0000,3.0000,3.0000,3.0000,1.1997,0.5133,1.2055,0.5831,1.1396,0.8009,0.7121,1.0000,1.0000,1.0000,1.0000,1.0000,1.0000,1.0000,1.1281,0.9340,0.5645,1.3223,0.7661,1.1182,1.1094,1.0000,1.0000,1.0000,1.0000,1.0000,1.0000,1.0000,True,1.4280,0.986135,0.094266,178.5191,85.9671
958,both,-2.875481,3.389857,-0.121765,-0.101877,-0.494333,0.095332,-1.262279,-1.726371,-1.372672,0.927685,0.343954,-0.423480,-0.257864,-0.525678,35.6207,25.1179,11.6943,11.9784,11.1264,10.6082,9.0690,24.5189,31.1336,15.7110,19.6646,8.8793,7.8116,11.0824,9.0585,9.1424,2.0524,3.3562,2.2329,3.9874,2.3263,9.8262,11.9408,4.4732,3.9629,1.8992,4.4608,3.5550,1.1874,0.8373,0.7796,0.7986,1.1126,1.0608,0.9069,0.8173,1.0378,1.0474,1.3110,0.8879,0.7812,1.1082,1.1323,1.1428,0.5131,0.8391,0.7443,1.3291,0.7754,1.2283,1.4926,1.1183,0.9907,0.6331,1.4869,1.1850,True,1.5480,0.915527,0.091394,179.7285,81.9333
959,left_only,-2.362768,1.357580,0.516914,-0.054297,1.209093,0.139062,-0.676282,0.000000,-0.200000,0.000000,0.400000,0.000000,0.000000,0.000000,44.6927,43.4601,11.4828,14.1272,13.9479,9.0630,14.5482,30.0000,30.0000,15.0000,15.0000,10.0000,10.0000,10.0000,5.6033,9.7922,4.3980,3.3847,3.6534,1.5726,2.1926,8.0000,8.0000,4.0000,4.0000,3.0000,3.0000,3.0000,1.4898,1.4487,0.7655,0.9418,1.3948,0.9063,1.4548,1.0000,1.0000,1.0000,1.0000,1.0000,1.0000,1.0000,0.7004,1.2240,1.0995,0.8462,1.2178,0.5242,0.7309,1.0000,1.0000,1.0000,1.0000,1.0000,1.0000,1.0000,False,,0.046716,0.997980,12.0090,16.1073
960,right_only,0.000000,0.200000,0.000000,0.400000,0.000000,0.000000,0.000000,-1.909298,-2.955962,-2.817441,0.507673,-1.492738,-0.339598,-0.870431,30.0000,30.0000,15.0000,15.0000,10.0000,10.0000,10.0000,39.7880,17.8471,18.3728,8.3093,5.4063,9.4224,8.8185,8.0000,8.0000,4.0000,4.0000,3.0000,3.0000,3.0000,8.3660,9.6211,3.2392,2.7776,3.9664,1.9959,3.8954,1.0000,1.0000,1.0000,1.0000,1.0000,1.0000,1.0000,1.3263,0.5949,1.2249,0.5540,0.5406,0.9422,0.8819,1.0000,1.0000,1.0000,1.0000,1.0000,1.0000,1.0000,1.0457,1.2026,0.8098,0.6944,1.3221,0.6653,1.2985,True,1.3660,0.861776,0.084870,170.9050,84.0266
961,right_only,0.000000,0.200000,0.000000,0.400000,0.000000,0.000000,0.000000,-0.374538,-2.306181,-1.228151,0.580700,0.654619,0.443655,-0.461587,30.0000,30.0000,15.0000,15.0000,10.0000,10.0000,10.0000,43.2560,21.1544,9.1944,15.4817,14.7648,9.8486,12.9992,8.0000,8.0000,4.0000,4.0000,3.0000,3.0000,3.0000,7.7804,10.8000,5.2510,4.7448,3.3462,3.0544,4.3703,1.0000,1.0000,1.0000,1.0000,1.0000,1.0000,1.0000,1.4419,0.7051,0.6130,1.0321,1.4765,0.9849,1.2999,1.0000,1.0000,1.0000,1.0000,1.0000,1.0000,1.0000,0.9725,1.3500,1.3127,1.1862,1.1154,1.0181,1.4568,True,1.5020,0.871583,0.096176,179.9948,87.1413
962,left_only,-0.514741,0.894382,2.342171,1.775944,0.205077,0.168508,-0.383865,0.000000,-0.200000,0.000000,0.400000,0.000000,0.000000,0.000000,27.6256,20.8678,20.3253,17.4839,13.2426,8.1739,14.9544,30.0000,30.0000,15.0000,15.0000,10.0000,10.0000,10.0000,6.8577,6.8297,5.8425,4.6203,4.3003,3.3694,2.2394,8.0000,8.0000,4.0000,4.0000,3.0000,3.0000,3.0000,0.9209,0.6956,1.3550,1.1656,1.3243,0.8174,1.4954,1.0000,1.0000,1.0000,1.0000,1.0000,1.0000,1.0000,0.8572,0.8537,1.4606,1.1551,1.4334,1.1231,0.7465,1.0000,1.0000,1.0000,1.0000,1.0000,1.0000,1.0000,True,1.8020,0.811342,0.118114,179.9776,84.3784
963,both,-1.299631,2.866689,0.115249,1.978086,-2.050794,-0.092714,0.862221,1.292159,-2.174144,-2.031512,-0.853272,-2.016266,0.310493,-0.112563,23.7486,38.2698,19.4017,12.9324,14.0137,9.6311,7.6123,41.1975,40.1130,20.5778,11.7069,11.1762,8.8960,8.2077,11.1980,5.2236,5.9838,4.4530,4.2460,2.0365,2.6673,8.1610,9.7204,4.0741,2.9220,3.9225,4.4334,2.5886,0.7916,1.2757,1.2934,0.8622,1.4014,0.9631,0.7612,1.3733,1.3371,1.3719,0.7805,1.1176,0.8896,0.8208,1.3998,0.6530,1.4959,1.1133,1.4153,0.6788,0.8891,1.0201,1.2151,1.0185,0.7305,1.3075,1.4778,0.8629,True,1.4220,1.217019,0.082231,99.1079,87.2712
964,right_only,0.000000,0.200000,0.000000,0.400000,0.000000,0.000000,0.000000,0.859981,-0.134599,-1.532845,1.962919,2.655283,0.221867,-1.193745,30.0000,30.0000,15.0000,15.0000,10.0000,10.0000,10.0000,33.1356,38.3535,16.7720,7.9311,6.2017,13.0162,9.8805,8.0000,8.0000,4.0000,4.0000,3.0000,3.0000,3.0000,11.6638,7.3199,5.2868,2.1420,4.0230,4.0772,2.5862,1.0000,1.0000,1.0000,1.0000,1.0000,1.0000,1.0000,1.1045,1.2785,1.1181,0.5287,0.6202,1.3016,0.9881,1.0000,1.0000,1.0000,1.0000,1.0000,1.0000,1.0000,1.4580,0.9150,1.3217,0.5355,1.3410,1.3591,0.8621,False,,0.114119,0.997314,10.4319,16.7436
965,both,-1.682481,3.059455,1.749586,1.519528,-0.496653,0.381180,0.627944,-1.176703,-1.522398,-2.451893,2.398377,2.098205,-0.133531,-0.483479,22.5670,20.2038,21.7168,18.8855,9.3341,6.1017,6.3944,24.9116,41.8682,19.6569,18.3517,10.8740,7.6894,10.8548,9.6783,5.6246,3.3915,5.8280,3.2436,3.9250,1.8116,4.4061,5.6184,4.0731,2.0079,2.1967,1.9567,2.5365,0.7522,0.6735,1.4478,1.2590,0.9334,0.6102,0.6394,0.8304,1.3956,1.3105,1.2234,1.0874,0.7689,1.0855,1.2098,0.7031,0.8479,1.4570,1.0812,1.3083,0.6039,0.5508,0.7023,1.0183,0.5020,0.7322,0.6522,0.8455,False,,0.135504,0.996634,10.9660,20.3338
966,left_only,0.902844,3.201244,-1.724119,0.004338,1.868013,-0.302775,0.612944,0.000000,-0.200000,0.000000,0.400000,0.000000,0.000000,0.000000,17.5644,34.4492,11.4855,18.7434,10.1937,6.7889,9.0223,30.0000,30.0000,15.0000,15.0000,10.0000,10.0000,10.0000,8.1148,11.9678,3.9214,2.6050,3.1657,2.1606,4.1387,8.0000,8.0000,4.0000,4.0000,3.0000,3.0000,3.0000,0.5855,1.1483,0.7657,1.2496,1.0194,0.6789,0.9022,1.0000,1.0000,1.0000,1.0000,1.0000,1.0000,1.0000,1.0144,1.4960,0.9804,0.6512,1.0552,0.7202,1.3796,1.0000,1.0000,1.0000,1.0000,1.0000,1.0000,1.0000,True,1.3080,0.845094,0.083335,179.9829,87.9375
967,left_only,0.788461,0.106286,0.676088,1.926575,-1.560413,0.116897,-0.094771,0.000000,-0.200000,0.000000,0.400000,0.000000,0.000000,0.000000,29.4624,31.5387,16.0521,18.1470,9.5243,12.2264,9.8594,30.0000,30.0000,15.0000,15.0000,10.0000,10.0000,10.0000,9.3025,6.1049,4.1668,3.8720,2.4066,1.6869,3.0306,8.0000,8.0000,4.0000,4.0000,3.0000,3.0000,3.0000,0.9821,1.0513,1.0701,1.2098,0.9524,1.2226,0.9859,1.0000,1.0000,1.0000,1.0000,1.0000,1.0000,1.0000,1.1628,0.7631,1.0417,0.9680,0.8022,0.5623,1.0102,1.0000,1.0000,1.0000,1.0000,1.0000,1.0000,1.0000,False,,0.077323,1.002923,9.8379,18.9704
968,left_only,-3.094054,1.093558,-0.558387,1.667401,2.677591,0.331151,1.206713,0.000000,-0.200000,0.000000,0.400000,0.000000,0.000000,0.000000,43.5281,17.2234,11.7292,11.9548,5.7102,13.4665,13.9533,30.0000,30.0000,15.0000,15.0000,10.0000,10.0000,10.0000,8.8398,11.1279,4.8575,3.7622,1.9496,4.3755,3.5768,8.0000,8.0000,4.0000,4.0000,3.0000,3.0000,3.0000,1.4509,0.5741,0.7819,0.7970,0.5710,1.3467,1.3953,1.0000,1.0000,1.0000,1.0000,1.0000,1.0000,1.0000,1.1050,1.3910,1.2144,0.9406,0.6499,1.4585,1.1923,1.0000,1.0000,1.0000,1.0000,1.0000,1.0000,1.0000,True,1.7560,0.858555,0.085796,179.8258,88.3272
969,left_only,-1.471794,0.106109,1.870159,2.362322,0.117733,0.462460,-0.288492,0.000000,-0.200000,0.000000,0.400000,0.000000,0.000000,0.000000,43.2620,33.9079,18.5463,21.2562,13.3115,7.8867,13.6723,30.0000,30.0000,15.0000,15.0000,10.0000,10.0000,10.0000,8.3177,4.3586,4.6953,3.9988,3.1099,2.7346,1.6923,8.0000,8.0000,4.0000,4.0000,3.0000,3.0000,3.0000,1.4421,1.1303,1.2364,1.4171,1.3312,0.7887,1.3672,1.0000,1.0000,1.0000,1.0000,1.0000,1.0000,1.0000,1.0397,0.5448,1.1738,0.9997,1.0366,0.9115,0.5641,1.0000,1.0000,1.0000,1.0000,1.0000,1.0000,1.0000,False,,0.092194,0.999973,11.3798,16.2676
970,both,-2.291195,2.479398,-1.331923,1.642511,0.111115,-0.257706,-0.557349,-1.333397,-0.072895,2.327206,0.647300,-2.484170,0.093331,-0.209357,29.7695,28.2585,17.3186,12.0666,13.9263,9.2125,8.4166,17.4597,19.9223,13.4432,14.2201,8.7658,10.0274,12.3355,11.3836,6.8651,2.3323,2.6213,3.6429,3.1870,3.1039,9.0856,8.8903,4.2311,2.8037,3.3139,1.9754,3.6387,0.9923,0.9420,1.1546,0.8044,1.3926,0.9212,0.8417,0.5820,0.6641,0.8962,0.9480,0.8766,1.0027,1.2335,1.4229,0.8581,0.5831,0.6553,1.2143,1.0623,1.0346,1.1357,1.1113,1.0578,0.7009,1.1046,0.6585,1.2129,True,1.3980,0.924176,0.075341,179.9144,89.8300
971,right_only,0.000000,0.200000,0.000000,0.400000,0.000000,0.000000,0.000000,-1.009726,-1.202079,1.882045,0.590892,-2.175368,0.362042,-0.342941,30.0000,30.0000,15.0000,15.0000,10.0000,10.0000,10.0000,27.1957,23.8807,13.8025,15.3146,13.4331,12.2016,10.1328,8.0000,8.0000,4.0000,4.0000,3.0000,3.0000,3.0000,10.1108,10.7823,2.2326,4.3689,1.6298,2.4243,3.7872,1.0000,1.0000,1.0000,1.0000,1.0000,1.0000,1.0000,0.9065,0.7960,0.9202,1.0210,1.3433,1.2202,1.0133,1.0000,1.0000,1.0000,1.0000,1.0000,1.0000,1.0000,1.2638,1.3478,0.5581,1.0922,0.5433,0.8081,1.2624,True,1.6680,0.794378,0.121670,173.9718,83.9294
972,left_only,0.586954,2.960867,0.165009,-0.602512,-2.279717,-0.236514,-0.324656,0.000000,-0.200000,0.000000,0.400000,0.000000,0.000000,0.000000,30.7968,34.3781,9.9376,10.3345,6.7299,12.5494,8.0209,30.0000,30.0000,15.0000,15.0000,10.0000,10.0000,10.0000,5.3337,7.4510,2.9901,3.4772,3.9720,2.5017,2.0246,8.0000,8.0000,4.0000,4.0000,3.0000,3.0000,3.0000,1.0266,1.1459,0.6625,0.6890,0.6730,1.2549,0.8021,1.0000,1.0000,1.0000,1.0000,1.0000,1.0000,1.0000,0.6667,0.9314,0.7475,0.8693,1.3240,0.8339,0.6749,1.0000,1.0000,1.0000,1.0000,1.0000,1.0000,1.0000,True,1.4960,0.816872,0.095788,179.8178,86.8678
973,left_only,-2.045148,-0.250129,2.449403,1.928477,-0.341041,0.056300,-0.624609,0.000000,-0.200000,0.000000,0.400000,0.000000,0.000000,0.000000,27.1106,24.5951,19.8682,18.6514,7.8388,12.6225,5.9393,30.0000,30.0000,15.0000,15.0000,10.0000,10.0000,10.0000,5.6206,4.8510,2.9530,2.9048,4.2017,2.4822,2.5657,8.0000,8.0000,4.0000,4.0000,3.0000,3.0000,3.0000,0.9037,0.8198,1.3245,1.2434,0.7839,1.2622,0.5939,1.0000,1.0000,1.0000,1.0000,1.0000,1.0000,1.0000,0.7026,0.6064,0.7382,0.7262,1.4006,0.8274,0.8552,1.0000,1.0000,1.0000,1.0000,1.0000,1.0000,1.0000,True,3.9840,0.765024,0.606553,51.2651,61.4857
974,left_only,-2.670175,-0.130586,-1.416073,-0.394324,-1.025047,-0.290409,-0.817445,0.000000,-0.200000,0.000000,0.400000,0.000000,0.000000,0.000000,34.4261,43.2632,7.6872,18.0833,11.5920,10.8505,11.9230,30.0000,30.0000,15.0000,15.0000,10.0000,10.0000,10.0000,8.0696,11.4153,2.6329,3.8942,3.4591,4.2261,2.9623,8.0000,8.0000,4.0000,4.0000,3.0000,3.0000,3.0000,1.1475,1.4421,0.5125,1.2056,1.1592,1.0851,1.1923,1.0000,1.0000,1.0000,1.0000,1.0000,1.0000,1.0000,1.0087,1.4269,0.6582,0.9736,1.1530,1.4087,0.9874,1.0000,1.0000,1.0000,1.0000,1.0000,1.0000,1.0000,False,,0.090891,1.001878,8.4533,12.6566
975,right_only,0.000000,0.200000,0.000000,0.400000,0.000000,0.000000,0.000000,1.461652,-0.918495,0.954535,2.429196,1.477369,0.020930,0.692447,30.0000,30.0000,15.0000,15.0000,10.0000,10.0000,10.0000,16.0720,42.9830,19.8472,17.0649,5.6875,7.9492,7.5363,8.0000,8.0000,4.0000,4.0000,3.0000,3.0000,3.0000,6.0562,9.3768,5.5046,4.7265,2.6663,4.4077,4.0877,1.0000,1.0000,1.0000,1.0000,1.0000,1.0000,1.0000,0.5357,1.4328,1.3231,1.1377,0.5688,0.7949,0.7536,1.0000,1.0000,1.0000,1.0000,1.0000,1.0000,1.0000,0.7570,1.1721,1.3761,1.1816,0.8888,1.4692,1.3626,True,1.5140,0.834564,0.083490,160.7402,84.7738
976,left_only,0.088321,1.122420,1.217302,0.735020,-2.116123,0.109922,0.503180,0.000000,-0.200000,0.000000,0.400000,0.000000,0.000000,0.000000,25.4791,42.8792,20.3139,16.2428,5.6024,5.1722,11.3989,30.0000,30.0000,15.0000,15.0000,10.0000,10.0000,10.0000,10.5104,8.0028,2.0940,2.5793,2.1337,3.3833,2.9582,8.0000,8.0000,4.0000,4.0000,3.0000,3.0000,3.0000,0.8493,1.4293,1.3543,1.0829,0.5602,0.5172,1.1399,1.0000,1.0000,1.0000,1.0000,1.0000,1.0000,1.0000,1.3138,1.0004,0.5235,0.6448,0.7112,1.1278,0.9861,1.0000,1.0000,1.0000,1.0000,1.0000,1.0000,1.0000,False,,0.049823,1.000167,10.6410,16.8076
977,both,-2.658606,1.516329,2.270024,0.863545,-2.147369,0.072157,1.090640,-2.594062,-2.808779,0.203998,0.454186,2.408429,0.196807,-0.896397,41.1216,34.2688,14.9045,11.3482,11.4971,13.9849,5.3848,18.4514,21.5765,15.9581,17.7980,6.5679,9.5638,10.6204,7.0012,11.4853,3.5316,2.1435,1.8043,3.5723,3.6004,4.3976,5.7901,5.6756,5.5199,2.4674,4.1039,3.3977,1.3707,1.1423,0.9936,0.7565,1.1497,1.3985,0.5385,0.6150,0.7192,1.0639,1.1865,0.6568,0.9564,1.0620,0.8752,1.4357,0.8829,0.5359,0.6014,1.1908,1.2001,0.5497,0.7238,1.4189,1.3800,0.8225,1.3680,1.1326,True,2.3560,1.051880,0.077820,105.9279,83.1967
978,right_only,0.000000,0.200000,0.000000,0.400000,0.000000,0.000000,0.000000,1.483441,0.252308,0.488037,0.982177,-1.930463,0.028074,-0.258321,30.0000,30.0000,15.0000,15.0000,10.0000,10.0000,10.0000,34.3682,17.6847,20.0238,22.0067,7.0936,11.3278,13.0194,8.0000,8.0000,4.0000,4.0000,3.0000,3.0000,3.0000,8.4353,11.4835,4.0475,3.0822,2.9148,2.9636,2.2611,1.0000,1.0000,1.0000,1.0000,1.0000,1.0000,1.0000,1.1456,0.5895,1.3349,1.4671,0.7094,1.1328,1.3019,1.0000,1.0000,1.0000,1.0000,1.0000,1.0000,1.0000,1.0544,1.4354,1.0119,0.7705,0.9716,0.9879,0.7537,True,2.0060,0.974970,0.094994,161.0397,86.6437
979,left_only,0.566548,1.955082,-0.560011,0.791440,-0.869002,-0.048194,0.071360,0.000000,-0.200000,0.000000,0.400000,0.000000,0.000000,0.000000,24.9278,39.5447,21.4255,15.3420,12.1136,14.3054,6.9194,30.0000,30.0000,15.0000,15.0000,10.0000,10.0000,10.0000,5.5178,4.5809,3.7684,3.3246,3.1816,2.8532,2.0706,8.0000,8.0000,4.0000,4.0000,3.0000,3.0000,3.0000,0.8309,1.3182,1.4284,1.0228,1.2114,1.4305,0.6919,1.0000,1.0000,1.0000,1.0000,1.0000,1.0000,1.0000,0.6897,0.5726,0.9421,0.8311,1.0605,0.9511,0.6902,1.0000,1.0000,1.0000,1.0000,1.0000,1.0000,1.0000,True,1.5880,0.851520,0.119007,179.4505,84.2568
980,right_only,0.000000,0.200000,0.000000,0.400000,0.000000,0.000000,0.000000,-1.297541,-3.290770,0.036972,0.169478,-2.102813,-0.401582,0.544700,30.0000,30.0000,15.0000,15.0000,10.0000,10.0000,10.0000,22.4202,34.7639,19.7326,14.9998,6.3305,11.1455,5.7161,8.0000,8.0000,4.0000,4.0000,3.0000,3.0000,3.0000,10.5371,10.0923,3.6083,3.0764,3.6287,3.2016,1.9353,1.0000,1.0000,1.0000,1.0000,1.0000,1.0000,1.0000,0.7473,1.1588,1.3155,1.0000,0.6331,1.1145,0.5716,1.0000,1.0000,1.0000,1.0000,1.0000,1.0000,1.0000,1.3171,1.2615,0.9021,0.7691,1.2096,1.0672,0.6451,True,1.2620,0.884526,0.244176,158.2244,81.2609
981,right_only,0.000000,0.200000,0.000000,0.400000,0.000000,0.000000,0.000000,0.435771,-2.137574,2.058115,2.475704,-1.161316,-0.226390,-0.259361,30.0000,30.0000,15.0000,15.0000,10.0000,10.0000,10.0000,39.1345,18.9196,12.2408,17.3866,5.3349,5.5590,12.6217,8.0000,8.0000,4.0000,4.0000,3.0000,3.0000,3.0000,8.1787,8.4608,2.9955,4.1271,3.1350,2.7413,4.3933,1.0000,1.0000,1.0000,1.0000,1.0000,1.0000,1.0000,1.3045,0.6307,0.8161,1.1591,0.5335,0.5559,1.2622,1.0000,1.0000,1.0000,1.0000,1.0000,1.0000,1.0000,1.0223,1.0576,0.7489,1.0318,1.0450,0.9138,1.4644,True,1.2220,0.816908,0.096565,179.9919,86.9920
982,right_only,0.000000,0.200000,0.000000,0.400000,0.000000,0.000000,0.000000,-2.907967,-1.831572,1.851949,-0.098106,2.635586,-0.068921,-0.872239,30.0000,30.0000,15.0000,15.0000,10.0000,10.0000,10.0000,17.7930,24.8121,21.2959,21.5864,10.6326,6.1819,9.5659,8.0000,8.0000,4.0000,4.0000,3.0000,3.0000,3.0000,7.3421,5.8485,2.3041,3.5263,2.6156,3.6119,2.6827,1.0000,1.0000,1.0000,1.0000,1.0000,1.0000,1.0000,0.5931,0.8271,1.4197,1.4391,1.0633,0.6182,0.9566,1.0000,1.0000,1.0000,1.0000,1.0000,1.0000,1.0000,0.9178,0.7311,0.5760,0.8816,0.8719,1.2040,0.8942,True,2.0860,1.080186,0.082258,99.9481,84.6775
983,left_only,-3.078140,-0.304329,1.238213,1.779045,-2.086370,0.338758,0.413062,0.000000,-0.200000,0.000000,0.400000,0.000000,0.000000,0.000000,19.6217,23.6284,22.1049,13.6162,7.3677,10.2413,7.0555,30.0000,30.0000,15.0000,15.0000,10.0000,10.0000,10.0000,10.3337,10.3544,5.2034,4.4691,3.5821,2.4642,4.1367,8.0000,8.0000,4.0000,4.0000,3.0000,3.0000,3.0000,0.6541,0.7876,1.4737,0.9077,0.7368,1.0241,0.7056,1.0000,1.0000,1.0000,1.0000,1.0000,1.0000,1.0000,1.2917,1.2943,1.3008,1.1173,1.1940,0.8214,1.3789,1.0000,1.0000,1.0000,1.0000,1.0000,1.0000,1.0000,True,2.2260,1.094002,0.179642,87.4776,65.7943
984,both,-2.460999,0.581961,2.968535,3.016438,-0.086105,-0.000825,-0.973276,-0.033048,-3.282697,-1.227656,0.777953,2.399355,0.433319,1.203955,38.9651,23.6999,8.1803,13.8843,7.9740,11.5519,8.7106,31.8898,18.1218,14.5090,21.2806,7.1179,9.1462,7.7595,11.1260,6.9923,3.5120,5.0365,3.2701,2.2659,3.5301,8.2954,11.8009,3.2394,5.3313,4.0149,2.2782,3.8178,1.2988,0.7900,0.5454,0.9256,0.7974,1.1552,0.8711,1.0630,0.6041,0.9673,1.4187,0.7118,0.9146,0.7759,1.3908,0.8740,0.8780,1.2591,1.0900,0.7553,1.1767,1.0369,1.4751,0.8099,1.3328,1.3383,0.7594,1.2726,True,2.3480,1.110729,0.093348,90.7802,77.2666
985,both,1.514054,3.226200,0.774548,-0.323317,-2.322591,-0.215691,0.257335,-1.320878,-0.757701,1.456704,-0.204859,2.464494,-0.406470,-0.597082,39.4440,20.5120,10.8021,22.1348,14.1236,13.1276,6.7380,31.3142,17.1255,8.4263,10.9535,14.2560,11.3883,11.5140,6.0411,5.8813,2.7565,5.8818,1.9981,3.7401,1.6530,6.3812,9.7889,4.7262,3.8467,3.5478,4.1014,4.3811,1.3148,0.6837,0.7201,1.4757,1.4124,1.3128,0.6738,1.0438,0.5708,0.5618,0.7302,1.4256,1.1388,1.1514,0.7551,0.7352,0.6891,1.4704,0.6660,1.2467,0.5510,0.7977,1.2236,1.1816,0.9617,1.1826,1.3671,1.4604,True,1.6040,0.806458,0.157072,173.8979,79.7494
986,left_only,1.553957,1.465820,-2.474290,-0.003494,-1.876150,-0.184502,-0.354324,0.000000,-0.200000,0.000000,0.400000,0.000000,0.000000,0.000000,35.0603,30.7707,17.2462,22.0776,5.4907,5.1440,11.6551,30.0000,30.0000,15.0000,15.0000,10.0000,10.0000,10.0000,8.3700,7.8620,5.4133,2.6355,3.2209,4.2958,2.8376,8.0000,8.0000,4.0000,4.0000,3.0000,3.0000,3.0000,1.1687,1.0257,1.1497,1.4718,0.5491,0.5144,1.1655,1.0000,1.0000,1.0000,1.0000,1.0000,1.0000,1.0000,1.0463,0.9827,1.3533,0.6589,1.0736,1.4319,0.9459,1.0000,1.0000,1.0000,1.0000,1.0000,1.0000,1.0000,True,1.4840,0.859147,0.087013,179.7668,84.3789
987,left_only,-0.408597,-0.115402,-0.680132,-0.779025,0.286888,0.083689,1.145134,0.000000,-0.200000,0.000000,0.400000,0.000000,0.000000,0.000000,34.1522,15.0895,19.9985,12.4448,12.1427,7.6403,12.6022,30.0000,30.0000,15.0000,15.0000,10.0000,10.0000,10.0000,11.4199,4.6346,4.1774,4.1616,2.3593,2.5250,3.5285,8.0000,8.0000,4.0000,4.0000,3.0000,3.0000,3.0000,1.1384,0.5030,1.3332,0.8297,1.2143,0.7640,1.2602,1.0000,1.0000,1.0000,1.0000,1.0000,1.0000,1.0000,1.4275,0.5793,1.0444,1.0404,0.7864,0.8417,1.1762,1.0000,1.0000,1.0000,1.0000,1.0000,1.0000,1.0000,False,,0.109101,0.999939,7.5014,15.0731
988,both,-1.761802,-0.264229,1.701286,1.632047,-1.567380,0.426925,1.012007,1.402210,-1.463747,-1.676606,-0.232085,2.713495,0.361516,0.611981,30.3154,26.5322,18.0517,7.6429,10.2428,11.7866,12.5376,26.2182,28.9747,14.0450,14.8571,12.5260,6.4202,8.5071,7.6086,9.9611,2.3834,2.9331,1.9338,2.5195,2.5326,4.0011,4.2258,4.4257,5.5040,2.4177,2.7057,2.1296,1.0105,0.8844,1.2034,0.5095,1.0243,1.1787,1.2538,0.8739,0.9658,0.9363,0.9905,1.2526,0.6420,0.8507,0.9511,1.2451,0.5958,0.7333,0.6446,0.8398,0.8442,0.5001,0.5282,1.1064,1.3760,0.8059,0.9019,0.7099,False,,0.088954,1.000276,8.4120,15.5571
989,both,-2.467414,2.961891,0.583920,1.961133,2.069695,0.081764,-0.812078,0.219722,-0.573293,-0.662912,1.597442,0.041007,-0.154476,0.437937,22.4236,24.8241,13.5853,16.7193,13.5220,11.1492,12.2608,27.5158,35.1343,14.5484,18.4839,10.8430,6.2257,14.2471,6.3413,8.6993,2.4154,3.8531,3.5696,2.0392,4.2063,9.2805,7.7766,4.7064,3.0436,3.8069,2.7337,3.9151,0.7475,0.8275,0.9057,1.1146,1.3522,1.1149,1.2261,0.9172,1.1711,0.9699,1.2323,1.0843,0.6226,1.4247,0.7927,1.0874,0.6039,0.9633,1.1899,0.6797,1.4021,1.1601,0.9721,1.1766,0.7609,1.2690,0.9112,1.3050,True,1.3400,0.943260,0.072601,179.9136,89.4700
990,right_only,0.000000,0.200000,0.000000,0.400000,0.000000,0.000000,0.000000,-1.849210,-0.412742,2.130942,3.100790,1.723850,0.188712,0.050653,30.0000,30.0000,15.0000,15.0000,10.0000,10.0000,10.0000,18.1720,31.7956,15.9488,8.4710,11.9063,6.4894,10.9661,8.0000,8.0000,4.0000,4.0000,3.0000,3.0000,3.0000,7.7811,11.0004,2.9290,2.6848,3.1535,2.8807,1.9839,1.0000,1.0000,1.0000,1.0000,1.0000,1.0000,1.0000,0.6057,1.0599,1.0633,0.5647,1.1906,0.6489,1.0966,1.0000,1.0000,1.0000,1.0000,1.0000,1.0000,1.0000,0.9726,1.3751,0.7322,0.6712,1.0512,0.9602,0.6613,False,,0.256032,0.968691,13.1984,15.9008
991,right_only,0.000000,0.200000,0.000000,0.400000,0.000000,0.000000,0.000000,-0.249416,0.023990,1.187239,-0.084529,-1.376781,0.053244,0.450894,30.0000,30.0000,15.0000,15.0000,10.0000,10.0000,10.0000,44.3699,18.1446,15.6952,22.3106,6.1090,14.7257,9.6218,8.0000,8.0000,4.0000,4.0000,3.0000,3.0000,3.0000,9.7391,7.4022,5.3642,5.6341,2.0000,3.7417,1.5622,1.0000,1.0000,1.0000,1.0000,1.0000,1.0000,1.0000,1.4790,0.6048,1.0463,1.4874,0.6109,1.4726,0.9622,1.0000,1.0000,1.0000,1.0000,1.0000,1.0000,1.0000,1.2174,0.9253,1.3410,1.4085,0.6667,1.2472,0.5207,False,,0.058489,0.997723,10.0993,16.9316
992,right_only,0.000000,0.200000,0.000000,0.400000,0.000000,0.000000,0.000000,-1.835989,-1.312145,0.410173,0.558550,-1.192276,-0.303724,-0.661130,30.0000,30.0000,15.0000,15.0000,10.0000,10.0000,10.0000,18.9068,22.8350,19.8192,11.8128,14.0769,7.4523,9.9196,8.0000,8.0000,4.0000,4.0000,3.0000,3.0000,3.0000,5.3406,4.1368,4.5022,3.3511,2.5352,2.7233,3.8333,1.0000,1.0000,1.0000,1.0000,1.0000,1.0000,1.0000,0.6302,0.7612,1.3213,0.7875,1.4077,0.7452,0.9920,1.0000,1.0000,1.0000,1.0000,1.0000,1.0000,1.0000,0.6676,0.5171,1.1255,0.8378,0.8451,0.9078,1.2778,True,3.4640,1.086757,0.087956,82.6538,85.8050
993,left_only,-1.257217,-0.053382,-1.079467,1.429414,2.712485,-0.330089,-0.448433,0.000000,-0.200000,0.000000,0.400000,0.000000,0.000000,0.000000,29.5678,43.3393,9.1263,19.4073,12.2295,8.0644,12.7375,30.0000,30.0000,15.0000,15.0000,10.0000,10.0000,10.0000,8.5990,5.3709,3.1430,3.3134,2.4691,3.7391,3.4809,8.0000,8.0000,4.0000,4.0000,3.0000,3.0000,3.0000,0.9856,1.4446,0.6084,1.2938,1.2230,0.8064,1.2738,1.0000,1.0000,1.0000,1.0000,1.0000,1.0000,1.0000,1.0749,0.6714,0.7857,0.8283,0.8230,1.2464,1.1603,1.0000,1.0000,1.0000,1.0000,1.0000,1.0000,1.0000,False,,0.093812,1.001462,9.7343,16.0410
994,both,0.721518,1.550808,-0.672486,-0.670187,1.565700,-0.393339,-0.504280,0.010442,-0.511436,-2.621532,1.559461,-1.960080,0.237947,0.583826,37.4417,16.9127,15.8914,11.1127,9.9581,14.8941,5.9047,39.1566,43.7557,10.3418,22.3984,8.0516,5.3417,9.3624,8.7524,5.3200,4.0402,4.0836,2.8687,3.4188,4.4226,5.9696,10.0970,2.3478,4.1920,2.3682,2.1202,4.1269,1.2481,0.5638,1.0594,0.7408,0.9958,1.4894,0.5905,1.3052,1.4585,0.6895,1.4932,0.8052,0.5342,0.9362,1.0941,0.6650,1.0101,1.0209,0.9562,1.1396,1.4742,0.7462,1.2621,0.5869,1.0480,0.7894,0.7067,1.3756,True,1.3060,0.861163,0.074857,179.9933,89.4724
995,right_only,0.000000,0.200000,0.000000,0.400000,0.000000,0.000000,0.000000,-0.711970,-2.169820,1.220489,2.573677,-0.203574,-0.294035,1.255618,30.0000,30.0000,15.0000,15.0000,10.0000,10.0000,10.0000,25.7693,21.1651,9.0496,9.3578,14.4304,14.4666,10.0793,8.0000,8.0000,4.0000,4.0000,3.0000,3.0000,3.0000,9.5371,10.6611,4.2298,4.6679,4.4009,2.0176,1.9164,1.0000,1.0000,1.0000,1.0000,1.0000,1.0000,1.0000,0.8590,0.7055,0.6033,0.6239,1.4430,1.4467,1.0079,1.0000,1.0000,1.0000,1.0000,1.0000,1.0000,1.0000,1.1921,1.3326,1.0575,1.1670,1.4670,0.6725,0.6388,True,1.2960,0.825292,0.090308,179.9945,87.7184
996,right_only,0.000000,0.200000,0.000000,0.400000,0.000000,0.000000,0.000000,0.406780,-0.741419,-1.955651,0.298973,1.197069,-0.005212,0.999427,30.0000,30.0000,15.0000,15.0000,10.0000,10.0000,10.0000,40.1146,29.6136,17.5030,17.1519,5.9208,9.2559,9.3988,8.0000,8.0000,4.0000,4.0000,3.0000,3.0000,3.0000,11.1789,11.0822,2.2305,5.3807,3.3350,1.5487,2.6450,1.0000,1.0000,1.0000,1.0000,1.0000,1.0000,1.0000,1.3372,0.9871,1.1669,1.1435,0.5921,0.9256,0.9399,1.0000,1.0000,1.0000,1.0000,1.0000,1.0000,1.0000,1.3974,1.3853,0.5576,1.3452,1.1117,0.5162,0.8817,False,,0.092182,0.998687,9.2039,15.9773
997,both,1.042906,0.974123,1.175452,1.386190,0.387594,-0.017760,-0.044852,1.111460,-1.835775,-1.924692,0.783487,1.471577,-0.022901,0.589526,22.1935,32.4828,20.4649,15.4395,11.3682,11.7881,12.3968,37.2599,32.5302,9.5637,11.4196,11.1103,10.1802,12.2342,6.8023,9.0148,3.6647,3.5638,2.9256,2.7234,1.5776,7.9139,10.7571,2.3098,4.4528,2.6147,2.4205,4.3309,0.7398,1.0828,1.3643,1.0293,1.1368,1.1788,1.2397,1.2420,1.0843,0.6376,0.7613,1.1110,1.0180,1.2234,0.8503,1.1268,0.9162,0.8910,0.9752,0.9078,0.5259,0.9892,1.3446,0.5775,1.1132,0.8716,0.8068,1.4436,True,1.3300,0.903166,0.072808,179.9090,89.9955
998,both,0.928533,0.314447,-2.334332,2.631763,-2.034849,0.396131,-0.565608,-1.201110,-3.229961,0.037803,-0.170520,-0.267002,0.387950,-0.628465,34.0476,21.0597,16.6477,11.8373,11.8156,12.7062,13.8068,43.9445,19.4389,11.7500,15.3610,9.3055,9.2594,7.1711,11.3488,5.9304,2.5160,2.1941,3.6611,2.0607,3.9005,11.1137,9.4527,2.6155,2.0178,3.7880,1.5476,4.1412,1.1349,0.7020,1.1098,0.7892,1.1816,1.2706,1.3807,1.4648,0.6480,0.7833,1.0241,0.9305,0.9259,0.7171,1.4186,0.7413,0.6290,0.5485,1.2204,0.6869,1.3002,1.3892,1.1816,0.6539,0.5044,1.2627,0.5159,1.3804,True,1.3940,0.962935,0.192273,129.5493,69.8361
999,right_only,0.000000,0.200000,0.000000,0.400000,0.000000,0.000000,0.000000,-0.646401,0.115724,1.366427,2.743639,1.534390,0.070871,-0.830427,30.0000,30.0000,15.0000,15.0000,10.0000,10.0000,10.0000,36.8294,32.7692,14.3199,15.8789,7.3226,9.0443,6.2420,8.0000,8.0000,4.0000,4.0000,3.0000,3.0000,3.0000,7.2782,7.7355,5.4311,4.1087,4.2266,4.4038,1.6470,1.0000,1.0000,1.0000,1.0000,1.0000,1.0000,1.0000,1.2276,1.0923,0.9547,1.0586,0.7323,0.9044,0.6242,1.0000,1.0000,1.0000,1.0000,1.0000,1.0000,1.0000,0.9098,0.9669,1.3578,1.0272,1.4089,1.4679,0.5490,False,,0.069892,0.998599,13.1763,14.4655
